timestamp,y_true,yhat,lo,hi,horizon,train_end
2019-08-07 23:00:00+00:00,26188.0,26115.184596609997,25539.281362400183,26691.08783081981,1,2019-08-07 23:00:00+00:00
2019-08-08 00:00:00+00:00,24904.0,24880.358462875425,23826.50258840356,25934.21433734729,2,2019-08-07 23:00:00+00:00
2019-08-08 01:00:00+00:00,24261.0,24224.49402538456,22781.031688610026,25667.956362159093,3,2019-08-07 23:00:00+00:00
2019-08-08 02:00:00+00:00,24027.0,23921.134196349907,22200.713741926193,25641.55465077362,4,2019-08-07 23:00:00+00:00
2019-08-08 03:00:00+00:00,24210.0,24085.749750940136,22150.508223129622,26020.99127875065,5,2019-08-07 23:00:00+00:00
2019-08-08 04:00:00+00:00,25716.0,25465.889160076254,23356.645903922064,27575.132416230445,6,2019-08-07 23:00:00+00:00
2019-08-08 05:00:00+00:00,27248.0,26880.117233514964,24626.329417021672,29133.905050008256,7,2019-08-07 23:00:00+00:00
2019-08-08 06:00:00+00:00,29602.0,28871.769237218083,26495.909600929062,31247.628873507103,8,2019-08-07 23:00:00+00:00
2019-08-08 07:00:00+00:00,32238.0,31037.938600649144,28557.785568226976,33518.091633071315,9,2019-08-07 23:00:00+00:00
2019-08-08 08:00:00+00:00,33881.0,32427.0415754316,29857.020852435497,34997.06229842771,10,2019-08-07 23:00:00+00:00
2019-08-08 09:00:00+00:00,35091.0,33438.75299209901,30790.788688175704,36086.717296022325,11,2019-08-07 23:00:00+00:00
2019-08-08 10:00:00+00:00,36210.0,34406.732964308525,31690.820504740816,37122.64542387624,12,2019-08-07 23:00:00+00:00
2019-08-08 11:00:00+00:00,36886.0,34977.73964853955,32202.349461676553,37753.12983540255,13,2019-08-07 23:00:00+00:00
2019-08-08 12:00:00+00:00,36633.0,34606.94724158407,31779.319717459322,37434.57476570882,14,2019-08-07 23:00:00+00:00
2019-08-08 13:00:00+00:00,35928.0,33865.408410952514,30991.775842499825,36739.0409794052,15,2019-08-07 23:00:00+00:00
2019-08-08 14:00:00+00:00,35744.0,33585.36916741174,30671.1268361353,36499.61149868819,16,2019-08-07 23:00:00+00:00
2019-08-08 15:00:00+00:00,35535.0,33329.778649036234,30379.61939116863,36279.93790690384,17,2019-08-07 23:00:00+00:00
2019-08-08 16:00:00+00:00,34951.0,32824.29904123125,29842.320898925947,35806.27718353656,18,2019-08-07 23:00:00+00:00
2019-08-08 17:00:00+00:00,34158.0,32368.844101585808,29358.637690027153,35379.05051314446,19,2019-08-07 23:00:00+00:00
2019-08-08 18:00:00+00:00,33485.0,31940.233700404788,28904.953989562266,34975.51341124731,20,2019-08-07 23:00:00+00:00
2019-08-08 19:00:00+00:00,33869.0,32330.698152590663,29273.124070049344,35388.27223513198,21,2019-08-07 23:00:00+00:00
2019-08-08 20:00:00+00:00,32911.0,31514.570513071278,28437.154887786015,34591.98613835654,22,2019-08-07 23:00:00+00:00
2019-08-08 21:00:00+00:00,30610.0,29377.827405805456,26282.739150525253,32472.91566108566,23,2019-08-07 23:00:00+00:00
2019-08-08 22:00:00+00:00,28487.0,27633.74343992958,24522.90342465129,30744.583455207874,24,2019-08-07 23:00:00+00:00
2019-08-08 23:00:00+00:00,26703.0,26628.741899473596,26052.838665263782,27204.64513368341,1,2019-08-07 23:00:00+00:00
2019-08-09 00:00:00+00:00,25378.0,25299.056701933157,24245.200827461293,26352.912576405022,2,2019-08-07 23:00:00+00:00
2019-08-09 01:00:00+00:00,24689.0,24620.56871583082,23177.106379056288,26064.031052605354,3,2019-08-07 23:00:00+00:00
2019-08-09 02:00:00+00:00,24355.0,24293.1792718684,22572.758817444686,26013.599726292116,4,2019-08-07 23:00:00+00:00
2019-08-09 03:00:00+00:00,24479.0,24426.281160061462,22491.039632250948,26361.522687871977,5,2019-08-07 23:00:00+00:00
2019-08-09 04:00:00+00:00,25980.0,25779.012202363614,23669.768946209428,27888.2554585178,6,2019-08-07 23:00:00+00:00
2019-08-09 05:00:00+00:00,27528.0,27138.67980633237,24884.891989839078,29392.46762282566,7,2019-08-07 23:00:00+00:00
2019-08-09 06:00:00+00:00,29655.0,29208.83665431121,26832.97701802219,31584.69629060023,8,2019-08-07 23:00:00+00:00
2019-08-09 07:00:00+00:00,32272.0,31515.958523244688,29035.80549082252,33996.11155566686,9,2019-08-07 23:00:00+00:00
2019-08-09 08:00:00+00:00,34068.0,33022.44911308552,30452.428390089408,35592.469836081626,10,2019-08-07 23:00:00+00:00
2019-08-09 09:00:00+00:00,35309.0,34076.84397690046,31428.879672977153,36724.808280823774,11,2019-08-07 23:00:00+00:00
2019-08-09 10:00:00+00:00,36378.0,35076.78958442223,32360.87712485452,37792.70204398994,12,2019-08-07 23:00:00+00:00
2019-08-09 11:00:00+00:00,37204.0,35696.18259993713,32920.79241307413,38471.57278680013,13,2019-08-07 23:00:00+00:00
2019-08-09 12:00:00+00:00,36731.0,35411.40500722794,32583.777483103193,38239.03253135269,14,2019-08-07 23:00:00+00:00
2019-08-09 13:00:00+00:00,35914.0,34706.9230127814,31833.29044432871,37580.55558123409,15,2019-08-07 23:00:00+00:00
2019-08-09 14:00:00+00:00,35616.0,34439.66343352372,31525.421102247274,37353.90576480016,16,2019-08-07 23:00:00+00:00
2019-08-09 15:00:00+00:00,35276.0,34201.63768493427,31251.478427066668,37151.79694280188,17,2019-08-07 23:00:00+00:00
2019-08-09 16:00:00+00:00,34621.0,33667.84536674669,30685.867224441386,36649.82350905199,18,2019-08-07 23:00:00+00:00
2019-08-09 17:00:00+00:00,33854.0,33092.44874335245,30082.242331793794,36102.6551549111,19,2019-08-07 23:00:00+00:00
2019-08-09 18:00:00+00:00,33120.0,32562.723505992246,29527.443795149724,35598.00321683477,20,2019-08-07 23:00:00+00:00
2019-08-09 19:00:00+00:00,33182.0,32888.3382056689,29830.76412312758,35945.912288210224,21,2019-08-07 23:00:00+00:00
2019-08-09 20:00:00+00:00,32107.0,32070.062877878696,28992.647252593433,35147.478503163955,22,2019-08-07 23:00:00+00:00
2019-08-09 21:00:00+00:00,30045.0,29879.709696928345,26784.62144164814,32974.79795220855,23,2019-08-07 23:00:00+00:00
2019-08-09 22:00:00+00:00,28359.0,28028.48494557575,24917.644930297458,31139.324960854043,24,2019-08-07 23:00:00+00:00
2019-08-09 23:00:00+00:00,26575.0,26733.705052635323,26157.80181842551,27309.608286845138,1,2019-08-07 23:00:00+00:00
2019-08-10 00:00:00+00:00,25189.0,25471.641579796935,24417.78570532507,26525.4974542688,2,2019-08-07 23:00:00+00:00
2019-08-10 01:00:00+00:00,24237.0,24779.18584260067,23335.723505826136,26222.648179375203,3,2019-08-07 23:00:00+00:00
2019-08-10 02:00:00+00:00,23635.0,24424.57770486308,22704.157250439366,26144.998159286795,4,2019-08-07 23:00:00+00:00
2019-08-10 03:00:00+00:00,23378.0,24539.920649511565,22604.67912170105,26475.16217732208,5,2019-08-07 23:00:00+00:00
2019-08-10 04:00:00+00:00,23659.0,25907.485350002848,23798.24209384866,28016.728606157034,6,2019-08-07 23:00:00+00:00
2019-08-10 05:00:00+00:00,23814.0,27292.090236118827,25038.302419625536,29545.87805261212,7,2019-08-07 23:00:00+00:00
2019-08-10 06:00:00+00:00,25149.0,29313.69813215301,26937.83849586399,31689.55776844203,8,2019-08-07 23:00:00+00:00
2019-08-10 07:00:00+00:00,27597.0,31653.044748254884,29172.891715832717,34133.19778067705,9,2019-08-07 23:00:00+00:00
2019-08-10 08:00:00+00:00,29548.0,33229.74601341763,30659.725290421524,35799.76673641374,10,2019-08-07 23:00:00+00:00
2019-08-10 09:00:00+00:00,30516.0,34312.872107532006,31664.907803608698,36960.83641145532,11,2019-08-07 23:00:00+00:00
2019-08-10 10:00:00+00:00,31373.0,35307.861174939084,32591.948715371374,38023.7736345068,12,2019-08-07 23:00:00+00:00
2019-08-10 11:00:00+00:00,32021.0,35986.67021696913,33211.28003010613,38762.060403832125,13,2019-08-07 23:00:00+00:00
2019-08-10 12:00:00+00:00,31929.0,35624.88006647134,32797.25254234659,38452.50759059609,14,2019-08-07 23:00:00+00:00
2019-08-10 13:00:00+00:00,31193.0,34878.36130357942,32004.72873512673,37751.99387203211,15,2019-08-07 23:00:00+00:00
2019-08-10 14:00:00+00:00,30669.0,34578.94515304001,31664.702821763567,37493.187484316455,16,2019-08-07 23:00:00+00:00
2019-08-10 15:00:00+00:00,30206.0,34295.90570431806,31345.746446450456,37246.064962185665,17,2019-08-07 23:00:00+00:00
2019-08-10 16:00:00+00:00,29885.0,33728.86305327857,30746.884910973266,36710.84119558387,18,2019-08-07 23:00:00+00:00
2019-08-10 17:00:00+00:00,29632.0,33134.24912967103,30124.042718112374,36144.45554122968,19,2019-08-07 23:00:00+00:00
2019-08-10 18:00:00+00:00,29397.0,32563.33655285952,29528.056842017,35598.616263702046,20,2019-08-07 23:00:00+00:00
2019-08-10 19:00:00+00:00,30172.0,32779.0369647098,29721.46288216848,35836.61104725112,21,2019-08-07 23:00:00+00:00
2019-08-10 20:00:00+00:00,29333.0,31899.95418510712,28822.538559821856,34977.36981039238,22,2019-08-07 23:00:00+00:00
2019-08-10 21:00:00+00:00,27581.0,29780.86002521822,26685.771769938015,32875.94828049842,23,2019-08-07 23:00:00+00:00
2019-08-10 22:00:00+00:00,26022.0,28052.113143615214,24941.27312833692,31162.953158893506,24,2019-08-07 23:00:00+00:00
2019-08-10 23:00:00+00:00,24452.0,24461.19680485116,23885.293570641345,25037.100039060973,1,2019-08-07 23:00:00+00:00
2019-08-11 00:00:00+00:00,23202.0,23258.14135627143,22204.285481799565,24311.997230743294,2,2019-08-07 23:00:00+00:00
2019-08-11 01:00:00+00:00,22490.0,22584.413524560263,21140.95118778573,24027.875861334796,3,2019-08-07 23:00:00+00:00
2019-08-11 02:00:00+00:00,21944.0,22243.294395577,20522.873941153284,23963.714850000713,4,2019-08-07 23:00:00+00:00
2019-08-11 03:00:00+00:00,21752.0,22324.152521481243,20388.91099367073,24259.394049291757,5,2019-08-07 23:00:00+00:00
2019-08-11 04:00:00+00:00,21874.0,23364.956063502697,21255.712807348507,25474.199319656887,6,2019-08-07 23:00:00+00:00
2019-08-11 05:00:00+00:00,21460.0,24359.0422158301,22105.25439933681,26612.830032323393,7,2019-08-07 23:00:00+00:00
2019-08-11 06:00:00+00:00,22084.0,26194.678036557438,23818.818400268417,28570.537672846458,8,2019-08-07 23:00:00+00:00
2019-08-11 07:00:00+00:00,23709.0,28589.696065850563,26109.543033428396,31069.84909827273,9,2019-08-07 23:00:00+00:00
2019-08-11 08:00:00+00:00,25334.0,30327.202308966174,27757.18158597007,32897.22303196228,10,2019-08-07 23:00:00+00:00
2019-08-11 09:00:00+00:00,26517.0,31404.974790978133,28757.010487054824,34052.93909490144,11,2019-08-07 23:00:00+00:00
2019-08-11 10:00:00+00:00,27383.0,32402.168122682866,29686.255663115156,35118.08058225058,12,2019-08-07 23:00:00+00:00
2019-08-11 11:00:00+00:00,28111.0,33100.926257729145,30325.536070866146,35876.31644459214,13,2019-08-07 23:00:00+00:00
2019-08-11 12:00:00+00:00,28456.0,32924.69732379059,30097.069799665842,35752.32484791534,14,2019-08-07 23:00:00+00:00
2019-08-11 13:00:00+00:00,27788.0,32257.369032541148,29383.73646408846,35131.00160099383,15,2019-08-07 23:00:00+00:00
2019-08-11 14:00:00+00:00,27234.0,31932.338218400077,29018.09588712363,34846.580549676524,16,2019-08-07 23:00:00+00:00
2019-08-11 15:00:00+00:00,26865.0,31650.521999625274,28700.36274175767,34600.68125749288,17,2019-08-07 23:00:00+00:00
2019-08-11 16:00:00+00:00,26689.0,31242.773472228455,28260.795329923152,34224.75161453376,18,2019-08-07 23:00:00+00:00
2019-08-11 17:00:00+00:00,26618.0,30859.09288075057,27848.886469191915,33869.299292309224,19,2019-08-07 23:00:00+00:00
2019-08-11 18:00:00+00:00,26813.0,30492.35165390805,27457.071943065526,33527.631364750574,20,2019-08-07 23:00:00+00:00
2019-08-11 19:00:00+00:00,28331.0,30988.17477413116,27930.60069158984,34045.74885667248,21,2019-08-07 23:00:00+00:00
2019-08-11 20:00:00+00:00,28367.0,30209.67014478739,27132.254519502127,33287.08577007265,22,2019-08-07 23:00:00+00:00
2019-08-11 21:00:00+00:00,26745.0,28247.4571777182,25152.368922437996,31342.545432998402,23,2019-08-07 23:00:00+00:00
2019-08-11 22:00:00+00:00,25000.0,26605.784005425023,23494.94399014673,29716.624020703315,24,2019-08-07 23:00:00+00:00
2019-08-11 23:00:00+00:00,23604.0,23332.277607757027,22756.374373547213,23908.18084196684,1,2019-08-07 23:00:00+00:00
2019-08-12 00:00:00+00:00,22582.0,22145.234401127957,21091.37852665609,23199.09027559982,2,2019-08-07 23:00:00+00:00
2019-08-12 01:00:00+00:00,21958.0,21556.261708422295,20112.79937164776,22999.72404519683,3,2019-08-07 23:00:00+00:00
2019-08-12 02:00:00+00:00,21699.0,21234.627139657423,19514.20668523371,22955.047594081138,4,2019-08-07 23:00:00+00:00
2019-08-12 03:00:00+00:00,21981.0,21326.85250385992,19391.610976049404,23262.094031670433,5,2019-08-07 23:00:00+00:00
2019-08-12 04:00:00+00:00,23395.0,22243.673171986775,20134.42991583259,24352.91642814096,6,2019-08-07 23:00:00+00:00
2019-08-12 05:00:00+00:00,24920.0,22954.462914193213,20700.67509769992,25208.250730686505,7,2019-08-07 23:00:00+00:00
2019-08-12 06:00:00+00:00,26874.0,24496.637654102266,22120.778017813245,26872.497290391286,8,2019-08-07 23:00:00+00:00
2019-08-12 07:00:00+00:00,29034.0,26625.933829869864,24145.780797447696,29106.08686229203,9,2019-08-07 23:00:00+00:00
2019-08-12 08:00:00+00:00,30260.0,28295.76424899457,25725.743525998463,30865.784971990674,10,2019-08-07 23:00:00+00:00
2019-08-12 09:00:00+00:00,31137.0,29459.112681639188,26811.14837771588,32107.076985562497,11,2019-08-07 23:00:00+00:00
2019-08-12 10:00:00+00:00,31867.0,30462.62328535853,27746.710825790822,33178.535744926245,12,2019-08-07 23:00:00+00:00
2019-08-12 11:00:00+00:00,32331.0,31203.42210776248,28428.03192089948,33978.81229462547,13,2019-08-07 23:00:00+00:00
2019-08-12 12:00:00+00:00,31963.0,31213.853746141667,28386.226222016918,34041.48127026642,14,2019-08-07 23:00:00+00:00
2019-08-12 13:00:00+00:00,31244.0,30579.95837205412,27706.32580360143,33453.59094050681,15,2019-08-07 23:00:00+00:00
2019-08-12 14:00:00+00:00,30874.0,30235.734081770526,27321.491750494082,33149.97641304697,16,2019-08-07 23:00:00+00:00
2019-08-12 15:00:00+00:00,30502.0,29980.780449876085,27030.621192008482,32930.93970774369,17,2019-08-07 23:00:00+00:00
2019-08-12 16:00:00+00:00,30219.0,29651.0777960266,26669.099653721296,32633.0559383319,18,2019-08-07 23:00:00+00:00
2019-08-12 17:00:00+00:00,29829.0,29363.50476560856,26353.298354049904,32373.711177167213,19,2019-08-07 23:00:00+00:00
2019-08-12 18:00:00+00:00,29463.0,29181.6712332231,26146.391522380574,32216.950944065626,20,2019-08-07 23:00:00+00:00
2019-08-12 19:00:00+00:00,30506.0,29993.052838649473,26935.478756108154,33050.62692119079,21,2019-08-07 23:00:00+00:00
2019-08-12 20:00:00+00:00,29425.0,29534.38830182893,26456.972676543668,32611.803927114193,22,2019-08-07 23:00:00+00:00
2019-08-12 21:00:00+00:00,27231.0,27656.744193999362,24561.65593871916,30751.832449279565,23,2019-08-07 23:00:00+00:00
2019-08-12 22:00:00+00:00,25500.0,25969.090282893754,22858.25026761546,29079.930298172047,24,2019-08-07 23:00:00+00:00
2019-08-12 23:00:00+00:00,23949.0,24059.66367524447,23483.760441034654,24635.566909454283,1,2019-08-07 23:00:00+00:00
2019-08-13 00:00:00+00:00,22950.0,22977.011310392714,21923.15543592085,24030.86718486458,2,2019-08-07 23:00:00+00:00
2019-08-13 01:00:00+00:00,22438.0,22356.029976205056,20912.567639430523,23799.49231297959,3,2019-08-07 23:00:00+00:00
2019-08-13 02:00:00+00:00,22155.0,22062.81018245723,20342.389728033515,23783.230636880944,4,2019-08-07 23:00:00+00:00
2019-08-13 03:00:00+00:00,22405.0,22245.84468890807,20310.603161097555,24181.086216718584,5,2019-08-07 23:00:00+00:00
2019-08-13 04:00:00+00:00,23737.0,23486.685922177796,21377.442666023606,25595.929178331986,6,2019-08-07 23:00:00+00:00
2019-08-13 05:00:00+00:00,24968.0,24715.59993338646,22461.81211689317,26969.387749879752,7,2019-08-07 23:00:00+00:00
2019-08-13 06:00:00+00:00,26627.0,26584.37915846868,24208.51952217966,28960.2387947577,8,2019-08-07 23:00:00+00:00
2019-08-13 07:00:00+00:00,28566.0,28807.600547431965,26327.447515009797,31287.753579854132,9,2019-08-07 23:00:00+00:00
2019-08-13 08:00:00+00:00,29749.0,30294.174612384457,27724.15388938835,32864.195335380566,10,2019-08-07 23:00:00+00:00
2019-08-13 09:00:00+00:00,30620.0,31317.694564723934,28669.730260800625,33965.658868647246,11,2019-08-07 23:00:00+00:00
2019-08-13 10:00:00+00:00,31571.0,32224.648619641383,29508.736160073673,34940.561079209096,12,2019-08-07 23:00:00+00:00
2019-08-13 11:00:00+00:00,32242.0,32840.00894228834,30064.61875542534,35615.39912915134,13,2019-08-07 23:00:00+00:00
2019-08-13 12:00:00+00:00,31833.0,32608.24462763453,29780.61710350978,35435.87215175928,14,2019-08-07 23:00:00+00:00
2019-08-13 13:00:00+00:00,31108.0,31926.01025924114,29052.37769078845,34799.642827693824,15,2019-08-07 23:00:00+00:00
2019-08-13 14:00:00+00:00,30855.0,31597.49587344619,28683.253542169743,34511.738204722635,16,2019-08-07 23:00:00+00:00
2019-08-13 15:00:00+00:00,30618.0,31304.141180466555,28353.981922598952,34254.30043833416,17,2019-08-07 23:00:00+00:00
2019-08-13 16:00:00+00:00,30303.0,30933.37707946658,27951.398937161277,33915.35522177188,18,2019-08-07 23:00:00+00:00
2019-08-13 17:00:00+00:00,29843.0,30537.358271679474,27527.15186012082,33547.564683238124,19,2019-08-07 23:00:00+00:00
2019-08-13 18:00:00+00:00,29599.0,30181.041187600324,27145.7614767578,33216.32089844285,20,2019-08-07 23:00:00+00:00
2019-08-13 19:00:00+00:00,30740.0,30891.385975432448,27833.811892891128,33948.96005797377,21,2019-08-07 23:00:00+00:00
2019-08-13 20:00:00+00:00,29530.0,30074.585776977274,26997.17015169201,33152.00140226253,22,2019-08-07 23:00:00+00:00
2019-08-13 21:00:00+00:00,27361.0,28006.239090864412,24911.15083558421,31101.327346144615,23,2019-08-07 23:00:00+00:00
2019-08-13 22:00:00+00:00,25702.0,26300.763421748245,23189.923406469952,29411.603437026537,24,2019-08-07 23:00:00+00:00
2019-08-13 23:00:00+00:00,24161.0,24232.83802556202,23656.934791352207,24808.741259771836,1,2019-08-07 23:00:00+00:00
2019-08-14 00:00:00+00:00,23067.0,23158.143233494447,22104.287359022583,24211.999107966312,2,2019-08-07 23:00:00+00:00
2019-08-14 01:00:00+00:00,22462.0,22571.637270221145,21128.17493344661,24015.09960699568,3,2019-08-07 23:00:00+00:00
2019-08-14 02:00:00+00:00,22134.0,22268.857227260913,20548.436772837198,23989.277681684627,4,2019-08-07 23:00:00+00:00
2019-08-14 03:00:00+00:00,22429.0,22447.85254046566,20512.611012655147,24383.094068276176,5,2019-08-07 23:00:00+00:00
2019-08-14 04:00:00+00:00,23720.0,23676.20284838441,21566.959592230225,25785.446104538598,6,2019-08-07 23:00:00+00:00
2019-08-14 05:00:00+00:00,25073.0,24831.867328772863,22578.07951227957,27085.655145266155,7,2019-08-07 23:00:00+00:00
2019-08-14 06:00:00+00:00,26800.0,26600.80222252289,24224.94258623387,28976.66185881191,8,2019-08-07 23:00:00+00:00
2019-08-14 07:00:00+00:00,28812.0,28732.449657308374,26252.296624886207,31212.602689730542,9,2019-08-07 23:00:00+00:00
2019-08-14 08:00:00+00:00,30175.0,30167.066580693907,27597.0458576978,32737.087303690012,10,2019-08-07 23:00:00+00:00
2019-08-14 09:00:00+00:00,31170.0,31166.486870912842,28518.522566989534,33814.451174836155,11,2019-08-07 23:00:00+00:00
2019-08-14 10:00:00+00:00,32194.0,32127.55661535738,29411.644155789672,34843.469074925095,12,2019-08-07 23:00:00+00:00
2019-08-14 11:00:00+00:00,32986.0,32795.376568450054,30019.986381587056,35570.76675531305,13,2019-08-07 23:00:00+00:00
2019-08-14 12:00:00+00:00,32731.0,32528.721564997482,29701.094040872733,35356.34908912223,14,2019-08-07 23:00:00+00:00
2019-08-14 13:00:00+00:00,32097.0,31836.862811736297,28963.230243283608,34710.495380188986,15,2019-08-07 23:00:00+00:00
2019-08-14 14:00:00+00:00,31727.0,31542.63200615301,28628.389674876562,34456.87433742946,16,2019-08-07 23:00:00+00:00
2019-08-14 15:00:00+00:00,31491.0,31285.53005916737,28335.370801299767,34235.68931703497,17,2019-08-07 23:00:00+00:00
2019-08-14 16:00:00+00:00,31167.0,30911.83082399238,27929.852681687076,33893.808966297685,18,2019-08-07 23:00:00+00:00
2019-08-14 17:00:00+00:00,30707.0,30489.04309326443,27478.836681705776,33499.249504823085,19,2019-08-07 23:00:00+00:00
2019-08-14 18:00:00+00:00,30236.0,30173.335110612104,27138.055399769582,33208.61482145463,20,2019-08-07 23:00:00+00:00
2019-08-14 19:00:00+00:00,31063.0,30958.724406314504,27901.150323773185,34016.29848885583,21,2019-08-07 23:00:00+00:00
2019-08-14 20:00:00+00:00,29849.0,30060.308752348727,26982.893127063464,33137.72437763399,22,2019-08-07 23:00:00+00:00
2019-08-14 21:00:00+00:00,27803.0,27983.36756385829,24888.279308578087,31078.455819138493,23,2019-08-07 23:00:00+00:00
2019-08-14 22:00:00+00:00,26221.0,26298.910626477715,23188.070611199422,29409.750641756007,24,2019-08-07 23:00:00+00:00
2019-08-14 23:00:00+00:00,24640.0,24732.969287295182,24157.066053085367,25308.872521504996,1,2019-08-07 23:00:00+00:00
2019-08-15 00:00:00+00:00,23411.0,23607.45910735551,22553.603232883645,24661.314981827374,2,2019-08-07 23:00:00+00:00
2019-08-15 01:00:00+00:00,22695.0,22973.370731342206,21529.908394567672,24416.83306811674,3,2019-08-07 23:00:00+00:00
2019-08-15 02:00:00+00:00,22206.0,22634.71364899493,20914.293194571215,24355.134103418644,4,2019-08-07 23:00:00+00:00
2019-08-15 03:00:00+00:00,22030.0,22817.89364054016,20882.652112729644,24753.135168350673,5,2019-08-07 23:00:00+00:00
2019-08-15 04:00:00+00:00,22214.0,24024.636552634576,21915.39329648039,26133.879808788763,6,2019-08-07 23:00:00+00:00
2019-08-15 05:00:00+00:00,22116.0,25214.96866419766,22961.180847704367,27468.75648069095,7,2019-08-07 23:00:00+00:00
2019-08-15 06:00:00+00:00,22782.0,26976.846136448774,24600.986500159754,29352.705772737794,8,2019-08-07 23:00:00+00:00
2019-08-15 07:00:00+00:00,24363.0,29093.804539707962,26613.651507285795,31573.95757213013,9,2019-08-07 23:00:00+00:00
2019-08-15 08:00:00+00:00,25893.0,30545.807558610573,27975.786835614468,33115.82828160668,10,2019-08-07 23:00:00+00:00
2019-08-15 09:00:00+00:00,27121.0,31558.737369022747,28910.773065099438,34206.70167294606,11,2019-08-07 23:00:00+00:00
2019-08-15 10:00:00+00:00,28016.0,32530.58917494851,29814.6767153808,35246.50163451622,12,2019-08-07 23:00:00+00:00
2019-08-15 11:00:00+00:00,28810.0,33228.92283668338,30453.53264982038,36004.313023546376,13,2019-08-07 23:00:00+00:00
2019-08-15 12:00:00+00:00,28962.0,32987.13333831913,30159.50581419438,35814.76086244388,14,2019-08-07 23:00:00+00:00
2019-08-15 13:00:00+00:00,28404.0,32311.81571297375,29438.18314452106,35185.448281426434,15,2019-08-07 23:00:00+00:00
2019-08-15 14:00:00+00:00,27948.0,31969.111966186672,29054.869634910225,34883.35429746312,16,2019-08-07 23:00:00+00:00
2019-08-15 15:00:00+00:00,27620.0,31704.042257735917,28753.882999868314,34654.20151560352,17,2019-08-07 23:00:00+00:00
2019-08-15 16:00:00+00:00,27426.0,31324.19376560132,28342.21562329602,34306.171907906624,18,2019-08-07 23:00:00+00:00
2019-08-15 17:00:00+00:00,27171.0,30887.010234738016,27876.80382317936,33897.21664629667,19,2019-08-07 23:00:00+00:00
2019-08-15 18:00:00+00:00,27306.0,30489.251337359656,27453.971626517134,33524.53104820218,20,2019-08-07 23:00:00+00:00
2019-08-15 19:00:00+00:00,28648.0,31197.350389956813,28139.776307415494,34254.92447249813,21,2019-08-07 23:00:00+00:00
2019-08-15 20:00:00+00:00,28511.0,30250.130074492412,27172.71444920715,33327.54569977767,22,2019-08-07 23:00:00+00:00
2019-08-15 21:00:00+00:00,26912.0,28198.172053901275,25103.08379862107,31293.260309181478,23,2019-08-07 23:00:00+00:00
2019-08-15 22:00:00+00:00,25413.0,26537.280936281462,23426.44092100317,29648.120951559755,24,2019-08-07 23:00:00+00:00
2019-08-15 23:00:00+00:00,23958.0,23860.863787690152,23284.960553480338,24436.767021899966,1,2019-08-07 23:00:00+00:00
2019-08-16 00:00:00+00:00,22896.0,22714.516139574265,21660.6602651024,23768.37201404613,2,2019-08-07 23:00:00+00:00
2019-08-16 01:00:00+00:00,22271.0,22094.00488260887,20650.542545834338,23537.467219383405,3,2019-08-07 23:00:00+00:00
2019-08-16 02:00:00+00:00,21952.0,21746.33980098899,20025.919346565275,23466.760255412704,4,2019-08-07 23:00:00+00:00
2019-08-16 03:00:00+00:00,22158.0,21818.89893796868,19883.657410158165,23754.140465779194,5,2019-08-07 23:00:00+00:00
2019-08-16 04:00:00+00:00,23235.0,22679.836522463964,20570.593266309777,24789.07977861815,6,2019-08-07 23:00:00+00:00
2019-08-16 05:00:00+00:00,24367.0,23407.892973105383,21154.10515661209,25661.680789598675,7,2019-08-07 23:00:00+00:00
2019-08-16 06:00:00+00:00,25934.0,24821.15512513383,22445.29548884481,27197.01476142285,8,2019-08-07 23:00:00+00:00
2019-08-16 07:00:00+00:00,28004.0,26805.808137089454,24325.655104667287,29285.961169511622,9,2019-08-07 23:00:00+00:00
2019-08-16 08:00:00+00:00,29478.0,28341.1869717601,25771.166248763995,30911.207694756205,10,2019-08-07 23:00:00+00:00
2019-08-16 09:00:00+00:00,30502.0,29468.379175819337,26820.414871896028,32116.343479742645,11,2019-08-07 23:00:00+00:00
2019-08-16 10:00:00+00:00,31413.0,30431.034018216484,27715.121558648774,33146.94647778419,12,2019-08-07 23:00:00+00:00
2019-08-16 11:00:00+00:00,32408.0,31170.973816518377,28395.58362965538,33946.36400338137,13,2019-08-07 23:00:00+00:00
2019-08-16 12:00:00+00:00,32494.0,31101.84612542874,28274.21860130399,33929.47364955349,14,2019-08-07 23:00:00+00:00
2019-08-16 13:00:00+00:00,32114.0,30485.219331600092,27611.586763147403,33358.85190005278,15,2019-08-07 23:00:00+00:00
2019-08-16 14:00:00+00:00,31863.0,30132.790320771834,27218.547989495386,33047.03265204828,16,2019-08-07 23:00:00+00:00
2019-08-16 15:00:00+00:00,31616.0,29861.58917806139,26911.429920193787,32811.748435928996,17,2019-08-07 23:00:00+00:00
2019-08-16 16:00:00+00:00,31198.0,29557.76656439643,26575.788422091126,32539.74470670173,18,2019-08-07 23:00:00+00:00
2019-08-16 17:00:00+00:00,30798.0,29212.594565691696,26202.38815413304,32222.80097725035,19,2019-08-07 23:00:00+00:00
2019-08-16 18:00:00+00:00,30465.0,29043.98272775458,26008.70301691206,32079.262438597103,20,2019-08-07 23:00:00+00:00
2019-08-16 19:00:00+00:00,31326.0,29971.478735062083,26913.904652520763,33029.052817603406,21,2019-08-07 23:00:00+00:00
2019-08-16 20:00:00+00:00,30118.0,29396.872530538705,26319.456905253443,32474.288155823968,22,2019-08-07 23:00:00+00:00
2019-08-16 21:00:00+00:00,28231.0,27523.664897706505,24428.576642426302,30618.75315298671,23,2019-08-07 23:00:00+00:00
2019-08-16 22:00:00+00:00,26567.0,25918.53818192747,22807.698166649177,29029.378197205762,24,2019-08-07 23:00:00+00:00
2019-08-16 23:00:00+00:00,24949.0,25039.82979710868,24463.926562898865,25615.733031318494,1,2019-08-07 23:00:00+00:00
2019-08-17 00:00:00+00:00,23592.0,23863.561962395066,22809.7060879232,24917.41783686693,2,2019-08-07 23:00:00+00:00
2019-08-17 01:00:00+00:00,22715.0,23196.923383960857,21753.461047186323,24640.38572073539,3,2019-08-07 23:00:00+00:00
2019-08-17 02:00:00+00:00,22162.0,22829.56411203258,21109.143657608867,24549.984566456296,4,2019-08-07 23:00:00+00:00
2019-08-17 03:00:00+00:00,22136.0,22948.784239024913,21013.5427112144,24884.025766835428,5,2019-08-07 23:00:00+00:00
2019-08-17 04:00:00+00:00,22540.0,23990.04845497523,21880.805198821043,26099.291711129415,6,2019-08-07 23:00:00+00:00
2019-08-17 05:00:00+00:00,22547.0,25004.24481128418,22750.45699479089,27258.032627777473,7,2019-08-07 23:00:00+00:00
2019-08-17 06:00:00+00:00,23631.0,26597.776980721002,24221.917344431982,28973.636617010023,8,2019-08-07 23:00:00+00:00
2019-08-17 07:00:00+00:00,25928.0,28659.993020302325,26179.839987880157,31140.146052724493,9,2019-08-07 23:00:00+00:00
2019-08-17 08:00:00+00:00,27808.0,30128.991155687683,27558.970432691578,32699.01187868379,10,2019-08-07 23:00:00+00:00
2019-08-17 09:00:00+00:00,29059.0,31152.198064265034,28504.233760341725,33800.16236818834,11,2019-08-07 23:00:00+00:00
2019-08-17 10:00:00+00:00,30077.0,32071.342280952613,29355.429821384903,34787.25474052032,12,2019-08-07 23:00:00+00:00
2019-08-17 11:00:00+00:00,30940.0,32851.92965125934,30076.539464396345,35627.31983812234,13,2019-08-07 23:00:00+00:00
2019-08-17 12:00:00+00:00,31038.0,32750.212517496126,29922.584993371376,35577.840041620875,14,2019-08-07 23:00:00+00:00
2019-08-17 13:00:00+00:00,30522.0,32170.524015611714,29296.891447159025,35044.1565840644,15,2019-08-07 23:00:00+00:00
2019-08-17 14:00:00+00:00,30033.0,31846.253974714375,28932.011643437927,34760.49630599082,16,2019-08-07 23:00:00+00:00
2019-08-17 15:00:00+00:00,29704.0,31566.12152602864,28615.962268161034,34516.28078389625,17,2019-08-07 23:00:00+00:00
2019-08-17 16:00:00+00:00,29402.0,31165.96768098641,28183.989538681108,34147.94582329171,18,2019-08-07 23:00:00+00:00
2019-08-17 17:00:00+00:00,29015.0,30752.047917194894,27741.84150563624,33762.254328753545,19,2019-08-07 23:00:00+00:00
2019-08-17 18:00:00+00:00,28944.0,30426.503576423875,27391.22386558135,33461.7832872664,20,2019-08-07 23:00:00+00:00
2019-08-17 19:00:00+00:00,30009.0,31207.703462788842,28150.129380247523,34265.277545330166,21,2019-08-07 23:00:00+00:00
2019-08-17 20:00:00+00:00,29037.0,30278.300579218343,27200.88495393308,33355.7162045036,22,2019-08-07 23:00:00+00:00
2019-08-17 21:00:00+00:00,27152.0,28313.359481705676,25218.271226425473,31408.44773698588,23,2019-08-07 23:00:00+00:00
2019-08-17 22:00:00+00:00,25581.0,26640.93946557087,23530.09945029258,29751.779480849164,24,2019-08-07 23:00:00+00:00
2019-08-17 23:00:00+00:00,24000.0,24079.213136098442,23503.309901888628,24655.116370308257,1,2019-08-07 23:00:00+00:00
2019-08-18 00:00:00+00:00,22817.0,22897.81866896321,21843.962794491345,23951.674543435074,2,2019-08-07 23:00:00+00:00
2019-08-18 01:00:00+00:00,22075.0,22204.088792432634,20760.6264556581,23647.551129207168,3,2019-08-07 23:00:00+00:00
2019-08-18 02:00:00+00:00,21699.0,21813.48273321619,20093.062278792477,23533.903187639906,4,2019-08-07 23:00:00+00:00
2019-08-18 03:00:00+00:00,21546.0,21912.057025409227,19976.815497598713,23847.29855321974,5,2019-08-07 23:00:00+00:00
2019-08-18 04:00:00+00:00,21482.0,22764.481402109843,20655.238145955656,24873.72465826403,6,2019-08-07 23:00:00+00:00
2019-08-18 05:00:00+00:00,21145.0,23434.53562859031,21180.74781209702,25688.323445083603,7,2019-08-07 23:00:00+00:00
2019-08-18 06:00:00+00:00,21735.0,24894.793867213793,22518.934230924773,27270.653503502814,8,2019-08-07 23:00:00+00:00
2019-08-18 07:00:00+00:00,23337.0,27081.681048984872,24601.528016562705,29561.83408140704,9,2019-08-07 23:00:00+00:00
2019-08-18 08:00:00+00:00,24979.0,28737.308132310078,26167.287409313973,31307.328855306183,10,2019-08-07 23:00:00+00:00
2019-08-18 09:00:00+00:00,26411.0,29879.962132475426,27231.997828552117,32527.926436398735,11,2019-08-07 23:00:00+00:00
2019-08-18 10:00:00+00:00,27527.0,30872.163706488092,28156.251246920383,33588.076166055806,12,2019-08-07 23:00:00+00:00
2019-08-18 11:00:00+00:00,28376.0,31665.67830517263,28890.288118309632,34441.06849203563,13,2019-08-07 23:00:00+00:00
2019-08-18 12:00:00+00:00,28942.0,31623.66459239556,28796.03706827081,34451.29211652031,14,2019-08-07 23:00:00+00:00
2019-08-18 13:00:00+00:00,28392.0,31050.122298746766,28176.489730294077,33923.75486719945,15,2019-08-07 23:00:00+00:00
2019-08-18 14:00:00+00:00,27955.0,30677.745545130732,27763.503213854285,33591.98787640718,16,2019-08-07 23:00:00+00:00
2019-08-18 15:00:00+00:00,27550.0,30399.19387089392,27449.034613026313,33349.353128761526,17,2019-08-07 23:00:00+00:00
2019-08-18 16:00:00+00:00,27329.0,30064.172015736047,27082.193873430744,33046.150158041346,18,2019-08-07 23:00:00+00:00
2019-08-18 17:00:00+00:00,27200.0,29680.871213565653,26670.664802007,32691.077625124308,19,2019-08-07 23:00:00+00:00
2019-08-18 18:00:00+00:00,27349.0,29471.751117454125,26436.4714066116,32507.03082829665,20,2019-08-07 23:00:00+00:00
2019-08-18 19:00:00+00:00,28888.0,30358.194488868223,27300.620406326903,33415.76857140954,21,2019-08-07 23:00:00+00:00
2019-08-18 20:00:00+00:00,28695.0,29499.42734014879,26422.01171486353,32576.842965434054,22,2019-08-07 23:00:00+00:00
2019-08-18 21:00:00+00:00,27161.0,27564.412666531123,24469.32441125092,30659.500921811326,23,2019-08-07 23:00:00+00:00
2019-08-18 22:00:00+00:00,25568.0,25944.966674138293,22834.12665886,29055.806689416586,24,2019-08-07 23:00:00+00:00
2019-08-18 23:00:00+00:00,23932.0,23963.27879892801,23387.375564718197,24539.182033137826,1,2019-08-07 23:00:00+00:00
2019-08-19 00:00:00+00:00,22869.0,22778.454780222255,21724.59890575039,23832.31065469412,2,2019-08-07 23:00:00+00:00
2019-08-19 01:00:00+00:00,22252.0,22105.657215687064,20662.19487891253,23549.119552461598,3,2019-08-07 23:00:00+00:00
2019-08-19 02:00:00+00:00,22051.0,21754.571076915137,20034.150622491423,23474.991531338852,4,2019-08-07 23:00:00+00:00
2019-08-19 03:00:00+00:00,22417.0,21788.020786307083,19852.77925849657,23723.262314117597,5,2019-08-07 23:00:00+00:00
2019-08-19 04:00:00+00:00,24163.0,22411.915124180636,20302.671868026446,24521.158380334826,6,2019-08-07 23:00:00+00:00
2019-08-19 05:00:00+00:00,25949.0,22871.392894800745,20617.605078307453,25125.180711294037,7,2019-08-07 23:00:00+00:00
2019-08-19 06:00:00+00:00,28061.0,24103.16892993169,21727.30929364267,26479.02856622071,8,2019-08-07 23:00:00+00:00
2019-08-19 07:00:00+00:00,30273.0,26050.322739117364,23570.169706695197,28530.47577153953,9,2019-08-07 23:00:00+00:00
2019-08-19 08:00:00+00:00,31778.0,27645.492700338866,25075.47197734276,30215.51342333497,10,2019-08-07 23:00:00+00:00
2019-08-19 09:00:00+00:00,32834.0,28864.348484285056,26216.384180361747,31512.312788208365,11,2019-08-07 23:00:00+00:00
2019-08-19 10:00:00+00:00,33763.0,29892.605341371516,27176.692881803807,32608.517800939226,12,2019-08-07 23:00:00+00:00
2019-08-19 11:00:00+00:00,34607.0,30687.41106887287,27912.02088200987,33462.80125573587,13,2019-08-07 23:00:00+00:00
2019-08-19 12:00:00+00:00,34468.0,30829.457885970318,28001.83036184557,33657.08541009507,14,2019-08-07 23:00:00+00:00
2019-08-19 13:00:00+00:00,33775.0,30248.743920417408,27375.11135196472,33122.3764888701,15,2019-08-07 23:00:00+00:00
2019-08-19 14:00:00+00:00,33350.0,29878.454609370714,26964.212278094266,32792.69694064716,16,2019-08-07 23:00:00+00:00
2019-08-19 15:00:00+00:00,32983.0,29564.253729466247,26614.094471598644,32514.41298733385,17,2019-08-07 23:00:00+00:00
2019-08-19 16:00:00+00:00,32248.0,29260.770305329745,26278.792163024442,32242.748447635047,18,2019-08-07 23:00:00+00:00
2019-08-19 17:00:00+00:00,31640.0,28968.313794010708,25958.107382452054,31978.520205569363,19,2019-08-07 23:00:00+00:00
2019-08-19 18:00:00+00:00,31438.0,28854.230744327026,25818.951033484504,31889.510455169548,20,2019-08-07 23:00:00+00:00
2019-08-19 19:00:00+00:00,32493.0,29932.455448139437,26874.881365598118,32990.02953068076,21,2019-08-07 23:00:00+00:00
2019-08-19 20:00:00+00:00,30867.0,29338.893748363644,26261.47812307838,32416.309373648906,22,2019-08-07 23:00:00+00:00
2019-08-19 21:00:00+00:00,28659.0,27535.33570385578,24440.247448575577,30630.423959135984,23,2019-08-07 23:00:00+00:00
2019-08-19 22:00:00+00:00,26851.0,25912.734847149106,22801.894831870814,29023.5748624274,24,2019-08-07 23:00:00+00:00
2019-08-19 23:00:00+00:00,25221.0,25253.596159803274,24677.69292559346,25829.499394013088,1,2019-08-07 23:00:00+00:00
2019-08-20 00:00:00+00:00,24119.0,24067.50694344704,23013.651068975174,25121.362817918904,2,2019-08-07 23:00:00+00:00
2019-08-20 01:00:00+00:00,23615.0,23363.697387621527,21920.235050846994,24807.15972439606,3,2019-08-07 23:00:00+00:00
2019-08-20 02:00:00+00:00,23313.0,23008.3968538338,21287.976399410087,24728.817308257516,4,2019-08-07 23:00:00+00:00
2019-08-20 03:00:00+00:00,23507.0,23144.805327380054,21209.56379956954,25080.04685519057,5,2019-08-07 23:00:00+00:00
2019-08-20 04:00:00+00:00,25069.0,24277.434903055037,22168.19164690085,26386.678159209223,6,2019-08-07 23:00:00+00:00
2019-08-20 05:00:00+00:00,26697.0,25347.941389348714,23094.153572855423,27601.729205842006,7,2019-08-07 23:00:00+00:00
2019-08-20 06:00:00+00:00,28428.0,26996.375912140502,24620.51627585148,29372.235548429522,8,2019-08-07 23:00:00+00:00
2019-08-20 07:00:00+00:00,30428.0,29071.34460359376,26591.191571171592,31551.497636015927,9,2019-08-07 23:00:00+00:00
2019-08-20 08:00:00+00:00,31774.0,30576.801780150283,28006.781057154178,33146.82250314639,10,2019-08-07 23:00:00+00:00
2019-08-20 09:00:00+00:00,32671.0,31643.113485728718,28995.14918180541,34291.07778965203,11,2019-08-07 23:00:00+00:00
2019-08-20 10:00:00+00:00,33531.0,32573.563494033286,29857.651034465576,35289.475953600995,12,2019-08-07 23:00:00+00:00
2019-08-20 11:00:00+00:00,34036.0,33334.181317852555,30558.791130989557,36109.57150471555,13,2019-08-07 23:00:00+00:00
2019-08-20 12:00:00+00:00,33425.0,33238.1561287594,30410.528604634652,36065.78365288415,14,2019-08-07 23:00:00+00:00
2019-08-20 13:00:00+00:00,32561.0,32574.620099621356,29700.987531168666,35448.25266807404,15,2019-08-07 23:00:00+00:00
2019-08-20 14:00:00+00:00,32087.0,32167.039319645537,29252.79698836909,35081.281650921985,16,2019-08-07 23:00:00+00:00
2019-08-20 15:00:00+00:00,31787.0,31823.671450371203,28873.512192503596,34773.830708238806,17,2019-08-07 23:00:00+00:00
2019-08-20 16:00:00+00:00,31173.0,31315.424222647467,28333.446080342164,34297.402364952766,18,2019-08-07 23:00:00+00:00
2019-08-20 17:00:00+00:00,30572.0,30842.57744100358,27832.371029444927,33852.783852562236,19,2019-08-07 23:00:00+00:00
2019-08-20 18:00:00+00:00,30518.0,30608.266270791446,27572.98655994892,33643.54598163397,20,2019-08-07 23:00:00+00:00
2019-08-20 19:00:00+00:00,31533.0,31544.54921063068,28486.97512808936,34602.123293172,21,2019-08-07 23:00:00+00:00
2019-08-20 20:00:00+00:00,29957.0,30460.666242132338,27383.250616847075,33538.0818674176,22,2019-08-07 23:00:00+00:00
2019-08-20 21:00:00+00:00,27859.0,28425.282063915318,25330.193808635115,31520.37031919552,23,2019-08-07 23:00:00+00:00
2019-08-20 22:00:00+00:00,26134.0,26707.437920536784,23596.59790525849,29818.277935815076,24,2019-08-07 23:00:00+00:00
2019-08-20 23:00:00+00:00,24614.0,24582.1218593916,24006.218625181784,25158.025093601413,1,2019-08-07 23:00:00+00:00
2019-08-21 00:00:00+00:00,23576.0,23441.811479083633,22387.95560461177,24495.6673535555,2,2019-08-07 23:00:00+00:00
2019-08-21 01:00:00+00:00,23124.0,22838.670879023957,21395.208542249424,24282.13321579849,3,2019-08-07 23:00:00+00:00
2019-08-21 02:00:00+00:00,22950.0,22512.844040610413,20792.4235861867,24233.264495034127,4,2019-08-07 23:00:00+00:00
2019-08-21 03:00:00+00:00,23232.0,22660.097299633664,20724.85577182315,24595.33882744418,5,2019-08-07 23:00:00+00:00
2019-08-21 04:00:00+00:00,24791.0,23845.07054997977,21735.827293825583,25954.313806133956,6,2019-08-07 23:00:00+00:00
2019-08-21 05:00:00+00:00,26394.0,24987.89017879179,22734.102362298498,27241.67799528508,7,2019-08-07 23:00:00+00:00
2019-08-21 06:00:00+00:00,28023.0,26594.503415712737,24218.643779423717,28970.363052001758,8,2019-08-07 23:00:00+00:00
2019-08-21 07:00:00+00:00,29935.0,28645.60218883773,26165.44915641556,31125.755221259897,9,2019-08-07 23:00:00+00:00
2019-08-21 08:00:00+00:00,31210.0,30127.15317948708,27557.132456490974,32697.173902483184,10,2019-08-07 23:00:00+00:00
2019-08-21 09:00:00+00:00,31987.0,31166.535313169443,28518.571009246134,33814.499617092755,11,2019-08-07 23:00:00+00:00
2019-08-21 10:00:00+00:00,33039.0,32101.927311325067,29386.014851757358,34817.83977089278,12,2019-08-07 23:00:00+00:00
2019-08-21 11:00:00+00:00,33611.0,32779.18459032343,30003.79440346043,35554.574777186426,13,2019-08-07 23:00:00+00:00
2019-08-21 12:00:00+00:00,33433.0,32534.46779525751,29706.84027113276,35362.095319382264,14,2019-08-07 23:00:00+00:00
2019-08-21 13:00:00+00:00,32792.0,31831.029525313323,28957.396956860634,34704.66209376601,15,2019-08-07 23:00:00+00:00
2019-08-21 14:00:00+00:00,32586.0,31427.688521343316,28513.44619006687,34341.930852619764,16,2019-08-07 23:00:00+00:00
2019-08-21 15:00:00+00:00,32232.0,31128.31968984193,28178.160431974327,34078.47894770953,17,2019-08-07 23:00:00+00:00
2019-08-21 16:00:00+00:00,31805.0,30656.827138218705,27674.848995913402,33638.80528052401,18,2019-08-07 23:00:00+00:00
2019-08-21 17:00:00+00:00,31235.0,30189.977815028822,27179.771403470168,33200.18422658747,19,2019-08-07 23:00:00+00:00
2019-08-21 18:00:00+00:00,30950.0,30032.4338387655,26997.15412792298,33067.71354960802,20,2019-08-07 23:00:00+00:00
2019-08-21 19:00:00+00:00,31888.0,30987.513174589065,27929.939092047745,34045.087257130384,21,2019-08-07 23:00:00+00:00
2019-08-21 20:00:00+00:00,30182.0,29870.945684779716,26793.530059494453,32948.361310064975,22,2019-08-07 23:00:00+00:00
2019-08-21 21:00:00+00:00,28184.0,27869.968429378067,24774.880174097863,30965.05668465827,23,2019-08-07 23:00:00+00:00
2019-08-21 22:00:00+00:00,26429.0,26186.271484421817,23075.431469143525,29297.11149970011,24,2019-08-07 23:00:00+00:00
2019-08-21 23:00:00+00:00,24985.0,24875.317023224678,24299.413789014863,25451.220257434492,1,2019-08-07 23:00:00+00:00
2019-08-22 00:00:00+00:00,23833.0,23721.701596437324,22667.84572196546,24775.55747090919,2,2019-08-07 23:00:00+00:00
2019-08-22 01:00:00+00:00,23260.0,23128.36864004506,21684.906303270527,24571.830976819594,3,2019-08-07 23:00:00+00:00
2019-08-22 02:00:00+00:00,22960.0,22831.710270852844,21111.28981642913,24552.13072527656,4,2019-08-07 23:00:00+00:00
2019-08-22 03:00:00+00:00,23241.0,22997.656710452757,21062.415182642242,24932.89823826327,5,2019-08-07 23:00:00+00:00
2019-08-22 04:00:00+00:00,24707.0,24210.980801851027,22101.737545696837,26320.224058005217,6,2019-08-07 23:00:00+00:00
2019-08-22 05:00:00+00:00,26232.0,25388.75023739153,23134.96242089824,27642.538053884822,7,2019-08-07 23:00:00+00:00
2019-08-22 06:00:00+00:00,27978.0,26958.164145502105,24582.304509213085,29334.023781791126,8,2019-08-07 23:00:00+00:00
2019-08-22 07:00:00+00:00,30221.0,28955.938526053313,26475.785493631145,31436.09155847548,9,2019-08-07 23:00:00+00:00
2019-08-22 08:00:00+00:00,31543.0,30380.503400585978,27810.48267758987,32950.52412358209,10,2019-08-07 23:00:00+00:00
2019-08-22 09:00:00+00:00,32680.0,31345.141354241754,28697.177050318445,33993.10565816506,11,2019-08-07 23:00:00+00:00
2019-08-22 10:00:00+00:00,33616.0,32327.418287478184,29611.505827910474,35043.3307470459,12,2019-08-07 23:00:00+00:00
2019-08-22 11:00:00+00:00,34362.0,32995.01850560314,30219.628318740142,35770.40869246614,13,2019-08-07 23:00:00+00:00
2019-08-22 12:00:00+00:00,33960.0,32848.903412736,30021.27588861125,35676.53093686075,14,2019-08-07 23:00:00+00:00
2019-08-22 13:00:00+00:00,33140.0,32194.789473694767,29321.15690524208,35068.42204214745,15,2019-08-07 23:00:00+00:00
2019-08-22 14:00:00+00:00,32814.0,31868.866213982124,28954.62388270568,34783.10854525857,16,2019-08-07 23:00:00+00:00
2019-08-22 15:00:00+00:00,32472.0,31540.157833705176,28589.998575837573,34490.31709157278,17,2019-08-07 23:00:00+00:00
2019-08-22 16:00:00+00:00,32036.0,31108.932953068954,28126.95481076365,34090.91109537426,18,2019-08-07 23:00:00+00:00
2019-08-22 17:00:00+00:00,31442.0,30627.64779003344,27617.441378474785,33637.85420159209,19,2019-08-07 23:00:00+00:00
2019-08-22 18:00:00+00:00,31162.0,30391.50750089264,27356.227790050118,33426.787211735165,20,2019-08-07 23:00:00+00:00
2019-08-22 19:00:00+00:00,32192.0,31318.483575181563,28260.909492640243,34376.057657722886,21,2019-08-07 23:00:00+00:00
2019-08-22 20:00:00+00:00,30548.0,30089.9288678261,27012.513242540837,33167.34449311136,22,2019-08-07 23:00:00+00:00
2019-08-22 21:00:00+00:00,28403.0,28105.78273906948,25010.694483789277,31200.870994349683,23,2019-08-07 23:00:00+00:00
2019-08-22 22:00:00+00:00,26684.0,26399.414757841,23288.57474256271,29510.254773119294,24,2019-08-07 23:00:00+00:00
2019-08-22 23:00:00+00:00,25080.0,25191.022319821383,24615.119085611568,25766.925554031197,1,2019-08-07 23:00:00+00:00
2019-08-23 00:00:00+00:00,23937.0,24038.858072309675,22985.00219783781,25092.71394678154,2,2019-08-07 23:00:00+00:00
2019-08-23 01:00:00+00:00,23328.0,23407.03174015671,21963.56940338218,24850.494076931245,3,2019-08-07 23:00:00+00:00
2019-08-23 02:00:00+00:00,22961.0,23067.802128731906,21347.38167430819,24788.22258315562,4,2019-08-07 23:00:00+00:00
2019-08-23 03:00:00+00:00,23233.0,23236.077643363533,21300.83611555302,25171.319171174047,5,2019-08-07 23:00:00+00:00
2019-08-23 04:00:00+00:00,24679.0,24448.017395062045,22338.77413890786,26557.26065121623,6,2019-08-07 23:00:00+00:00
2019-08-23 05:00:00+00:00,26150.0,25640.39725128068,23386.609434787388,27894.18506777397,7,2019-08-07 23:00:00+00:00
2019-08-23 06:00:00+00:00,27768.0,27249.39934338214,24873.53970709312,29625.25897967116,8,2019-08-07 23:00:00+00:00
2019-08-23 07:00:00+00:00,30111.0,29346.211994399346,26866.058961977178,31826.365026821513,9,2019-08-07 23:00:00+00:00
2019-08-23 08:00:00+00:00,31641.0,30759.91813086525,28189.897407869146,33329.93885386136,10,2019-08-07 23:00:00+00:00
2019-08-23 09:00:00+00:00,32720.0,31822.254493108172,29174.290189184863,34470.218797031484,11,2019-08-07 23:00:00+00:00
2019-08-23 10:00:00+00:00,33731.0,32763.36668226442,30047.45422269671,35479.27914183213,12,2019-08-07 23:00:00+00:00
2019-08-23 11:00:00+00:00,34456.0,33474.042838315036,30698.652651452037,36249.433025178034,13,2019-08-07 23:00:00+00:00
2019-08-23 12:00:00+00:00,34043.0,33235.90851743783,30408.280993313077,36063.53604156258,14,2019-08-07 23:00:00+00:00
2019-08-23 13:00:00+00:00,33119.0,32512.036040362083,29638.403471909394,35385.66860881477,15,2019-08-07 23:00:00+00:00
2019-08-23 14:00:00+00:00,32745.0,32151.401104029854,29237.158772753406,35065.6434353063,16,2019-08-07 23:00:00+00:00
2019-08-23 15:00:00+00:00,32509.0,31817.692743546882,28867.53348567928,34767.85200141449,17,2019-08-07 23:00:00+00:00
2019-08-23 16:00:00+00:00,31969.0,31377.929582946563,28395.95144064126,34359.90772525186,18,2019-08-07 23:00:00+00:00
2019-08-23 17:00:00+00:00,31387.0,30871.341868025527,27861.135456466873,33881.54827958418,19,2019-08-07 23:00:00+00:00
2019-08-23 18:00:00+00:00,31035.0,30625.65232397033,27590.37261312781,33660.93203481285,20,2019-08-07 23:00:00+00:00
2019-08-23 19:00:00+00:00,31900.0,31582.243259351035,28524.669176809715,34639.817341892354,21,2019-08-07 23:00:00+00:00
2019-08-23 20:00:00+00:00,30090.0,30311.433223133743,27234.01759784848,33388.848848419,22,2019-08-07 23:00:00+00:00
2019-08-23 21:00:00+00:00,28018.0,28268.118870808208,25173.030615528005,31363.20712608841,23,2019-08-07 23:00:00+00:00
2019-08-23 22:00:00+00:00,26580.0,26564.43530094752,23453.595285669227,29675.275316225812,24,2019-08-07 23:00:00+00:00
2019-08-23 23:00:00+00:00,25223.0,25188.678777868103,24612.77554365829,25764.582012077917,1,2019-08-07 23:00:00+00:00
2019-08-24 00:00:00+00:00,23916.0,24085.71208941753,23031.856214945667,25139.567963889396,2,2019-08-07 23:00:00+00:00
2019-08-24 01:00:00+00:00,23112.0,23446.849118439175,22003.38678166464,24890.31145521371,3,2019-08-07 23:00:00+00:00
2019-08-24 02:00:00+00:00,22543.0,23086.330016905064,21365.90956248135,24806.750471328778,4,2019-08-07 23:00:00+00:00
2019-08-24 03:00:00+00:00,22223.0,23263.55318930883,21328.311661498316,25198.794717119345,5,2019-08-07 23:00:00+00:00
2019-08-24 04:00:00+00:00,22567.0,24498.32047917651,22389.077223022323,26607.563735330696,6,2019-08-07 23:00:00+00:00
2019-08-24 05:00:00+00:00,22786.0,25711.22933022543,23457.441513732138,27965.01714671872,7,2019-08-07 23:00:00+00:00
2019-08-24 06:00:00+00:00,23758.0,27289.61648014002,24913.756843851,29665.47611642904,8,2019-08-07 23:00:00+00:00
2019-08-24 07:00:00+00:00,26004.0,29439.263528970925,26959.110496548758,31919.416561393093,9,2019-08-07 23:00:00+00:00
2019-08-24 08:00:00+00:00,27905.0,30914.965663546103,28344.944940549998,33484.98638654221,10,2019-08-07 23:00:00+00:00
2019-08-24 09:00:00+00:00,28994.0,31964.3532758609,29316.38897193759,34612.31757978421,11,2019-08-07 23:00:00+00:00
2019-08-24 10:00:00+00:00,29881.0,32930.53189926086,30214.61943969315,35646.44435882857,12,2019-08-07 23:00:00+00:00
2019-08-24 11:00:00+00:00,30599.0,33636.80799109332,30861.417804230325,36412.19817795632,13,2019-08-07 23:00:00+00:00
2019-08-24 12:00:00+00:00,30492.0,33372.94248715465,30545.3149630299,36200.5700112794,14,2019-08-07 23:00:00+00:00
2019-08-24 13:00:00+00:00,29839.0,32598.37381905809,29724.741250605402,35472.00638751078,15,2019-08-07 23:00:00+00:00
2019-08-24 14:00:00+00:00,29203.0,32223.70877684119,29309.466445564743,35137.95110811764,16,2019-08-07 23:00:00+00:00
2019-08-24 15:00:00+00:00,28852.0,31926.164833472547,28976.005575604944,34876.32409134015,17,2019-08-07 23:00:00+00:00
2019-08-24 16:00:00+00:00,28604.0,31448.4162666528,28466.438124347496,34430.394408958105,18,2019-08-07 23:00:00+00:00
2019-08-24 17:00:00+00:00,28448.0,30934.273903114576,27924.06749155592,33944.48031467323,19,2019-08-07 23:00:00+00:00
2019-08-24 18:00:00+00:00,28572.0,30657.457148514604,27622.177437672082,33692.73685935713,20,2019-08-07 23:00:00+00:00
2019-08-24 19:00:00+00:00,29702.0,31562.956808070925,28505.382725529606,34620.530890612245,21,2019-08-07 23:00:00+00:00
2019-08-24 20:00:00+00:00,28268.0,30184.677254446568,27107.261629161305,33262.09287973183,22,2019-08-07 23:00:00+00:00
2019-08-24 21:00:00+00:00,26695.0,28154.189496473162,25059.10124119296,31249.277751753365,23,2019-08-07 23:00:00+00:00
2019-08-24 22:00:00+00:00,25205.0,26549.209322981234,23438.369307702942,29660.049338259527,24,2019-08-07 23:00:00+00:00
2019-08-24 23:00:00+00:00,23712.0,23785.513616420103,23209.61038221029,24361.416850629917,1,2019-08-07 23:00:00+00:00
2019-08-25 00:00:00+00:00,22589.0,22594.040083109732,21540.184208637867,23647.895957581597,2,2019-08-07 23:00:00+00:00
2019-08-25 01:00:00+00:00,21944.0,21964.983916493307,20521.521579718774,23408.44625326784,3,2019-08-07 23:00:00+00:00
2019-08-25 02:00:00+00:00,21410.0,21604.643413143698,19884.222958719984,23325.063867567413,4,2019-08-07 23:00:00+00:00
2019-08-25 03:00:00+00:00,21216.0,21650.22302618157,19714.981498371057,23585.464553992086,5,2019-08-07 23:00:00+00:00
2019-08-25 04:00:00+00:00,21366.0,22580.35111648705,20471.107860332864,24689.594372641237,6,2019-08-07 23:00:00+00:00
2019-08-25 05:00:00+00:00,21142.0,23436.888098771262,21183.10028227797,25690.675915264554,7,2019-08-07 23:00:00+00:00
2019-08-25 06:00:00+00:00,21537.0,24846.633384331806,22470.773748042786,27222.493020620826,8,2019-08-07 23:00:00+00:00
2019-08-25 07:00:00+00:00,23213.0,27041.71932972653,24561.56629730436,29521.872362148697,9,2019-08-07 23:00:00+00:00
2019-08-25 08:00:00+00:00,24869.0,28711.15048831953,26141.129765323425,31281.171211315635,10,2019-08-07 23:00:00+00:00
2019-08-25 09:00:00+00:00,26189.0,29818.171331885234,27170.207027961926,32466.135635808543,11,2019-08-07 23:00:00+00:00
2019-08-25 10:00:00+00:00,26980.0,30792.89323607138,28076.98077650367,33508.805695639094,12,2019-08-07 23:00:00+00:00
2019-08-25 11:00:00+00:00,27850.0,31544.080745717725,28768.690558854727,34319.47093258072,13,2019-08-07 23:00:00+00:00
2019-08-25 12:00:00+00:00,28239.0,31414.504611323508,28586.877087198758,34242.13213544826,14,2019-08-07 23:00:00+00:00
2019-08-25 13:00:00+00:00,27625.0,30759.291321914247,27885.658753461557,33632.92389036693,15,2019-08-07 23:00:00+00:00
2019-08-25 14:00:00+00:00,27098.0,30328.490073779147,27414.247742502703,33242.73240505559,16,2019-08-07 23:00:00+00:00
2019-08-25 15:00:00+00:00,26727.0,30033.41331192333,27083.254054055727,32983.57256979094,17,2019-08-07 23:00:00+00:00
2019-08-25 16:00:00+00:00,26418.0,29687.407259426855,26705.429117121552,32669.385401732157,18,2019-08-07 23:00:00+00:00
2019-08-25 17:00:00+00:00,26298.0,29350.789693658953,26340.5832821003,32360.996105217608,19,2019-08-07 23:00:00+00:00
2019-08-25 18:00:00+00:00,26846.0,29266.874900092298,26231.595189249776,32302.15461093482,20,2019-08-07 23:00:00+00:00
2019-08-25 19:00:00+00:00,28690.0,30291.91382696679,27234.33974442547,33349.48790950811,21,2019-08-07 23:00:00+00:00
2019-08-25 20:00:00+00:00,28187.0,29022.534563944122,25945.11893865886,32099.950189229385,22,2019-08-07 23:00:00+00:00
2019-08-25 21:00:00+00:00,26597.0,27192.809581828784,24097.72132654858,30287.897837108987,23,2019-08-07 23:00:00+00:00
2019-08-25 22:00:00+00:00,24978.0,25614.706442152234,22503.86642687394,28725.546457430526,24,2019-08-07 23:00:00+00:00
2019-08-25 23:00:00+00:00,23726.0,23417.60602570263,22841.702791492815,23993.509259912444,1,2019-08-07 23:00:00+00:00
2019-08-26 00:00:00+00:00,22843.0,22293.29587840901,21239.440003937147,23347.151752880876,2,2019-08-07 23:00:00+00:00
2019-08-26 01:00:00+00:00,22468.0,21698.950866145024,20255.48852937049,23142.413202919557,3,2019-08-07 23:00:00+00:00
2019-08-26 02:00:00+00:00,22229.0,21324.181379679947,19603.760925256232,23044.60183410366,4,2019-08-07 23:00:00+00:00
2019-08-26 03:00:00+00:00,22745.0,21368.48680232997,19433.245274519457,23303.728330140486,5,2019-08-07 23:00:00+00:00
2019-08-26 04:00:00+00:00,24798.0,22154.320322021857,20045.07706586767,24263.563578176043,6,2019-08-07 23:00:00+00:00
2019-08-26 05:00:00+00:00,27171.0,22770.371623248462,20516.58380675517,25024.159439741754,7,2019-08-07 23:00:00+00:00
2019-08-26 06:00:00+00:00,29288.0,23916.435033851405,21540.575397562385,26292.294670140425,8,2019-08-07 23:00:00+00:00
2019-08-26 07:00:00+00:00,31387.0,25911.74075435731,23431.587721935142,28391.893786779478,9,2019-08-07 23:00:00+00:00
2019-08-26 08:00:00+00:00,32898.0,27521.285265020677,24951.264542024568,30091.305988016786,10,2019-08-07 23:00:00+00:00
2019-08-26 09:00:00+00:00,33890.0,28708.7472561324,26060.78295220909,31356.711560055708,11,2019-08-07 23:00:00+00:00
2019-08-26 10:00:00+00:00,34667.0,29637.289634035515,26921.377174467805,32353.202093603224,12,2019-08-07 23:00:00+00:00
2019-08-26 11:00:00+00:00,35051.0,30438.591186467653,27663.200999604654,33213.98137333065,13,2019-08-07 23:00:00+00:00
2019-08-26 12:00:00+00:00,34492.0,30490.188944977588,27662.56142085284,33317.81646910234,14,2019-08-07 23:00:00+00:00
2019-08-26 13:00:00+00:00,33554.0,29848.84499278103,26975.21242432834,32722.477561233718,15,2019-08-07 23:00:00+00:00
2019-08-26 14:00:00+00:00,33188.0,29431.14099683109,26516.898665554647,32345.383328107535,16,2019-08-07 23:00:00+00:00
2019-08-26 15:00:00+00:00,33052.0,29121.41168257181,26171.252424704206,32071.57094043941,17,2019-08-07 23:00:00+00:00
2019-08-26 16:00:00+00:00,32283.0,28765.315279681774,25783.33713737647,31747.293421987077,18,2019-08-07 23:00:00+00:00
2019-08-26 17:00:00+00:00,31646.0,28463.972899100147,25453.766487541492,31474.1793106588,19,2019-08-07 23:00:00+00:00
2019-08-26 18:00:00+00:00,31752.0,28558.676475727912,25523.39676488539,31593.956186570435,20,2019-08-07 23:00:00+00:00
2019-08-26 19:00:00+00:00,32775.0,29853.990943996163,26796.416861454843,32911.565026537486,21,2019-08-07 23:00:00+00:00
2019-08-26 20:00:00+00:00,30681.0,28899.305997218416,25821.890371933154,31976.72162250368,22,2019-08-07 23:00:00+00:00
2019-08-26 21:00:00+00:00,28354.0,27095.3746951041,24000.286439823896,30190.462950384303,23,2019-08-07 23:00:00+00:00
2019-08-26 22:00:00+00:00,26579.0,25481.532008283884,22370.691993005592,28592.372023562177,24,2019-08-07 23:00:00+00:00
2019-08-26 23:00:00+00:00,25061.0,25164.99030661516,24589.087072405346,25740.893540824974,1,2019-08-07 23:00:00+00:00
2019-08-27 00:00:00+00:00,24095.0,24071.277651509867,23017.421777038002,25125.13352598173,2,2019-08-07 23:00:00+00:00
2019-08-27 01:00:00+00:00,23541.0,23480.201060444007,22036.738723669474,24923.66339721854,3,2019-08-07 23:00:00+00:00
2019-08-27 02:00:00+00:00,23217.0,23108.231535842133,21387.81108141842,24828.651990265847,4,2019-08-07 23:00:00+00:00
2019-08-27 03:00:00+00:00,23467.0,23299.49332383404,21364.251796023527,25234.734851644556,5,2019-08-07 23:00:00+00:00
2019-08-27 04:00:00+00:00,25254.0,24616.74911053896,22507.50585438477,26725.99236669315,6,2019-08-07 23:00:00+00:00
2019-08-27 05:00:00+00:00,27283.0,25992.81113855182,23739.02332205853,28246.598955045112,7,2019-08-07 23:00:00+00:00
2019-08-27 06:00:00+00:00,29255.0,27598.351056801457,25222.491420512437,29974.210693090477,8,2019-08-07 23:00:00+00:00
2019-08-27 07:00:00+00:00,31358.0,29642.54822523388,27162.395192811713,32122.70125765605,9,2019-08-07 23:00:00+00:00
2019-08-27 08:00:00+00:00,32589.0,31145.491340845092,28575.470617848987,33715.5120638412,10,2019-08-07 23:00:00+00:00
2019-08-27 09:00:00+00:00,33547.0,32174.38518117993,29526.42087725662,34822.34948510324,11,2019-08-07 23:00:00+00:00
2019-08-27 10:00:00+00:00,34320.0,33026.709883364274,30310.797423796565,35742.62234293199,12,2019-08-07 23:00:00+00:00
2019-08-27 11:00:00+00:00,34415.0,33610.375786095865,30834.985599232867,36385.76597295886,13,2019-08-07 23:00:00+00:00
2019-08-27 12:00:00+00:00,33526.0,33314.21295409302,30486.58542996827,36141.84047821777,14,2019-08-07 23:00:00+00:00
2019-08-27 13:00:00+00:00,32615.0,32513.75259348738,29640.120025034692,35387.38516194007,15,2019-08-07 23:00:00+00:00
2019-08-27 14:00:00+00:00,32208.0,32097.090340329552,29182.84800905311,35011.332671606,16,2019-08-07 23:00:00+00:00
2019-08-27 15:00:00+00:00,31817.0,31823.42231123925,28873.263053371647,34773.58156910686,17,2019-08-07 23:00:00+00:00
2019-08-27 16:00:00+00:00,31404.0,31268.58916185243,28286.611019547126,34250.56730415773,18,2019-08-07 23:00:00+00:00
2019-08-27 17:00:00+00:00,30992.0,30766.879795588593,27756.67338402994,33777.086207147244,19,2019-08-07 23:00:00+00:00
2019-08-27 18:00:00+00:00,31131.0,30724.355700811488,27689.075989968966,33759.63541165401,20,2019-08-07 23:00:00+00:00
2019-08-27 19:00:00+00:00,32180.0,31759.619990136645,28702.045907595326,34817.194072677965,21,2019-08-07 23:00:00+00:00
2019-08-27 20:00:00+00:00,30207.0,30256.83479103275,27179.419165747488,33334.25041631801,22,2019-08-07 23:00:00+00:00
2019-08-27 21:00:00+00:00,28000.0,28184.536821439935,25089.448566159732,31279.625076720138,23,2019-08-07 23:00:00+00:00
2019-08-27 22:00:00+00:00,26172.0,26485.88307719758,23375.04306191929,29596.723092475873,24,2019-08-07 23:00:00+00:00
2019-08-27 23:00:00+00:00,24719.0,24641.274779118274,24065.37154490846,25217.178013328088,1,2019-08-07 23:00:00+00:00
2019-08-28 00:00:00+00:00,23651.0,23550.755031556222,22496.899157084357,24604.610906028087,2,2019-08-07 23:00:00+00:00
2019-08-28 01:00:00+00:00,23216.0,22965.057270913047,21521.594934138513,24408.51960768758,3,2019-08-07 23:00:00+00:00
2019-08-28 02:00:00+00:00,23035.0,22620.205681906864,20899.78522748315,24340.62613633058,4,2019-08-07 23:00:00+00:00
2019-08-28 03:00:00+00:00,23373.0,22795.21409674404,20859.972568933525,24730.455624554554,5,2019-08-07 23:00:00+00:00
2019-08-28 04:00:00+00:00,25203.0,24145.73474373681,22036.49148758262,26254.977999891,6,2019-08-07 23:00:00+00:00
2019-08-28 05:00:00+00:00,27288.0,25557.761152907296,23303.973336414005,27811.54896940059,7,2019-08-07 23:00:00+00:00
2019-08-28 06:00:00+00:00,29222.0,27208.2153634985,24832.35572720948,29584.07499978752,8,2019-08-07 23:00:00+00:00
2019-08-28 07:00:00+00:00,31349.0,29291.965887564795,26811.812855142627,31772.118919986962,9,2019-08-07 23:00:00+00:00
2019-08-28 08:00:00+00:00,32691.0,30724.529554394278,28154.50883139817,33294.550277390386,10,2019-08-07 23:00:00+00:00
2019-08-28 09:00:00+00:00,33802.0,31764.52106250439,29116.556758581082,34412.4853664277,11,2019-08-07 23:00:00+00:00
2019-08-28 10:00:00+00:00,34647.0,32632.44265612313,29916.53019655542,35348.35511569084,12,2019-08-07 23:00:00+00:00
2019-08-28 11:00:00+00:00,35111.0,33111.92439379805,30336.53420693505,35887.31458066105,13,2019-08-07 23:00:00+00:00
2019-08-28 12:00:00+00:00,34732.0,32687.526480392193,29859.898956267443,35515.154004516946,14,2019-08-07 23:00:00+00:00
2019-08-28 13:00:00+00:00,33853.0,31902.011842670498,29028.37927421781,34775.64441112318,15,2019-08-07 23:00:00+00:00
2019-08-28 14:00:00+00:00,33593.0,31498.202948257313,28583.96061698087,34412.44527953376,16,2019-08-07 23:00:00+00:00
2019-08-28 15:00:00+00:00,33140.0,31170.015408411015,28219.85615054341,34120.17466627862,17,2019-08-07 23:00:00+00:00
2019-08-28 16:00:00+00:00,32707.0,30735.72344383034,27753.745301525036,33717.70158613564,18,2019-08-07 23:00:00+00:00
2019-08-28 17:00:00+00:00,32021.0,30316.206110262465,27305.99969870381,33326.41252182112,19,2019-08-07 23:00:00+00:00
2019-08-28 18:00:00+00:00,31981.0,30321.310873320675,27286.031162478153,33356.5905841632,20,2019-08-07 23:00:00+00:00
2019-08-28 19:00:00+00:00,33043.0,31380.584849678962,28323.010767137643,34438.158932220285,21,2019-08-07 23:00:00+00:00
2019-08-28 20:00:00+00:00,30908.0,29862.524238644895,26785.108613359633,32939.93986393016,22,2019-08-07 23:00:00+00:00
2019-08-28 21:00:00+00:00,28684.0,27816.015436440957,24720.927181160754,30911.10369172116,23,2019-08-07 23:00:00+00:00
2019-08-28 22:00:00+00:00,27004.0,26102.389792364644,22991.54977708635,29213.229807642936,24,2019-08-07 23:00:00+00:00
2019-08-28 23:00:00+00:00,25460.0,25589.253934443204,25013.35070023339,26165.15716865302,1,2019-08-07 23:00:00+00:00
2019-08-29 00:00:00+00:00,24358.0,24476.244214759783,23422.38834028792,25530.100089231648,2,2019-08-07 23:00:00+00:00
2019-08-29 01:00:00+00:00,23824.0,23883.70976175776,22440.247424983227,25327.172098532294,3,2019-08-07 23:00:00+00:00
2019-08-29 02:00:00+00:00,23602.0,23541.37123173141,21820.950777307695,25261.791686155124,4,2019-08-07 23:00:00+00:00
2019-08-29 03:00:00+00:00,23834.0,23708.602299606762,21773.360771796248,25643.843827417277,5,2019-08-07 23:00:00+00:00
2019-08-29 04:00:00+00:00,25658.0,25083.10768341348,22973.864427259294,27192.350939567667,6,2019-08-07 23:00:00+00:00
2019-08-29 05:00:00+00:00,27772.0,26548.93426264132,24295.14644614803,28802.72207913461,7,2019-08-07 23:00:00+00:00
2019-08-29 06:00:00+00:00,29675.0,28184.550537571355,25808.690901282334,30560.410173860375,8,2019-08-07 23:00:00+00:00
2019-08-29 07:00:00+00:00,31886.0,30240.085041567585,27759.932009145417,32720.238073989753,9,2019-08-07 23:00:00+00:00
2019-08-29 08:00:00+00:00,33250.0,31650.17890486839,29080.158181872284,34220.199627864495,10,2019-08-07 23:00:00+00:00
2019-08-29 09:00:00+00:00,34459.0,32699.838105551324,30051.873801628015,35347.802409474636,11,2019-08-07 23:00:00+00:00
2019-08-29 10:00:00+00:00,35522.0,33548.47752599009,30832.565066422383,36264.389985557806,12,2019-08-07 23:00:00+00:00
2019-08-29 11:00:00+00:00,36068.0,34081.19277076135,31305.802583898352,36856.58295762435,13,2019-08-07 23:00:00+00:00
2019-08-29 12:00:00+00:00,35513.0,33752.492910550325,30924.865386425576,36580.120434675075,14,2019-08-07 23:00:00+00:00
2019-08-29 13:00:00+00:00,34565.0,32934.492160976944,30060.859592524255,35808.12472942963,15,2019-08-07 23:00:00+00:00
2019-08-29 14:00:00+00:00,34134.0,32556.521260203972,29642.278928927524,35470.76359148042,16,2019-08-07 23:00:00+00:00
2019-08-29 15:00:00+00:00,33903.0,32172.758909105458,29222.599651237855,35122.91816697306,17,2019-08-07 23:00:00+00:00
2019-08-29 16:00:00+00:00,33346.0,31709.94490659492,28727.966764289617,34691.92304890022,18,2019-08-07 23:00:00+00:00
2019-08-29 17:00:00+00:00,32852.0,31169.874401500638,28159.667989941983,34180.08081305929,19,2019-08-07 23:00:00+00:00
2019-08-29 18:00:00+00:00,32710.0,31105.75447392433,28070.47476308181,34141.03418476685,20,2019-08-07 23:00:00+00:00
2019-08-29 19:00:00+00:00,33564.0,32148.08020873749,29090.50612619617,35205.65429127881,21,2019-08-07 23:00:00+00:00
2019-08-29 20:00:00+00:00,31546.0,30495.240905865092,27417.82528057983,33572.65653115035,22,2019-08-07 23:00:00+00:00
2019-08-29 21:00:00+00:00,29527.0,28404.22373477918,25309.13547949898,31499.311990059385,23,2019-08-07 23:00:00+00:00
2019-08-29 22:00:00+00:00,27637.0,26712.343585998155,23601.503570719862,29823.183601276447,24,2019-08-07 23:00:00+00:00
2019-08-29 23:00:00+00:00,26031.0,25984.62033294804,25408.717098738227,26560.523567157856,1,2019-08-07 23:00:00+00:00
2019-08-30 00:00:00+00:00,24827.0,24761.727049810826,23707.87117533896,25815.58292428269,2,2019-08-07 23:00:00+00:00
2019-08-30 01:00:00+00:00,24278.0,24144.455309205907,22700.992972431373,25587.91764598044,3,2019-08-07 23:00:00+00:00
2019-08-30 02:00:00+00:00,23938.0,23800.610961377475,22080.19050695376,25521.03141580119,4,2019-08-07 23:00:00+00:00
2019-08-30 03:00:00+00:00,24134.0,23944.477068488777,22009.235540678263,25879.71859629929,5,2019-08-07 23:00:00+00:00
2019-08-30 04:00:00+00:00,25900.0,25367.766134625406,23258.522878471216,27477.009390779596,6,2019-08-07 23:00:00+00:00
2019-08-30 05:00:00+00:00,27977.0,26915.87480966981,24662.08699317652,29169.662626163103,7,2019-08-07 23:00:00+00:00
2019-08-30 06:00:00+00:00,29652.0,28572.186012828734,26196.326376539713,30948.045649117754,8,2019-08-07 23:00:00+00:00
2019-08-30 07:00:00+00:00,32032.0,30661.69269845515,28181.539666032982,33141.84573087732,9,2019-08-07 23:00:00+00:00
2019-08-30 08:00:00+00:00,33570.0,32066.16743413724,29496.146711141133,34636.18815713335,10,2019-08-07 23:00:00+00:00
2019-08-30 09:00:00+00:00,34884.0,33154.12468095504,30506.160377031734,35802.088984878355,11,2019-08-07 23:00:00+00:00
2019-08-30 10:00:00+00:00,36009.0,34076.42491717731,31360.512457609602,36792.337376745025,12,2019-08-07 23:00:00+00:00
2019-08-30 11:00:00+00:00,36648.0,34625.835454307584,31850.445267444586,37401.22564117058,13,2019-08-07 23:00:00+00:00
2019-08-30 12:00:00+00:00,36163.0,34223.34507350782,31395.717549383073,37050.97259763257,14,2019-08-07 23:00:00+00:00
2019-08-30 13:00:00+00:00,35219.0,33369.00483999056,30495.372271537868,36242.63740844325,15,2019-08-07 23:00:00+00:00
2019-08-30 14:00:00+00:00,34907.0,32940.586455243334,30026.34412396689,35854.82878651978,16,2019-08-07 23:00:00+00:00
2019-08-30 15:00:00+00:00,34549.0,32624.76787883869,29674.60862097109,35574.9271367063,17,2019-08-07 23:00:00+00:00
2019-08-30 16:00:00+00:00,33769.0,32117.76036889323,29135.782226587926,35099.738511198535,18,2019-08-07 23:00:00+00:00
2019-08-30 17:00:00+00:00,32866.0,31625.543902327594,28615.33749076894,34635.750313886245,19,2019-08-07 23:00:00+00:00
2019-08-30 18:00:00+00:00,32639.0,31524.7831268682,28489.503416025676,34560.06283771072,20,2019-08-07 23:00:00+00:00
2019-08-30 19:00:00+00:00,33190.0,32491.845112907424,29434.271030366104,35549.41919544875,21,2019-08-07 23:00:00+00:00
2019-08-30 20:00:00+00:00,31040.0,30818.074579623342,27740.65895433808,33895.4902049086,22,2019-08-07 23:00:00+00:00
2019-08-30 21:00:00+00:00,28990.0,28781.82547856955,25686.737223289347,31876.913733849753,23,2019-08-07 23:00:00+00:00
2019-08-30 22:00:00+00:00,27349.0,27013.397286734526,23902.557271456233,30124.237302012818,24,2019-08-07 23:00:00+00:00
2019-08-30 23:00:00+00:00,25732.0,25874.062531687545,25298.15929747773,26449.96576589736,1,2019-08-07 23:00:00+00:00
2019-08-31 00:00:00+00:00,24579.0,24716.404347670734,23662.54847319887,25770.2602221426,2,2019-08-07 23:00:00+00:00
2019-08-31 01:00:00+00:00,23909.0,24113.784341094688,22670.322004320155,25557.24667786922,3,2019-08-07 23:00:00+00:00
2019-08-31 02:00:00+00:00,23380.0,23750.66456745831,22030.244113034594,25471.085021882023,4,2019-08-07 23:00:00+00:00
2019-08-31 03:00:00+00:00,22933.0,23900.146564951247,21964.905037140732,25835.38809276176,5,2019-08-07 23:00:00+00:00
2019-08-31 04:00:00+00:00,23054.0,25359.954553238265,23250.711297084075,27469.197809392455,6,2019-08-07 23:00:00+00:00
2019-08-31 05:00:00+00:00,23623.0,26972.50833678244,24718.72052028915,29226.296153275733,7,2019-08-07 23:00:00+00:00
2019-08-31 06:00:00+00:00,24482.0,28583.96877633757,26208.10914004855,30959.82841262659,8,2019-08-07 23:00:00+00:00
2019-08-31 07:00:00+00:00,26804.0,30755.70956202143,28275.556529599264,33235.8625944436,9,2019-08-07 23:00:00+00:00
2019-08-31 08:00:00+00:00,28705.0,32223.566755524647,29653.54603252854,34793.587478520756,10,2019-08-07 23:00:00+00:00
2019-08-31 09:00:00+00:00,29986.0,33369.997571995365,30722.033268072057,36017.96187591868,11,2019-08-07 23:00:00+00:00
2019-08-31 10:00:00+00:00,30823.0,34337.44569223452,31621.53323266681,37053.35815180223,12,2019-08-07 23:00:00+00:00
2019-08-31 11:00:00+00:00,31452.0,34924.81759413261,32149.427407269613,37700.20778099561,13,2019-08-07 23:00:00+00:00
2019-08-31 12:00:00+00:00,31349.0,34533.02030722023,31705.392783095478,37360.64783134498,14,2019-08-07 23:00:00+00:00
2019-08-31 13:00:00+00:00,30701.0,33672.71835886713,30799.085790414443,36546.35092731982,15,2019-08-07 23:00:00+00:00
2019-08-31 14:00:00+00:00,29962.0,33291.00309671047,30376.760765434025,36205.24542798691,16,2019-08-07 23:00:00+00:00
2019-08-31 15:00:00+00:00,29550.0,32943.941801902205,29993.782544034602,35894.10105976981,17,2019-08-07 23:00:00+00:00
2019-08-31 16:00:00+00:00,29217.0,32353.947184685967,29371.969042380664,35335.92532699127,18,2019-08-07 23:00:00+00:00
2019-08-31 17:00:00+00:00,28964.0,31717.53444093179,28707.328029373137,34727.740852490446,19,2019-08-07 23:00:00+00:00
2019-08-31 18:00:00+00:00,29306.0,31584.25877513742,28548.979064294897,34619.538485979945,20,2019-08-07 23:00:00+00:00
2019-08-31 19:00:00+00:00,30649.0,32431.011854282828,29373.43777174151,35488.58593682415,21,2019-08-07 23:00:00+00:00
2019-08-31 20:00:00+00:00,28839.0,30669.402436495926,27591.986811210663,33746.81806178119,22,2019-08-07 23:00:00+00:00
2019-08-31 21:00:00+00:00,27042.0,28626.948604299167,25531.860349018963,31722.03685957937,23,2019-08-07 23:00:00+00:00
2019-08-31 22:00:00+00:00,25587.0,26935.69604126174,23824.85602598345,30046.536056540033,24,2019-08-07 23:00:00+00:00
2019-08-31 23:00:00+00:00,23941.0,24208.891516277337,23632.988282067523,24784.79475048715,1,2019-08-07 23:00:00+00:00
2019-09-01 00:00:00+00:00,22787.0,23151.746082324993,22097.89020785313,24205.601956796858,2,2019-08-07 23:00:00+00:00
2019-09-01 01:00:00+00:00,22084.0,22591.47953508979,21148.017198315258,24034.941871864325,3,2019-08-07 23:00:00+00:00
2019-09-01 02:00:00+00:00,21606.0,22238.07649906306,20517.656044639345,23958.496953486774,4,2019-08-07 23:00:00+00:00
2019-09-01 03:00:00+00:00,21382.0,22232.518608688773,20297.27708087826,24167.760136499288,5,2019-08-07 23:00:00+00:00
2019-09-01 04:00:00+00:00,21581.0,23204.81823555664,21095.574979402452,25314.061491710825,6,2019-08-07 23:00:00+00:00
2019-09-01 05:00:00+00:00,21536.0,24395.54146658191,22141.75365008862,26649.329283075203,7,2019-08-07 23:00:00+00:00
2019-09-01 06:00:00+00:00,21808.0,25780.959098663614,23405.099462374594,28156.818734952634,8,2019-08-07 23:00:00+00:00
2019-09-01 07:00:00+00:00,23495.0,28014.914590899396,25534.76155847723,30495.067623321564,9,2019-08-07 23:00:00+00:00
2019-09-01 08:00:00+00:00,25133.0,29676.403258078983,27106.382535082877,32246.423981075088,10,2019-08-07 23:00:00+00:00
2019-09-01 09:00:00+00:00,26446.0,30883.036235639458,28235.07193171615,33531.00053956277,11,2019-08-07 23:00:00+00:00
2019-09-01 10:00:00+00:00,27403.0,31814.76213470336,29098.84967513565,34530.67459427107,12,2019-08-07 23:00:00+00:00
2019-09-01 11:00:00+00:00,28480.0,32450.771096511908,29675.38090964891,35226.1612833749,13,2019-08-07 23:00:00+00:00
2019-09-01 12:00:00+00:00,28964.0,32228.327405229073,29400.699881104323,35055.95492935382,14,2019-08-07 23:00:00+00:00
2019-09-01 13:00:00+00:00,28280.0,31505.252794874035,28631.620226421346,34378.88536332672,15,2019-08-07 23:00:00+00:00
2019-09-01 14:00:00+00:00,27664.0,31017.151303682702,28102.908972406254,33931.393634959146,16,2019-08-07 23:00:00+00:00
2019-09-01 15:00:00+00:00,27375.0,30685.99612292794,27735.836865060333,33636.15538079554,17,2019-08-07 23:00:00+00:00
2019-09-01 16:00:00+00:00,27310.0,30268.108235649608,27286.130093344305,33250.08637795491,18,2019-08-07 23:00:00+00:00
2019-09-01 17:00:00+00:00,27199.0,29865.526036195748,26855.319624637094,32875.7324477544,19,2019-08-07 23:00:00+00:00
2019-09-01 18:00:00+00:00,28146.0,29956.817894838776,26921.53818399625,32992.0976056813,20,2019-08-07 23:00:00+00:00
2019-09-01 19:00:00+00:00,29929.0,31081.519043122178,28023.94496058086,34139.0931256635,21,2019-08-07 23:00:00+00:00
2019-09-01 20:00:00+00:00,29070.0,29421.682221037474,26344.26659575221,32499.097846322737,22,2019-08-07 23:00:00+00:00
2019-09-01 21:00:00+00:00,27332.0,27495.94884761928,24400.860592339075,30591.03710289948,23,2019-08-07 23:00:00+00:00
2019-09-01 22:00:00+00:00,25576.0,25903.103697694638,22792.263682416346,29013.94371297293,24,2019-08-07 23:00:00+00:00
2019-09-01 23:00:00+00:00,24056.0,23877.002762184344,23301.09952797453,24452.905996394158,1,2019-08-07 23:00:00+00:00
2019-09-02 00:00:00+00:00,23092.0,22728.86124735,21675.005372878135,23782.717121821865,2,2019-08-07 23:00:00+00:00
2019-09-02 01:00:00+00:00,22526.0,22139.197004108217,20695.734667333683,23582.65934088275,3,2019-08-07 23:00:00+00:00
2019-09-02 02:00:00+00:00,22374.0,21779.70369736208,20059.283242938367,23500.124151785796,4,2019-08-07 23:00:00+00:00
2019-09-02 03:00:00+00:00,22992.0,21796.84699497059,19861.605467160076,23732.088522781105,5,2019-08-07 23:00:00+00:00
2019-09-02 04:00:00+00:00,25240.0,22688.2403354591,20578.997079304914,24797.483591613287,6,2019-08-07 23:00:00+00:00
2019-09-02 05:00:00+00:00,27901.0,23577.485375415756,21323.697558922464,25831.273191909047,7,2019-08-07 23:00:00+00:00
2019-09-02 06:00:00+00:00,29761.0,24683.2329479776,22307.37331168858,27059.092584266622,8,2019-08-07 23:00:00+00:00
2019-09-02 07:00:00+00:00,31691.0,26697.448031719483,24217.294999297315,29177.60106414165,9,2019-08-07 23:00:00+00:00
2019-09-02 08:00:00+00:00,32838.0,28292.43537060896,25722.41464761285,30862.45609360507,10,2019-08-07 23:00:00+00:00
2019-09-02 09:00:00+00:00,33467.0,29518.29403598122,26870.32973205791,32166.25833990453,11,2019-08-07 23:00:00+00:00
2019-09-02 10:00:00+00:00,34545.0,30479.836546531475,27763.924086963765,33195.749006099184,12,2019-08-07 23:00:00+00:00
2019-09-02 11:00:00+00:00,35221.0,31275.019318274073,28499.629131411075,34050.40950513707,13,2019-08-07 23:00:00+00:00
2019-09-02 12:00:00+00:00,34993.0,31277.81921921749,28450.19169509274,34105.44674334224,14,2019-08-07 23:00:00+00:00
2019-09-02 13:00:00+00:00,34620.0,30549.86562578367,27676.23305733098,33423.49819423636,15,2019-08-07 23:00:00+00:00
2019-09-02 14:00:00+00:00,34611.0,30073.36535786742,27159.123026590976,32987.607689143864,16,2019-08-07 23:00:00+00:00
2019-09-02 15:00:00+00:00,34240.0,29775.22488947148,26825.065631603877,32725.384147339082,17,2019-08-07 23:00:00+00:00
2019-09-02 16:00:00+00:00,33490.0,29463.500116597977,26481.521974292675,32445.47825890328,18,2019-08-07 23:00:00+00:00
2019-09-02 17:00:00+00:00,32786.0,29129.831635830677,26119.625224272022,32140.03804738933,19,2019-08-07 23:00:00+00:00
2019-09-02 18:00:00+00:00,32847.0,29469.726416424204,26434.446705581682,32505.006127266726,20,2019-08-07 23:00:00+00:00
2019-09-02 19:00:00+00:00,33953.0,30779.52379833427,27721.94971579295,33837.09788087559,21,2019-08-07 23:00:00+00:00
2019-09-02 20:00:00+00:00,31453.0,29442.826396799188,26365.410771513925,32520.24202208445,22,2019-08-07 23:00:00+00:00
2019-09-02 21:00:00+00:00,29140.0,27553.672540537562,24458.58428525736,30648.760795817765,23,2019-08-07 23:00:00+00:00
2019-09-02 22:00:00+00:00,27629.0,25868.795398855316,22757.955383577024,28979.63541413361,24,2019-08-07 23:00:00+00:00
2019-09-02 23:00:00+00:00,26213.0,26288.07885921385,25712.175625004034,26863.982093423663,1,2019-08-07 23:00:00+00:00
2019-09-03 00:00:00+00:00,25198.0,25225.41460496042,24171.558730488556,26279.270479432285,2,2019-08-07 23:00:00+00:00
2019-09-03 01:00:00+00:00,24687.0,24545.92362612224,23102.461289347706,25989.385962896773,3,2019-08-07 23:00:00+00:00
2019-09-03 02:00:00+00:00,24412.0,24168.58398761888,22448.163533195166,25889.004442042595,4,2019-08-07 23:00:00+00:00
2019-09-03 03:00:00+00:00,24610.0,24344.930722900306,22409.68919508979,26280.17225071082,5,2019-08-07 23:00:00+00:00
2019-09-03 04:00:00+00:00,26469.0,25780.164105683256,23670.920849529066,27889.407361837446,6,2019-08-07 23:00:00+00:00
2019-09-03 05:00:00+00:00,28760.0,27425.54020905158,25171.75239255829,29679.328025544874,7,2019-08-07 23:00:00+00:00
2019-09-03 06:00:00+00:00,30297.0,28902.386912521673,26526.527276232653,31278.246548810694,8,2019-08-07 23:00:00+00:00
2019-09-03 07:00:00+00:00,32334.0,30871.50060062284,28391.347568200672,33351.65363304501,9,2019-08-07 23:00:00+00:00
2019-09-03 08:00:00+00:00,33661.0,32208.101062869366,29638.08033987326,34778.12178586547,10,2019-08-07 23:00:00+00:00
2019-09-03 09:00:00+00:00,34878.0,33116.153381387485,30468.189077464176,35764.1176853108,11,2019-08-07 23:00:00+00:00
2019-09-03 10:00:00+00:00,36066.0,34043.01141838653,31327.09895881882,36758.92387795424,12,2019-08-07 23:00:00+00:00
2019-09-03 11:00:00+00:00,36820.0,34655.3929701927,31880.0027833297,37430.783157055695,13,2019-08-07 23:00:00+00:00
2019-09-03 12:00:00+00:00,36413.0,34392.2131696378,31564.58564551305,37219.84069376255,14,2019-08-07 23:00:00+00:00
2019-09-03 13:00:00+00:00,36012.0,33715.960596202436,30842.328027749747,36589.593164655125,15,2019-08-07 23:00:00+00:00
2019-09-03 14:00:00+00:00,35913.0,33378.37658846311,30464.13425718666,36292.61891973955,16,2019-08-07 23:00:00+00:00
2019-09-03 15:00:00+00:00,35666.0,32992.717762041466,30042.558504173863,35942.87701990907,17,2019-08-07 23:00:00+00:00
2019-09-03 16:00:00+00:00,34759.0,32409.03531761516,29427.057175309856,35391.01345992046,18,2019-08-07 23:00:00+00:00
2019-09-03 17:00:00+00:00,33719.0,31836.545820283995,28826.33940872534,34846.75223184265,19,2019-08-07 23:00:00+00:00
2019-09-03 18:00:00+00:00,33661.0,31883.059916229868,28847.780205387346,34918.33962707239,20,2019-08-07 23:00:00+00:00
2019-09-03 19:00:00+00:00,34479.0,32960.69959135081,29903.125508809488,36018.27367389213,21,2019-08-07 23:00:00+00:00
2019-09-03 20:00:00+00:00,31926.0,31047.363267903493,27969.94764261823,34124.778893188755,22,2019-08-07 23:00:00+00:00
2019-09-03 21:00:00+00:00,29533.0,28927.33166872082,25832.243413440618,32022.419924001024,23,2019-08-07 23:00:00+00:00
2019-09-03 22:00:00+00:00,28136.0,27281.60133911167,24170.761323833376,30392.44135438996,24,2019-08-07 23:00:00+00:00
2019-09-03 23:00:00+00:00,26743.0,26793.664072600775,26217.76083839096,27369.56730681059,1,2019-08-07 23:00:00+00:00
2019-09-04 00:00:00+00:00,25673.0,25730.2049846072,24676.349110135336,26784.060859079065,2,2019-08-07 23:00:00+00:00
2019-09-04 01:00:00+00:00,25101.0,25083.908247998308,23640.445911223775,26527.37058477284,3,2019-08-07 23:00:00+00:00
2019-09-04 02:00:00+00:00,24797.0,24689.58129686831,22969.160842444595,26410.001751292024,4,2019-08-07 23:00:00+00:00
2019-09-04 03:00:00+00:00,25055.0,24769.056664402025,22833.81513659151,26704.29819221254,5,2019-08-07 23:00:00+00:00
2019-09-04 04:00:00+00:00,26940.0,26165.228249246084,24055.984993091894,28274.471505400274,6,2019-08-07 23:00:00+00:00
2019-09-04 05:00:00+00:00,29206.0,27803.901939384883,25550.11412289159,30057.689755878175,7,2019-08-07 23:00:00+00:00
2019-09-04 06:00:00+00:00,30743.0,29211.641002393677,26835.781366104657,31587.500638682697,8,2019-08-07 23:00:00+00:00
2019-09-04 07:00:00+00:00,32698.0,31213.719885539656,28733.56685311749,33693.872917961824,9,2019-08-07 23:00:00+00:00
2019-09-04 08:00:00+00:00,33842.0,32590.753406314707,30020.7326833186,35160.77412931081,10,2019-08-07 23:00:00+00:00
2019-09-04 09:00:00+00:00,35084.0,33675.15316936146,31027.18886543815,36323.11747328477,11,2019-08-07 23:00:00+00:00
2019-09-04 10:00:00+00:00,36271.0,34660.047547389564,31944.135087821855,37375.96000695728,12,2019-08-07 23:00:00+00:00
2019-09-04 11:00:00+00:00,36918.0,35307.972742669495,32532.5825558065,38083.36292953249,13,2019-08-07 23:00:00+00:00
2019-09-04 12:00:00+00:00,36484.0,34984.13353609789,32156.506011973142,37811.76106022264,14,2019-08-07 23:00:00+00:00
2019-09-04 13:00:00+00:00,36017.0,34335.345275269116,31461.712706816426,37208.977843721805,15,2019-08-07 23:00:00+00:00
2019-09-04 14:00:00+00:00,35867.0,34006.077878077296,31091.835546800852,36920.32020935374,16,2019-08-07 23:00:00+00:00
2019-09-04 15:00:00+00:00,35575.0,33666.5139394282,30716.3546815606,36616.67319729581,17,2019-08-07 23:00:00+00:00
2019-09-04 16:00:00+00:00,34727.0,33004.91609119416,30022.937948888855,35986.894233499464,18,2019-08-07 23:00:00+00:00
2019-09-04 17:00:00+00:00,33796.0,32294.363581854763,29284.15717029611,35304.56999341342,19,2019-08-07 23:00:00+00:00
2019-09-04 18:00:00+00:00,33906.0,32299.404225524115,29264.124514681593,35334.68393636664,20,2019-08-07 23:00:00+00:00
2019-09-04 19:00:00+00:00,34605.0,33276.398382542815,30218.824300001495,36333.97246508414,21,2019-08-07 23:00:00+00:00
2019-09-04 20:00:00+00:00,32073.0,31269.963759978993,28192.54813469373,34347.379385264256,22,2019-08-07 23:00:00+00:00
2019-09-04 21:00:00+00:00,29660.0,29096.537402340644,26001.44914706044,32191.625657620847,23,2019-08-07 23:00:00+00:00
2019-09-04 22:00:00+00:00,28293.0,27508.51367447685,24397.673659198557,30619.353689755142,24,2019-08-07 23:00:00+00:00
2019-09-04 23:00:00+00:00,26735.0,26939.069798816505,26363.16656460669,27514.97303302632,1,2019-08-07 23:00:00+00:00
2019-09-05 00:00:00+00:00,25608.0,25858.07222182731,24804.216347355446,26911.928096299176,2,2019-08-07 23:00:00+00:00
2019-09-05 01:00:00+00:00,25093.0,25205.217813918447,23761.755477143914,26648.68015069298,3,2019-08-07 23:00:00+00:00
2019-09-05 02:00:00+00:00,24822.0,24813.980396031755,23093.55994160804,26534.40085045547,4,2019-08-07 23:00:00+00:00
2019-09-05 03:00:00+00:00,25034.0,24928.611189746807,22993.369661936293,26863.85271755732,5,2019-08-07 23:00:00+00:00
2019-09-05 04:00:00+00:00,26830.0,26390.971716739623,24281.728460585437,28500.21497289381,6,2019-08-07 23:00:00+00:00
2019-09-05 05:00:00+00:00,29048.0,28101.301885482135,25847.514068988843,30355.089701975427,7,2019-08-07 23:00:00+00:00
2019-09-05 06:00:00+00:00,30409.0,29524.116354880472,27148.256718591452,31899.975991169493,8,2019-08-07 23:00:00+00:00
2019-09-05 07:00:00+00:00,32138.0,31499.92390981699,29019.77087739482,33980.07694223916,9,2019-08-07 23:00:00+00:00
2019-09-05 08:00:00+00:00,32938.0,32803.66360573562,30233.642882739514,35373.68432873173,10,2019-08-07 23:00:00+00:00
2019-09-05 09:00:00+00:00,33733.0,33912.74642097895,31264.782117055638,36560.71072490226,11,2019-08-07 23:00:00+00:00
2019-09-05 10:00:00+00:00,34561.0,34921.85189648801,32205.939436920304,37637.764356055726,12,2019-08-07 23:00:00+00:00
2019-09-05 11:00:00+00:00,35217.0,35543.63817782257,32768.24799095957,38319.02836468557,13,2019-08-07 23:00:00+00:00
2019-09-05 12:00:00+00:00,34571.0,35198.796800505996,32371.169276381246,38026.424324630745,14,2019-08-07 23:00:00+00:00
2019-09-05 13:00:00+00:00,34134.0,34556.53249439251,31682.89992593982,37430.1650628452,15,2019-08-07 23:00:00+00:00
2019-09-05 14:00:00+00:00,33904.0,34237.03986573325,31322.797534456804,37151.28219700969,16,2019-08-07 23:00:00+00:00
2019-09-05 15:00:00+00:00,33613.0,33892.16785730011,30942.00859943251,36842.32711516772,17,2019-08-07 23:00:00+00:00
2019-09-05 16:00:00+00:00,33025.0,33220.37289047658,30238.39474817128,36202.35103278188,18,2019-08-07 23:00:00+00:00
2019-09-05 17:00:00+00:00,32331.0,32507.13650679158,29496.930095232925,35517.34291835023,19,2019-08-07 23:00:00+00:00
2019-09-05 18:00:00+00:00,32701.0,32564.24155779021,29528.961846947685,35599.521268632736,20,2019-08-07 23:00:00+00:00
2019-09-05 19:00:00+00:00,33516.0,33477.80686788396,30420.232785342643,36535.380950425286,21,2019-08-07 23:00:00+00:00
2019-09-05 20:00:00+00:00,30896.0,31409.80016870826,28332.384543423,34487.21579399352,22,2019-08-07 23:00:00+00:00
2019-09-05 21:00:00+00:00,28344.0,29201.094297736206,26106.006042456003,32296.18255301641,23,2019-08-07 23:00:00+00:00
2019-09-05 22:00:00+00:00,27142.0,27647.387794284572,24536.54777900628,30758.227809562864,24,2019-08-07 23:00:00+00:00
2019-09-05 23:00:00+00:00,25739.0,25873.22400794179,25297.320773731975,26449.127242151604,1,2019-08-07 23:00:00+00:00
2019-09-06 00:00:00+00:00,24785.0,24877.94916076587,23824.093286294006,25931.805035237736,2,2019-08-07 23:00:00+00:00
2019-09-06 01:00:00+00:00,24394.0,24306.102355501418,22862.640018726885,25749.56469227595,3,2019-08-07 23:00:00+00:00
2019-09-06 02:00:00+00:00,24189.0,23984.58105131499,22264.160596891277,25705.001505738706,4,2019-08-07 23:00:00+00:00
2019-09-06 03:00:00+00:00,24378.0,24144.977780492016,22209.7362526815,26080.21930830253,5,2019-08-07 23:00:00+00:00
2019-09-06 04:00:00+00:00,26116.0,25670.290002900292,23561.046746746106,27779.53325905448,6,2019-08-07 23:00:00+00:00
2019-09-06 05:00:00+00:00,28271.0,27472.813595443375,25219.025778950083,29726.601411936666,7,2019-08-07 23:00:00+00:00
2019-09-06 06:00:00+00:00,29500.0,28884.130232450723,26508.270596161703,31259.989868739744,8,2019-08-07 23:00:00+00:00
2019-09-06 07:00:00+00:00,31212.0,30811.458900105168,28331.305867683,33291.61193252734,9,2019-08-07 23:00:00+00:00
2019-09-06 08:00:00+00:00,32024.0,32004.83337362417,29434.81265062806,34574.85409662028,10,2019-08-07 23:00:00+00:00
2019-09-06 09:00:00+00:00,32791.0,33001.35133728131,30353.387033358,35649.31564120462,11,2019-08-07 23:00:00+00:00
2019-09-06 10:00:00+00:00,33506.0,33933.56390900406,31217.651449436347,36649.47636857177,12,2019-08-07 23:00:00+00:00
2019-09-06 11:00:00+00:00,33953.0,34590.36447274216,31814.974285879165,37365.75465960516,13,2019-08-07 23:00:00+00:00
2019-09-06 12:00:00+00:00,33233.0,34184.97084117542,31357.34331705067,37012.59836530017,14,2019-08-07 23:00:00+00:00
2019-09-06 13:00:00+00:00,32600.0,33601.15724567373,30727.524677221038,36474.789814126416,15,2019-08-07 23:00:00+00:00
2019-09-06 14:00:00+00:00,32365.0,33298.36176343993,30384.119432163483,36212.60409471637,16,2019-08-07 23:00:00+00:00
2019-09-06 15:00:00+00:00,32132.0,32983.45810323917,30033.29884537157,35933.61736110678,17,2019-08-07 23:00:00+00:00
2019-09-06 16:00:00+00:00,31477.0,32405.034521710866,29423.056379405563,35387.01266401617,18,2019-08-07 23:00:00+00:00
2019-09-06 17:00:00+00:00,30964.0,31770.499647523768,28760.293235965113,34780.70605908242,19,2019-08-07 23:00:00+00:00
2019-09-06 18:00:00+00:00,31362.0,31947.4762028396,28912.196491997078,34982.75591368212,20,2019-08-07 23:00:00+00:00
2019-09-06 19:00:00+00:00,32028.0,32894.37894143426,29836.80485889294,35951.953023975584,21,2019-08-07 23:00:00+00:00
2019-09-06 20:00:00+00:00,29607.0,30753.86117291369,27676.445547628427,33831.27679819895,22,2019-08-07 23:00:00+00:00
2019-09-06 21:00:00+00:00,27557.0,28485.923820197775,25390.835564917572,31581.01207547798,23,2019-08-07 23:00:00+00:00
2019-09-06 22:00:00+00:00,26471.0,27030.795310061756,23919.955294783464,30141.63532534005,24,2019-08-07 23:00:00+00:00
2019-09-06 23:00:00+00:00,25184.0,25199.346436504784,24623.44320229497,25775.2496707146,1,2019-08-07 23:00:00+00:00
2019-09-07 00:00:00+00:00,24044.0,24212.13920682829,23158.283332356426,25265.995081300156,2,2019-08-07 23:00:00+00:00
2019-09-07 01:00:00+00:00,23370.0,23715.52700403109,22272.064667256556,25158.989340805623,3,2019-08-07 23:00:00+00:00
2019-09-07 02:00:00+00:00,23079.0,23447.197716161274,21726.77726173756,25167.61817058499,4,2019-08-07 23:00:00+00:00
2019-09-07 03:00:00+00:00,22828.0,23627.61665251338,21692.375124702867,25562.858180323896,5,2019-08-07 23:00:00+00:00
2019-09-07 04:00:00+00:00,22975.0,25186.66807696737,23077.424820813183,27295.911333121556,6,2019-08-07 23:00:00+00:00
2019-09-07 05:00:00+00:00,23609.0,27038.20025829109,24784.4124417978,29291.98807478438,7,2019-08-07 23:00:00+00:00
2019-09-07 06:00:00+00:00,24313.0,28414.132314689974,26038.272678400954,30789.991950978994,8,2019-08-07 23:00:00+00:00
2019-09-07 07:00:00+00:00,26323.0,30327.972317147134,27847.819284724967,32808.1253495693,9,2019-08-07 23:00:00+00:00
2019-09-07 08:00:00+00:00,27890.0,31492.894703197144,28922.87398020104,34062.91542619325,10,2019-08-07 23:00:00+00:00
2019-09-07 09:00:00+00:00,28645.0,32469.73604916464,29821.77174524133,35117.70035308795,11,2019-08-07 23:00:00+00:00
2019-09-07 10:00:00+00:00,29129.0,33363.0007248403,30647.08826527259,36078.91318440801,12,2019-08-07 23:00:00+00:00
2019-09-07 11:00:00+00:00,29452.0,33958.42727489682,31183.037088033823,36733.81746175982,13,2019-08-07 23:00:00+00:00
2019-09-07 12:00:00+00:00,29098.0,33509.48093939716,30681.85341527241,36337.10846352191,14,2019-08-07 23:00:00+00:00
2019-09-07 13:00:00+00:00,28026.0,32886.04769629087,30012.415127838183,35759.68026474356,15,2019-08-07 23:00:00+00:00
2019-09-07 14:00:00+00:00,27473.0,32602.534323427004,29688.29199215056,35516.77665470345,16,2019-08-07 23:00:00+00:00
2019-09-07 15:00:00+00:00,27283.0,32322.853132459775,29372.693874592173,35273.01239032738,17,2019-08-07 23:00:00+00:00
2019-09-07 16:00:00+00:00,27072.0,31729.7761380622,28747.797995756897,34711.7542803675,18,2019-08-07 23:00:00+00:00
2019-09-07 17:00:00+00:00,27022.0,31163.172481612455,28152.9660700538,34173.37889317111,19,2019-08-07 23:00:00+00:00
2019-09-07 18:00:00+00:00,27778.0,31384.068785101925,28348.7890742594,34419.34849594445,20,2019-08-07 23:00:00+00:00
2019-09-07 19:00:00+00:00,29094.0,32269.77297434354,29212.19889180222,35327.347056884864,21,2019-08-07 23:00:00+00:00
2019-09-07 20:00:00+00:00,27410.0,30149.414891344743,27071.99926605948,33226.830516630005,22,2019-08-07 23:00:00+00:00
2019-09-07 21:00:00+00:00,25702.0,28034.95833921039,24939.870083930186,31130.04659449059,23,2019-08-07 23:00:00+00:00
2019-09-07 22:00:00+00:00,24469.0,26661.134110049497,23550.294094771205,29771.97412532779,24,2019-08-07 23:00:00+00:00
2019-09-07 23:00:00+00:00,23092.0,23138.07660041551,22562.173366205694,23713.979834625323,1,2019-08-07 23:00:00+00:00
2019-09-08 00:00:00+00:00,22198.0,22125.75079115395,21071.894916682086,23179.606665625815,2,2019-08-07 23:00:00+00:00
2019-09-08 01:00:00+00:00,21559.0,21639.99481862368,20196.532481849146,23083.457155398213,3,2019-08-07 23:00:00+00:00
2019-09-08 02:00:00+00:00,21168.0,21443.912356380435,19723.49190195672,23164.33281080415,4,2019-08-07 23:00:00+00:00
2019-09-08 03:00:00+00:00,20970.0,21556.998221543745,19621.75669373323,23492.23974935426,5,2019-08-07 23:00:00+00:00
2019-09-08 04:00:00+00:00,21289.0,22650.286197551464,20541.042941397274,24759.529453705654,6,2019-08-07 23:00:00+00:00
2019-09-08 05:00:00+00:00,21468.0,24072.367035044957,21818.579218551666,26326.15485153825,7,2019-08-07 23:00:00+00:00
2019-09-08 06:00:00+00:00,21565.0,25317.110573527254,22941.250937238234,27692.970209816274,8,2019-08-07 23:00:00+00:00
2019-09-08 07:00:00+00:00,23135.0,27385.52428802399,24905.37125560182,29865.677320446157,9,2019-08-07 23:00:00+00:00
2019-09-08 08:00:00+00:00,24525.0,28846.963690222885,26276.94296722678,31416.98441321899,10,2019-08-07 23:00:00+00:00
2019-09-08 09:00:00+00:00,25465.0,29858.07489421338,27210.11059029007,32506.03919813669,11,2019-08-07 23:00:00+00:00
2019-09-08 10:00:00+00:00,26063.0,30707.146224642453,27991.233765074743,33423.05868421016,12,2019-08-07 23:00:00+00:00
2019-09-08 11:00:00+00:00,26726.0,31297.424713980214,28522.034527117215,34072.81490084321,13,2019-08-07 23:00:00+00:00
2019-09-08 12:00:00+00:00,26840.0,31001.505452848447,28173.877928723698,33829.1329769732,14,2019-08-07 23:00:00+00:00
2019-09-08 13:00:00+00:00,25944.0,30270.735129689496,27397.102561236807,33144.36769814218,15,2019-08-07 23:00:00+00:00
2019-09-08 14:00:00+00:00,25467.0,29928.02046348606,27013.778132209613,32842.26279476251,16,2019-08-07 23:00:00+00:00
2019-09-08 15:00:00+00:00,25107.0,29716.43537633152,26766.276118463917,32666.594634199122,17,2019-08-07 23:00:00+00:00
2019-09-08 16:00:00+00:00,25048.0,29319.91175258703,26337.93361028173,32301.889894892334,18,2019-08-07 23:00:00+00:00
2019-09-08 17:00:00+00:00,25265.0,28968.853600260416,25958.64718870176,31979.06001181907,19,2019-08-07 23:00:00+00:00
2019-09-08 18:00:00+00:00,26540.0,29380.70520153104,26345.425490688514,32415.984912373566,20,2019-08-07 23:00:00+00:00
2019-09-08 19:00:00+00:00,28327.0,30510.721437693872,27453.147355152552,33568.295520235195,21,2019-08-07 23:00:00+00:00
2019-09-08 20:00:00+00:00,27334.0,28653.881517450864,25576.4658921656,31731.297142736126,22,2019-08-07 23:00:00+00:00
2019-09-08 21:00:00+00:00,25712.0,26704.45767863087,23609.36942335067,29799.545933911075,23,2019-08-07 23:00:00+00:00
2019-09-08 22:00:00+00:00,24118.0,25345.598091659696,22234.758076381404,28456.43810693799,24,2019-08-07 23:00:00+00:00
2019-09-08 23:00:00+00:00,23136.0,22537.292482062257,21961.389247852443,23113.195716272072,1,2019-08-07 23:00:00+00:00
2019-09-09 00:00:00+00:00,22343.0,21530.254555447267,20476.398680975402,22584.110429919132,2,2019-08-07 23:00:00+00:00
2019-09-09 01:00:00+00:00,22009.0,21041.210130826745,19597.74779405221,22484.67246760128,3,2019-08-07 23:00:00+00:00
2019-09-09 02:00:00+00:00,21972.0,20805.56940152751,19085.148947103797,22525.989855951226,4,2019-08-07 23:00:00+00:00
2019-09-09 03:00:00+00:00,22479.0,20900.042059103744,18964.80053129323,22835.28358691426,5,2019-08-07 23:00:00+00:00
2019-09-09 04:00:00+00:00,24604.0,21944.114416503417,19834.871160349227,24053.357672657607,6,2019-08-07 23:00:00+00:00
2019-09-09 05:00:00+00:00,27111.0,23110.366350201246,20856.578533707954,25364.154166694538,7,2019-08-07 23:00:00+00:00
2019-09-09 06:00:00+00:00,28531.0,24075.142597271628,21699.282960982608,26451.002233560648,8,2019-08-07 23:00:00+00:00
2019-09-09 07:00:00+00:00,30086.0,25983.98731939137,23503.834286969202,28464.140351813538,9,2019-08-07 23:00:00+00:00
2019-09-09 08:00:00+00:00,31045.0,27400.92600846937,24830.905285473265,29970.946731465476,10,2019-08-07 23:00:00+00:00
2019-09-09 09:00:00+00:00,31775.0,28452.334423427557,25804.37011950425,31100.298727350866,11,2019-08-07 23:00:00+00:00
2019-09-09 10:00:00+00:00,32582.0,29302.11925822334,26586.206798655632,32018.03171779105,12,2019-08-07 23:00:00+00:00
2019-09-09 11:00:00+00:00,32941.0,29986.583066481126,27211.192879618127,32761.973253344124,13,2019-08-07 23:00:00+00:00
2019-09-09 12:00:00+00:00,32307.0,29856.986294787668,27029.35877066292,32684.613818912418,14,2019-08-07 23:00:00+00:00
2019-09-09 13:00:00+00:00,31666.0,29151.45220706398,26277.81963861129,32025.08477551667,15,2019-08-07 23:00:00+00:00
2019-09-09 14:00:00+00:00,31577.0,28814.109210800198,25899.866879523754,31728.35154207664,16,2019-08-07 23:00:00+00:00
2019-09-09 15:00:00+00:00,31375.0,28548.07206279893,25597.912804931326,31498.23132066653,17,2019-08-07 23:00:00+00:00
2019-09-09 16:00:00+00:00,31074.0,28233.55450989616,25251.576367590857,31215.532652201462,18,2019-08-07 23:00:00+00:00
2019-09-09 17:00:00+00:00,30683.0,28020.260747451324,25010.05433589267,31030.46715900998,19,2019-08-07 23:00:00+00:00
2019-09-09 18:00:00+00:00,31689.0,28665.948762973974,25630.66905213145,31701.2284738165,20,2019-08-07 23:00:00+00:00
2019-09-09 19:00:00+00:00,32243.0,29992.453307610238,26934.87922506892,33050.02739015156,21,2019-08-07 23:00:00+00:00
2019-09-09 20:00:00+00:00,29500.0,28409.597387199028,25332.181761913766,31487.01301248429,22,2019-08-07 23:00:00+00:00
2019-09-09 21:00:00+00:00,26998.0,26524.46167401044,23429.373418730236,29619.549929290642,23,2019-08-07 23:00:00+00:00
2019-09-09 22:00:00+00:00,26007.0,25054.05548815526,21943.215472876967,28164.895503433552,24,2019-08-07 23:00:00+00:00
2019-09-09 23:00:00+00:00,24825.0,25089.38963217014,24513.486397960325,25665.292866379954,1,2019-08-07 23:00:00+00:00
2019-09-10 00:00:00+00:00,23907.0,24255.58700506455,23201.731130592685,25309.442879536415,2,2019-08-07 23:00:00+00:00
2019-09-10 01:00:00+00:00,23664.0,23723.194655694995,22279.73231892046,25166.65699246953,3,2019-08-07 23:00:00+00:00
2019-09-10 02:00:00+00:00,23298.0,23464.50834269338,21744.087888269667,25184.928797117096,4,2019-08-07 23:00:00+00:00
2019-09-10 03:00:00+00:00,23560.0,23652.21927267032,21716.977744859807,25587.460800480836,5,2019-08-07 23:00:00+00:00
2019-09-10 04:00:00+00:00,25484.0,25138.828388954753,23029.585132800566,27248.07164510894,6,2019-08-07 23:00:00+00:00
2019-09-10 05:00:00+00:00,28135.0,26909.19249842733,24655.404681934036,29162.98031492062,7,2019-08-07 23:00:00+00:00
2019-09-10 06:00:00+00:00,29467.0,28136.65850117601,25760.79886488699,30512.51813746503,8,2019-08-07 23:00:00+00:00
2019-09-10 07:00:00+00:00,30801.0,29897.786412637033,27417.633380214866,32377.9394450592,9,2019-08-07 23:00:00+00:00
2019-09-10 08:00:00+00:00,31430.0,31061.493010016984,28491.47228702088,33631.51373301309,10,2019-08-07 23:00:00+00:00
2019-09-10 09:00:00+00:00,31772.0,31933.78870419843,29285.82440027512,34581.75300812174,11,2019-08-07 23:00:00+00:00
2019-09-10 10:00:00+00:00,32082.0,32742.683843210798,30026.77138364309,35458.59630277851,12,2019-08-07 23:00:00+00:00
2019-09-10 11:00:00+00:00,32027.0,33234.719809538154,30459.329622675155,36010.10999640115,13,2019-08-07 23:00:00+00:00
2019-09-10 12:00:00+00:00,31335.0,32790.15540258983,29962.52787846508,35617.78292671458,14,2019-08-07 23:00:00+00:00
2019-09-10 13:00:00+00:00,30741.0,32080.85274003307,29207.220171580382,34954.48530848576,15,2019-08-07 23:00:00+00:00
2019-09-10 14:00:00+00:00,30520.0,31797.90441851382,28883.662087237375,34712.14674979026,16,2019-08-07 23:00:00+00:00
2019-09-10 15:00:00+00:00,30372.0,31512.696237660995,28562.536979793393,34462.8554955286,17,2019-08-07 23:00:00+00:00
2019-09-10 16:00:00+00:00,29832.0,31082.087589578656,28100.109447273353,34064.06573188396,18,2019-08-07 23:00:00+00:00
2019-09-10 17:00:00+00:00,29730.0,30645.92801501063,27635.721603451977,33656.13442656928,19,2019-08-07 23:00:00+00:00
2019-09-10 18:00:00+00:00,31097.0,31219.038448791027,28183.7587379485,34254.31815963355,20,2019-08-07 23:00:00+00:00
2019-09-10 19:00:00+00:00,31676.0,32107.108696285173,29049.534613743854,35164.68277882649,21,2019-08-07 23:00:00+00:00
2019-09-10 20:00:00+00:00,28828.0,29918.405580913703,26840.98995562844,32995.82120619896,22,2019-08-07 23:00:00+00:00
2019-09-10 21:00:00+00:00,26392.0,27702.705048971664,24607.61679369146,30797.793304251867,23,2019-08-07 23:00:00+00:00
2019-09-10 22:00:00+00:00,25302.0,26390.366212629247,23279.526197350955,29501.20622790754,24,2019-08-07 23:00:00+00:00
2019-09-10 23:00:00+00:00,23985.0,24161.7725350091,23585.869300799284,24737.675769218913,1,2019-08-07 23:00:00+00:00
2019-09-11 00:00:00+00:00,23311.0,23254.13136195805,22200.275487486186,24307.987236429915,2,2019-08-07 23:00:00+00:00
2019-09-11 01:00:00+00:00,22759.0,22848.318892444408,21404.856555669874,24291.78122921894,3,2019-08-07 23:00:00+00:00
2019-09-11 02:00:00+00:00,22674.0,22565.583991540705,20845.16353711699,24286.00444596442,4,2019-08-07 23:00:00+00:00
2019-09-11 03:00:00+00:00,22778.0,22768.247802831298,20833.006275020784,24703.489330641813,5,2019-08-07 23:00:00+00:00
2019-09-11 04:00:00+00:00,24184.0,24322.358631114887,22213.115374960696,26431.601887269077,6,2019-08-07 23:00:00+00:00
2019-09-11 05:00:00+00:00,26538.0,26293.756826512516,24039.969010019224,28547.544643005807,7,2019-08-07 23:00:00+00:00
2019-09-11 06:00:00+00:00,27580.0,27567.284598915976,25191.424962626956,29943.144235204996,8,2019-08-07 23:00:00+00:00
2019-09-11 07:00:00+00:00,28692.0,29273.61538465636,26793.462352234194,31753.76841707853,9,2019-08-07 23:00:00+00:00
2019-09-11 08:00:00+00:00,29453.0,30340.694048858662,27770.673325862554,32910.71477185477,10,2019-08-07 23:00:00+00:00
2019-09-11 09:00:00+00:00,29882.0,31100.719924641904,28452.755620718595,33748.68422856522,11,2019-08-07 23:00:00+00:00
2019-09-11 10:00:00+00:00,30534.0,31773.24167275846,29057.32921319075,34489.15413232617,12,2019-08-07 23:00:00+00:00
2019-09-11 11:00:00+00:00,30778.0,32140.07096591645,29364.68077905345,34915.46115277945,13,2019-08-07 23:00:00+00:00
2019-09-11 12:00:00+00:00,29929.0,31689.403673019442,28861.776148894693,34517.03119714419,14,2019-08-07 23:00:00+00:00
2019-09-11 13:00:00+00:00,28973.0,31042.15135600953,28168.51878755684,33915.783924462216,15,2019-08-07 23:00:00+00:00
2019-09-11 14:00:00+00:00,28751.0,30770.53659253271,27856.294261256262,33684.77892380916,16,2019-08-07 23:00:00+00:00
2019-09-11 15:00:00+00:00,28758.0,30547.979519515007,27597.820261647405,33498.13877738261,17,2019-08-07 23:00:00+00:00
2019-09-11 16:00:00+00:00,28445.0,30078.45647346589,27096.478331160586,33060.43461577119,18,2019-08-07 23:00:00+00:00
2019-09-11 17:00:00+00:00,28508.0,29781.502766408372,26771.296354849717,32791.70917796702,19,2019-08-07 23:00:00+00:00
2019-09-11 18:00:00+00:00,29911.0,30566.885342797963,27531.60563195544,33602.165053640485,20,2019-08-07 23:00:00+00:00
2019-09-11 19:00:00+00:00,30848.0,31448.32287619719,28390.748793655872,34505.896958738515,21,2019-08-07 23:00:00+00:00
2019-09-11 20:00:00+00:00,28309.0,29177.067029445254,26099.65140415999,32254.482654730517,22,2019-08-07 23:00:00+00:00
2019-09-11 21:00:00+00:00,26057.0,26972.782773570096,23877.694518289893,30067.8710288503,23,2019-08-07 23:00:00+00:00
2019-09-11 22:00:00+00:00,24852.0,25687.387412568864,22576.54739729057,28798.227427847156,24,2019-08-07 23:00:00+00:00
2019-09-11 23:00:00+00:00,23706.0,23597.22594296689,23021.322708757074,24173.129177176703,1,2019-08-07 23:00:00+00:00
2019-09-12 00:00:00+00:00,22802.0,22761.613235753393,21707.75736128153,23815.46911022526,2,2019-08-07 23:00:00+00:00
2019-09-12 01:00:00+00:00,22439.0,22283.240139406076,20839.777802631543,23726.70247618061,3,2019-08-07 23:00:00+00:00
2019-09-12 02:00:00+00:00,22536.0,22109.29896786693,20388.878513443215,23829.719422290644,4,2019-08-07 23:00:00+00:00
2019-09-12 03:00:00+00:00,22765.0,22279.423253052468,20344.181725241953,24214.664780862982,5,2019-08-07 23:00:00+00:00
2019-09-12 04:00:00+00:00,24750.0,23709.27125665882,21600.02800050463,25818.51451281301,6,2019-08-07 23:00:00+00:00
2019-09-12 05:00:00+00:00,27470.0,25674.11016371154,23420.322347218247,27927.89798020483,7,2019-08-07 23:00:00+00:00
2019-09-12 06:00:00+00:00,28911.0,26864.82088088939,24488.96124460037,29240.68051717841,8,2019-08-07 23:00:00+00:00
2019-09-12 07:00:00+00:00,30201.0,28458.005694505202,25977.852662083034,30938.15872692737,9,2019-08-07 23:00:00+00:00
2019-09-12 08:00:00+00:00,31060.0,29530.595024013695,26960.574301017587,32100.615747009804,10,2019-08-07 23:00:00+00:00
2019-09-12 09:00:00+00:00,31424.0,30281.734915843528,27633.77061192022,32929.69921976684,11,2019-08-07 23:00:00+00:00
2019-09-12 10:00:00+00:00,31850.0,31043.62830302948,28327.71584346177,33759.54076259719,12,2019-08-07 23:00:00+00:00
2019-09-12 11:00:00+00:00,32026.0,31476.26321649002,28700.873029627022,34251.65340335302,13,2019-08-07 23:00:00+00:00
2019-09-12 12:00:00+00:00,31296.0,30949.06044013042,28121.43291600567,33776.68796425517,14,2019-08-07 23:00:00+00:00
2019-09-12 13:00:00+00:00,30674.0,30187.78413568486,27314.15156723217,33061.41670413755,15,2019-08-07 23:00:00+00:00
2019-09-12 14:00:00+00:00,30446.0,29931.452079551815,27017.209748275367,32845.69441082826,16,2019-08-07 23:00:00+00:00
2019-09-12 15:00:00+00:00,30378.0,29782.934531803414,26832.77527393581,32733.093789671017,17,2019-08-07 23:00:00+00:00
2019-09-12 16:00:00+00:00,30032.0,29394.735987460626,26412.757845155324,32376.71412976593,18,2019-08-07 23:00:00+00:00
2019-09-12 17:00:00+00:00,29977.0,29189.627262073587,26179.420850514933,32199.83367363224,19,2019-08-07 23:00:00+00:00
2019-09-12 18:00:00+00:00,31207.0,30068.459887688554,27033.180176846032,33103.73959853108,20,2019-08-07 23:00:00+00:00
2019-09-12 19:00:00+00:00,31371.0,31048.07452399765,27990.50044145633,34105.64860653897,21,2019-08-07 23:00:00+00:00
2019-09-12 20:00:00+00:00,28563.0,28822.518207506208,25745.102582220945,31899.93383279147,22,2019-08-07 23:00:00+00:00
2019-09-12 21:00:00+00:00,26359.0,26661.818120509255,23566.729865229052,29756.90637578946,23,2019-08-07 23:00:00+00:00
2019-09-12 22:00:00+00:00,25138.0,25365.47729298377,22254.63727770548,28476.317308262063,24,2019-08-07 23:00:00+00:00
2019-09-12 23:00:00+00:00,23712.0,23905.21513336927,23329.311899159457,24481.118367579085,1,2019-08-07 23:00:00+00:00
2019-09-13 00:00:00+00:00,22936.0,22967.066515859387,21913.210641387523,24020.922390331252,2,2019-08-07 23:00:00+00:00
2019-09-13 01:00:00+00:00,22630.0,22529.940711559433,21086.4783747849,23973.403048333967,3,2019-08-07 23:00:00+00:00
2019-09-13 02:00:00+00:00,22431.0,22416.381984342916,20695.9615299192,24136.80243876663,4,2019-08-07 23:00:00+00:00
2019-09-13 03:00:00+00:00,22766.0,22607.75172678296,20672.510198972446,24542.993254593475,5,2019-08-07 23:00:00+00:00
2019-09-13 04:00:00+00:00,24521.0,24228.673707223676,22119.430451069486,26337.916963377866,6,2019-08-07 23:00:00+00:00
2019-09-13 05:00:00+00:00,27269.0,26360.41647711893,24106.62866062564,28614.204293612223,7,2019-08-07 23:00:00+00:00
2019-09-13 06:00:00+00:00,28651.0,27663.153212460504,25287.293576171483,30039.012848749524,8,2019-08-07 23:00:00+00:00
2019-09-13 07:00:00+00:00,30031.0,29247.648272371658,26767.49523994949,31727.801304793826,9,2019-08-07 23:00:00+00:00
2019-09-13 08:00:00+00:00,30835.0,30304.657529928016,27734.636806931907,32874.678252924125,10,2019-08-07 23:00:00+00:00
2019-09-13 09:00:00+00:00,31149.0,30980.751688756536,28332.787384833227,33628.71599267985,11,2019-08-07 23:00:00+00:00
2019-09-13 10:00:00+00:00,31600.0,31636.788692312315,28920.876232744606,34352.70115188003,12,2019-08-07 23:00:00+00:00
2019-09-13 11:00:00+00:00,31644.0,32011.215284228707,29235.82509736571,34786.6054710917,13,2019-08-07 23:00:00+00:00
2019-09-13 12:00:00+00:00,30591.0,31477.04693248088,28649.41940835613,34304.67445660563,14,2019-08-07 23:00:00+00:00
2019-09-13 13:00:00+00:00,29586.0,30802.782060257334,27929.149491804645,33676.41462871002,15,2019-08-07 23:00:00+00:00
2019-09-13 14:00:00+00:00,29274.0,30540.10358812013,27625.861256843687,33454.345919396575,16,2019-08-07 23:00:00+00:00
2019-09-13 15:00:00+00:00,29239.0,30376.026565397988,27425.867307530385,33326.185823265594,17,2019-08-07 23:00:00+00:00
2019-09-13 16:00:00+00:00,29019.0,29977.758573399384,26995.78043109408,32959.73671570468,18,2019-08-07 23:00:00+00:00
2019-09-13 17:00:00+00:00,29007.0,29756.554878484207,26746.348466925552,32766.76129004286,19,2019-08-07 23:00:00+00:00
2019-09-13 18:00:00+00:00,30158.0,30631.989044974052,27596.70933413153,33667.26875581658,20,2019-08-07 23:00:00+00:00
2019-09-13 19:00:00+00:00,30566.0,31321.08683973087,28263.51275718955,34378.66092227219,21,2019-08-07 23:00:00+00:00
2019-09-13 20:00:00+00:00,27905.0,28953.082416687725,25875.666791402462,32030.498041972987,22,2019-08-07 23:00:00+00:00
2019-09-13 21:00:00+00:00,25905.0,26792.442643008028,23697.354387727824,29887.53089828823,23,2019-08-07 23:00:00+00:00
2019-09-13 22:00:00+00:00,24780.0,25496.32183633626,22385.48182105797,28607.161851614554,24,2019-08-07 23:00:00+00:00
2019-09-13 23:00:00+00:00,23544.0,23523.058753881574,22947.15551967176,24098.96198809139,1,2019-08-07 23:00:00+00:00
2019-09-14 00:00:00+00:00,22636.0,22664.867642531633,21611.01176805977,23718.7235170035,2,2019-08-07 23:00:00+00:00
2019-09-14 01:00:00+00:00,22078.0,22275.09235045486,20831.630013680326,23718.554687229393,3,2019-08-07 23:00:00+00:00
2019-09-14 02:00:00+00:00,21690.0,22097.63900609087,20377.218551667156,23818.059460514585,4,2019-08-07 23:00:00+00:00
2019-09-14 03:00:00+00:00,21411.0,22347.473361799177,20412.231833988662,24282.71488960969,5,2019-08-07 23:00:00+00:00
2019-09-14 04:00:00+00:00,21690.0,23945.862959087273,21836.619702933087,26055.10621524146,6,2019-08-07 23:00:00+00:00
2019-09-14 05:00:00+00:00,22339.0,26175.45426686457,23921.66645037128,28429.24208335786,7,2019-08-07 23:00:00+00:00
2019-09-14 06:00:00+00:00,23082.0,27487.441557745577,25111.581921456556,29863.301194034597,8,2019-08-07 23:00:00+00:00
2019-09-14 07:00:00+00:00,25090.0,29079.884012726572,26599.730980304405,31560.03704514874,9,2019-08-07 23:00:00+00:00
2019-09-14 08:00:00+00:00,26860.0,30104.00646783299,27533.985744836886,32674.027190829096,10,2019-08-07 23:00:00+00:00
2019-09-14 09:00:00+00:00,27597.0,30734.066060354173,28086.101756430864,33382.03036427748,11,2019-08-07 23:00:00+00:00
2019-09-14 10:00:00+00:00,28106.0,31380.81488986339,28664.902430295682,34096.7273494311,12,2019-08-07 23:00:00+00:00
2019-09-14 11:00:00+00:00,28333.0,31692.749552154623,28917.359365291624,34468.13973901762,13,2019-08-07 23:00:00+00:00
2019-09-14 12:00:00+00:00,27685.0,31027.0143695411,28199.38684541635,33854.64189366585,14,2019-08-07 23:00:00+00:00
2019-09-14 13:00:00+00:00,26350.0,30230.18690517849,27356.5543367258,33103.81947363118,15,2019-08-07 23:00:00+00:00
2019-09-14 14:00:00+00:00,25500.0,29950.066411743737,27035.82408046729,32864.308743020185,16,2019-08-07 23:00:00+00:00
2019-09-14 15:00:00+00:00,25195.0,29817.986850171186,26867.827592303584,32768.14610803879,17,2019-08-07 23:00:00+00:00
2019-09-14 16:00:00+00:00,25080.0,29479.31998663509,26497.34184432979,32461.298128940394,18,2019-08-07 23:00:00+00:00
2019-09-14 17:00:00+00:00,25366.0,29301.687329924178,26291.480918365523,32311.893741482832,19,2019-08-07 23:00:00+00:00
2019-09-14 18:00:00+00:00,26922.0,30199.965027903192,27164.68531706067,33235.244738745714,20,2019-08-07 23:00:00+00:00
2019-09-14 19:00:00+00:00,28007.0,30917.57939579913,27860.00531325781,33975.15347834045,21,2019-08-07 23:00:00+00:00
2019-09-14 20:00:00+00:00,26208.0,28553.455792997327,25476.040167712064,31630.87141828259,22,2019-08-07 23:00:00+00:00
2019-09-14 21:00:00+00:00,24532.0,26466.711812358164,23371.62355707796,29561.800067638367,23,2019-08-07 23:00:00+00:00
2019-09-14 22:00:00+00:00,23137.0,25220.110693797862,22109.27067851957,28330.950709076154,24,2019-08-07 23:00:00+00:00
2019-09-14 23:00:00+00:00,21757.0,21743.066109783864,21167.16287557405,22318.96934399368,1,2019-08-07 23:00:00+00:00
2019-09-15 00:00:00+00:00,20943.0,20838.480511448663,19784.624636976798,21892.336385920527,2,2019-08-07 23:00:00+00:00
2019-09-15 01:00:00+00:00,20391.0,20460.01786027313,19016.555523498595,21903.480197047662,3,2019-08-07 23:00:00+00:00
2019-09-15 02:00:00+00:00,19936.0,20300.026858525605,18579.60640410189,22020.44731294932,4,2019-08-07 23:00:00+00:00
2019-09-15 03:00:00+00:00,19828.0,20422.79378280452,18487.552254994007,22358.035310615036,5,2019-08-07 23:00:00+00:00
2019-09-15 04:00:00+00:00,20145.0,21587.82197800212,19478.57872184793,23697.06523415631,6,2019-08-07 23:00:00+00:00
2019-09-15 05:00:00+00:00,20508.0,23200.61670980579,20946.828893312497,25454.40452629908,7,2019-08-07 23:00:00+00:00
2019-09-15 06:00:00+00:00,20816.0,24361.936722783226,21986.077086494206,26737.796359072247,8,2019-08-07 23:00:00+00:00
2019-09-15 07:00:00+00:00,22438.0,26221.297260317853,23741.144227895686,28701.45029274002,9,2019-08-07 23:00:00+00:00
2019-09-15 08:00:00+00:00,24116.0,27629.659132746892,25059.638409750783,30199.679855743,10,2019-08-07 23:00:00+00:00
2019-09-15 09:00:00+00:00,25058.0,28432.740373200082,25784.776069276773,31080.70467712339,11,2019-08-07 23:00:00+00:00
2019-09-15 10:00:00+00:00,25676.0,29132.798740285383,26416.886280717674,31848.711199853093,12,2019-08-07 23:00:00+00:00
2019-09-15 11:00:00+00:00,26270.0,29531.011593746647,26755.621406883653,32306.40178060964,13,2019-08-07 23:00:00+00:00
2019-09-15 12:00:00+00:00,26126.0,29013.741571645947,26186.114047521198,31841.369095770697,14,2019-08-07 23:00:00+00:00
2019-09-15 13:00:00+00:00,25032.0,28120.12658242462,25246.49401397193,30993.759150877308,15,2019-08-07 23:00:00+00:00
2019-09-15 14:00:00+00:00,24368.0,27687.773812594805,24773.531481318358,30602.016143871253,16,2019-08-07 23:00:00+00:00
2019-09-15 15:00:00+00:00,24070.0,27513.83855525181,24563.679297384206,30463.99781311941,17,2019-08-07 23:00:00+00:00
2019-09-15 16:00:00+00:00,24029.0,27268.924239322307,24286.946097017004,30250.90238162761,18,2019-08-07 23:00:00+00:00
2019-09-15 17:00:00+00:00,24410.0,27258.339877187034,24248.13346562838,30268.54628874569,19,2019-08-07 23:00:00+00:00
2019-09-15 18:00:00+00:00,26392.0,28371.10706481964,25335.827353977118,31406.386775662162,20,2019-08-07 23:00:00+00:00
2019-09-15 19:00:00+00:00,27770.0,29328.732818161003,26271.158735619683,32386.306900702322,21,2019-08-07 23:00:00+00:00
2019-09-15 20:00:00+00:00,26534.0,27271.067097773335,24193.651472488073,30348.482723058598,22,2019-08-07 23:00:00+00:00
2019-09-15 21:00:00+00:00,24799.0,25343.1996849399,22248.111429659697,28438.287940220103,23,2019-08-07 23:00:00+00:00
2019-09-15 22:00:00+00:00,23190.0,24044.01641167665,20933.176396398358,27154.856426954942,24,2019-08-07 23:00:00+00:00
2019-09-15 23:00:00+00:00,22018.0,21645.055891936365,21069.15265772655,22220.95912614618,1,2019-08-07 23:00:00+00:00
2019-09-16 00:00:00+00:00,21275.0,20744.660792170227,19690.804917698362,21798.516666642092,2,2019-08-07 23:00:00+00:00
2019-09-16 01:00:00+00:00,20944.0,20329.849579009984,18886.38724223545,21773.311915784518,3,2019-08-07 23:00:00+00:00
2019-09-16 02:00:00+00:00,21071.0,20102.137970280535,18381.71751585682,21822.55842470425,4,2019-08-07 23:00:00+00:00
2019-09-16 03:00:00+00:00,21663.0,20221.985404956507,18286.743877145993,22157.226932767022,5,2019-08-07 23:00:00+00:00
2019-09-16 04:00:00+00:00,24068.0,21276.105665577674,19166.862409423487,23385.34892173186,6,2019-08-07 23:00:00+00:00
2019-09-16 05:00:00+00:00,27504.0,22652.124041152096,20398.336224658804,24905.911857645387,7,2019-08-07 23:00:00+00:00
2019-09-16 06:00:00+00:00,29263.0,23592.093633860208,21216.233997571188,25967.953270149228,8,2019-08-07 23:00:00+00:00
2019-09-16 07:00:00+00:00,30646.0,25319.5810220142,22839.427989592034,27799.73405443637,9,2019-08-07 23:00:00+00:00
2019-09-16 08:00:00+00:00,31712.0,26729.417190520628,24159.396467524522,29299.437913516733,10,2019-08-07 23:00:00+00:00
2019-09-16 09:00:00+00:00,32239.0,27587.940826539812,24939.976522616504,30235.90513046312,11,2019-08-07 23:00:00+00:00
2019-09-16 10:00:00+00:00,32907.0,28293.682780708175,25577.770321140466,31009.595240275885,12,2019-08-07 23:00:00+00:00
2019-09-16 11:00:00+00:00,33002.0,28793.608356330282,26018.218169467287,31568.998543193276,13,2019-08-07 23:00:00+00:00
2019-09-16 12:00:00+00:00,32201.0,28433.015853636385,25605.388329511636,31260.643377761135,14,2019-08-07 23:00:00+00:00
2019-09-16 13:00:00+00:00,31702.0,27562.716093839077,24689.083525386388,30436.348662291766,15,2019-08-07 23:00:00+00:00
2019-09-16 14:00:00+00:00,31601.0,27137.263709649098,24223.02137837265,30051.506040925546,16,2019-08-07 23:00:00+00:00
2019-09-16 15:00:00+00:00,31639.0,26942.076186863942,23991.91692899634,29892.235444731545,17,2019-08-07 23:00:00+00:00
2019-09-16 16:00:00+00:00,31117.0,26733.218185643673,23751.24004333837,29715.196327948976,18,2019-08-07 23:00:00+00:00
2019-09-16 17:00:00+00:00,30776.0,26787.5536925939,23777.347281035247,29797.760104152556,19,2019-08-07 23:00:00+00:00
2019-09-16 18:00:00+00:00,32212.0,28103.34420622333,25068.064495380808,31138.623917065852,20,2019-08-07 23:00:00+00:00
2019-09-16 19:00:00+00:00,32168.0,29176.721180346387,26119.147097805067,32234.295262887706,21,2019-08-07 23:00:00+00:00
2019-09-16 20:00:00+00:00,29041.0,27348.951992079106,24271.536366793844,30426.36761736437,22,2019-08-07 23:00:00+00:00
2019-09-16 21:00:00+00:00,26635.0,25426.1578140718,22331.069558791598,28521.246069352004,23,2019-08-07 23:00:00+00:00
2019-09-16 22:00:00+00:00,25418.0,24032.798084644393,20921.9580693661,27143.638099922686,24,2019-08-07 23:00:00+00:00
2019-09-16 23:00:00+00:00,24236.0,24303.708749176145,23727.80551496633,24879.61198338596,1,2019-08-07 23:00:00+00:00
2019-09-17 00:00:00+00:00,23393.0,23460.616073231413,22406.760198759548,24514.471947703278,2,2019-08-07 23:00:00+00:00
2019-09-17 01:00:00+00:00,22987.0,22973.226713602467,21529.764376827934,24416.689050377,3,2019-08-07 23:00:00+00:00
2019-09-17 02:00:00+00:00,22944.0,22796.607397035506,21076.186942611792,24517.02785145922,4,2019-08-07 23:00:00+00:00
2019-09-17 03:00:00+00:00,23379.0,23016.934080811334,21081.69255300082,24952.17560862185,5,2019-08-07 23:00:00+00:00
2019-09-17 04:00:00+00:00,25468.0,24614.638130624728,22505.39487447054,26723.881386778914,6,2019-08-07 23:00:00+00:00
2019-09-17 05:00:00+00:00,28623.0,26860.984859235592,24607.1970427423,29114.772675728884,7,2019-08-07 23:00:00+00:00
2019-09-17 06:00:00+00:00,29989.0,28140.18665104421,25764.32701475519,30516.04628733323,8,2019-08-07 23:00:00+00:00
2019-09-17 07:00:00+00:00,30929.0,29669.233675016956,27189.08064259479,32149.386707439124,9,2019-08-07 23:00:00+00:00
2019-09-17 08:00:00+00:00,31618.0,30798.329070603697,28228.30834760759,33368.3497935998,10,2019-08-07 23:00:00+00:00
2019-09-17 09:00:00+00:00,32428.0,31428.959888653164,28780.995584729855,34076.92419257647,11,2019-08-07 23:00:00+00:00
2019-09-17 10:00:00+00:00,33455.0,32057.71037908143,29341.79791951372,34773.62283864914,12,2019-08-07 23:00:00+00:00
2019-09-17 11:00:00+00:00,33566.0,32310.003652966574,29534.613466103576,35085.39383982957,13,2019-08-07 23:00:00+00:00
2019-09-17 12:00:00+00:00,32702.0,31664.43331819976,28836.80579407501,34492.060842324514,14,2019-08-07 23:00:00+00:00
2019-09-17 13:00:00+00:00,32300.0,30909.32128400489,28035.6887155522,33782.95385245758,15,2019-08-07 23:00:00+00:00
2019-09-17 14:00:00+00:00,32303.0,30589.45733146704,27675.215000190597,33503.699662743486,16,2019-08-07 23:00:00+00:00
2019-09-17 15:00:00+00:00,32093.0,30438.649761104876,27488.490503237274,33388.80901897248,17,2019-08-07 23:00:00+00:00
2019-09-17 16:00:00+00:00,31462.0,30016.98035144046,27035.002209135157,32998.95849374576,18,2019-08-07 23:00:00+00:00
2019-09-17 17:00:00+00:00,31253.0,29794.77042606662,26784.564014507967,32804.976837625276,19,2019-08-07 23:00:00+00:00
2019-09-17 18:00:00+00:00,32587.0,30943.14991983989,27907.870208997367,33978.42963068241,20,2019-08-07 23:00:00+00:00
2019-09-17 19:00:00+00:00,32567.0,31490.768190593906,28433.194108052587,34548.342273135226,21,2019-08-07 23:00:00+00:00
2019-09-17 20:00:00+00:00,29430.0,29006.920179801233,25929.50455451597,32084.335805086495,22,2019-08-07 23:00:00+00:00
2019-09-17 21:00:00+00:00,26982.0,26819.807508040998,23724.719252760795,29914.8957633212,23,2019-08-07 23:00:00+00:00
2019-09-17 22:00:00+00:00,25622.0,25497.211678404732,22386.37166312644,28608.051693683024,24,2019-08-07 23:00:00+00:00
2019-09-17 23:00:00+00:00,24301.0,24347.05049426732,23771.147260057507,24922.953728477136,1,2019-08-07 23:00:00+00:00
2019-09-18 00:00:00+00:00,23393.0,23445.005397772726,22391.14952330086,24498.86127224459,2,2019-08-07 23:00:00+00:00
2019-09-18 01:00:00+00:00,22931.0,22975.950867867934,21532.4885310934,24419.413204642467,3,2019-08-07 23:00:00+00:00
2019-09-18 02:00:00+00:00,22955.0,22801.43569296866,21081.015238544944,24521.856147392373,4,2019-08-07 23:00:00+00:00
2019-09-18 03:00:00+00:00,23248.0,23035.761455676817,21100.519927866302,24971.00298348733,5,2019-08-07 23:00:00+00:00
2019-09-18 04:00:00+00:00,25322.0,24643.541449747998,22534.29819359381,26752.784705902184,6,2019-08-07 23:00:00+00:00
2019-09-18 05:00:00+00:00,28463.0,26959.370827598214,24705.58301110492,29213.158644091505,7,2019-08-07 23:00:00+00:00
2019-09-18 06:00:00+00:00,29972.0,28177.42019479993,25801.56055851091,30553.279831088952,8,2019-08-07 23:00:00+00:00
2019-09-18 07:00:00+00:00,31257.0,29547.641079513312,27067.488047091145,32027.79411193548,9,2019-08-07 23:00:00+00:00
2019-09-18 08:00:00+00:00,32082.0,30551.093730045748,27981.073007049643,33121.11445304185,10,2019-08-07 23:00:00+00:00
2019-09-18 09:00:00+00:00,32667.0,31287.990106634257,28640.02580271095,33935.95441055757,11,2019-08-07 23:00:00+00:00
2019-09-18 10:00:00+00:00,33407.0,32067.424510047636,29351.512050479927,34783.336969615346,12,2019-08-07 23:00:00+00:00
2019-09-18 11:00:00+00:00,33704.0,32321.187944612124,29545.797757749126,35096.57813147512,13,2019-08-07 23:00:00+00:00
2019-09-18 12:00:00+00:00,32941.0,31648.01349428528,28820.38597016053,34475.64101841003,14,2019-08-07 23:00:00+00:00
2019-09-18 13:00:00+00:00,32465.0,30973.866843383687,28100.234274930997,33847.499411836376,15,2019-08-07 23:00:00+00:00
2019-09-18 14:00:00+00:00,32276.0,30732.077921073636,27817.835589797192,33646.32025235008,16,2019-08-07 23:00:00+00:00
2019-09-18 15:00:00+00:00,32344.0,30527.956935663486,27577.797677795883,33478.11619353109,17,2019-08-07 23:00:00+00:00
2019-09-18 16:00:00+00:00,31669.0,30066.13459405977,27084.15645175447,33048.112736365074,18,2019-08-07 23:00:00+00:00
2019-09-18 17:00:00+00:00,31322.0,29887.72245412044,26877.516042561787,32897.928865679096,19,2019-08-07 23:00:00+00:00
2019-09-18 18:00:00+00:00,32776.0,31045.95241642333,28010.672705580808,34081.23212726585,20,2019-08-07 23:00:00+00:00
2019-09-18 19:00:00+00:00,32575.0,31537.920037741726,28480.345955200406,34595.494120283045,21,2019-08-07 23:00:00+00:00
2019-09-18 20:00:00+00:00,29391.0,28979.16194394923,25901.74631866397,32056.577569234494,22,2019-08-07 23:00:00+00:00
2019-09-18 21:00:00+00:00,27012.0,26758.355720900072,23663.26746561987,29853.443976180275,23,2019-08-07 23:00:00+00:00
2019-09-18 22:00:00+00:00,25640.0,25405.90575431364,22295.065739035348,28516.745769591933,24,2019-08-07 23:00:00+00:00
2019-09-18 23:00:00+00:00,24288.0,24321.49065769014,23745.587423480327,24897.393891899956,1,2019-08-07 23:00:00+00:00
2019-09-19 00:00:00+00:00,23397.0,23388.740759362125,22334.88488489026,24442.59663383399,2,2019-08-07 23:00:00+00:00
2019-09-19 01:00:00+00:00,23223.0,22909.546563075924,21466.08422630139,24353.008899850458,3,2019-08-07 23:00:00+00:00
2019-09-19 02:00:00+00:00,23053.0,22777.967302766072,21057.546848342357,24498.387757189786,4,2019-08-07 23:00:00+00:00
2019-09-19 03:00:00+00:00,23368.0,22988.4365733341,21053.195045523586,24923.678101144615,5,2019-08-07 23:00:00+00:00
2019-09-19 04:00:00+00:00,25503.0,24653.252769903615,22544.009513749428,26762.4960260578,6,2019-08-07 23:00:00+00:00
2019-09-19 05:00:00+00:00,28690.0,27071.30337583284,24817.515559339547,29325.09119232613,7,2019-08-07 23:00:00+00:00
2019-09-19 06:00:00+00:00,30231.0,28361.310490148644,25985.450853859624,30737.170126437664,8,2019-08-07 23:00:00+00:00
2019-09-19 07:00:00+00:00,31320.0,29803.64709566008,27323.49406323791,32283.800128082246,9,2019-08-07 23:00:00+00:00
2019-09-19 08:00:00+00:00,31978.0,30818.298924215684,28248.278201219575,33388.31964721179,10,2019-08-07 23:00:00+00:00
2019-09-19 09:00:00+00:00,32628.0,31484.79534382854,28836.83103990523,34132.75964775185,11,2019-08-07 23:00:00+00:00
2019-09-19 10:00:00+00:00,33498.0,32193.29259487482,29477.38013530711,34909.20505444253,12,2019-08-07 23:00:00+00:00
2019-09-19 11:00:00+00:00,33916.0,32497.58689022449,29722.196703361493,35272.97707708749,13,2019-08-07 23:00:00+00:00
2019-09-19 12:00:00+00:00,33131.0,31838.188634254337,29010.561110129587,34665.816158379086,14,2019-08-07 23:00:00+00:00
2019-09-19 13:00:00+00:00,32639.0,31172.766880107127,28299.134311654438,34046.399448559816,15,2019-08-07 23:00:00+00:00
2019-09-19 14:00:00+00:00,32403.0,30893.656472540508,27979.41414126406,33807.898803816955,16,2019-08-07 23:00:00+00:00
2019-09-19 15:00:00+00:00,32354.0,30790.14726587241,27839.988008004806,33740.306523740015,17,2019-08-07 23:00:00+00:00
2019-09-19 16:00:00+00:00,31711.0,30292.278888746125,27310.300746440822,33274.25703105143,18,2019-08-07 23:00:00+00:00
2019-09-19 17:00:00+00:00,31422.0,30061.269012121607,27051.062600562953,33071.47542368026,19,2019-08-07 23:00:00+00:00
2019-09-19 18:00:00+00:00,32838.0,31285.77576181788,28250.496050975355,34321.0554726604,20,2019-08-07 23:00:00+00:00
2019-09-19 19:00:00+00:00,32628.0,31649.11079079691,28591.53670825559,34706.68487333823,21,2019-08-07 23:00:00+00:00
2019-09-19 20:00:00+00:00,29591.0,29001.667749030694,25924.25212374543,32079.083374315956,22,2019-08-07 23:00:00+00:00
2019-09-19 21:00:00+00:00,27214.0,26778.022791915424,23682.93453663522,29873.111047195627,23,2019-08-07 23:00:00+00:00
2019-09-19 22:00:00+00:00,25720.0,25421.057762798755,22310.217747520463,28531.897778077047,24,2019-08-07 23:00:00+00:00
2019-09-19 23:00:00+00:00,24466.0,24310.06262034053,23734.159386130716,24885.965854550344,1,2019-08-07 23:00:00+00:00
2019-09-20 00:00:00+00:00,23592.0,23364.717935375407,22310.862060903542,24418.573809847272,2,2019-08-07 23:00:00+00:00
2019-09-20 01:00:00+00:00,23248.0,22992.30784379165,21548.845507017115,24435.77018056618,3,2019-08-07 23:00:00+00:00
2019-09-20 02:00:00+00:00,23101.0,22811.383935999023,21090.96348157531,24531.804390422738,4,2019-08-07 23:00:00+00:00
2019-09-20 03:00:00+00:00,23458.0,23041.167144373176,21105.92561656266,24976.40867218369,5,2019-08-07 23:00:00+00:00
2019-09-20 04:00:00+00:00,25544.0,24780.309032343503,22671.065776189316,26889.55228849769,6,2019-08-07 23:00:00+00:00
2019-09-20 05:00:00+00:00,28831.0,27306.61203405849,25052.824217565198,29560.39985055178,7,2019-08-07 23:00:00+00:00
2019-09-20 06:00:00+00:00,30211.0,28636.51372732055,26260.65409103153,31012.37336360957,8,2019-08-07 23:00:00+00:00
2019-09-20 07:00:00+00:00,31388.0,29989.251214585398,27509.09818216323,32469.404247007566,9,2019-08-07 23:00:00+00:00
2019-09-20 08:00:00+00:00,32319.0,30920.659824909508,28350.639101913403,33490.68054790561,10,2019-08-07 23:00:00+00:00
2019-09-20 09:00:00+00:00,32862.0,31601.097640836953,28953.133336913645,34249.061944760266,11,2019-08-07 23:00:00+00:00
2019-09-20 10:00:00+00:00,33422.0,32361.117986902675,29645.205527334965,35077.03044647039,12,2019-08-07 23:00:00+00:00
2019-09-20 11:00:00+00:00,33507.0,32708.783063373194,29933.392876510195,35484.17325023619,13,2019-08-07 23:00:00+00:00
2019-09-20 12:00:00+00:00,32584.0,32029.071282453766,29201.443758329016,34856.69880657852,14,2019-08-07 23:00:00+00:00
2019-09-20 13:00:00+00:00,31763.0,31382.24901302316,28508.61644457047,34255.88158147585,15,2019-08-07 23:00:00+00:00
2019-09-20 14:00:00+00:00,31296.0,31098.06283766496,28183.82050638851,34012.305168941406,16,2019-08-07 23:00:00+00:00
2019-09-20 15:00:00+00:00,30964.0,30974.42689851162,28024.26764064402,33924.58615637923,17,2019-08-07 23:00:00+00:00
2019-09-20 16:00:00+00:00,30548.0,30466.3621412719,27484.383998966598,33448.3402835772,18,2019-08-07 23:00:00+00:00
2019-09-20 17:00:00+00:00,30372.0,30242.178691929254,27231.9722803706,33252.385103487904,19,2019-08-07 23:00:00+00:00
2019-09-20 18:00:00+00:00,31816.0,31482.241194847193,28446.961484004667,34517.520905689715,20,2019-08-07 23:00:00+00:00
2019-09-20 19:00:00+00:00,31529.0,31771.91573888979,28714.34165634847,34829.48982143111,21,2019-08-07 23:00:00+00:00
2019-09-20 20:00:00+00:00,28676.0,29110.523515258355,26033.107889973093,32187.939140543618,22,2019-08-07 23:00:00+00:00
2019-09-20 21:00:00+00:00,26649.0,26868.478918260633,23773.39066298043,29963.567173540836,23,2019-08-07 23:00:00+00:00
2019-09-20 22:00:00+00:00,25589.0,25465.99899595703,22355.158980678738,28576.839011235323,24,2019-08-07 23:00:00+00:00
2019-09-20 23:00:00+00:00,24266.0,24440.1602559075,23864.257021697686,25016.063490117314,1,2019-08-07 23:00:00+00:00
2019-09-21 00:00:00+00:00,23179.0,23571.6397849991,22517.783910527236,24625.495659470966,2,2019-08-07 23:00:00+00:00
2019-09-21 01:00:00+00:00,22695.0,23156.547061363355,21713.08472458882,24600.00939813789,3,2019-08-07 23:00:00+00:00
2019-09-21 02:00:00+00:00,22416.0,22978.299952053123,21257.87949762941,24698.720406476838,4,2019-08-07 23:00:00+00:00
2019-09-21 03:00:00+00:00,22086.0,23227.29341986881,21292.051892058294,25162.534947679324,5,2019-08-07 23:00:00+00:00
2019-09-21 04:00:00+00:00,22391.0,24992.18282077621,22882.939564622022,27101.426076930395,6,2019-08-07 23:00:00+00:00
2019-09-21 05:00:00+00:00,23380.0,27631.536315337766,25377.748498844474,29885.324131831057,7,2019-08-07 23:00:00+00:00
2019-09-21 06:00:00+00:00,24271.0,28924.262271767617,26548.402635478596,31300.121908056637,8,2019-08-07 23:00:00+00:00
2019-09-21 07:00:00+00:00,26393.0,30270.297387404553,27790.144354982385,32750.45041982672,9,2019-08-07 23:00:00+00:00
2019-09-21 08:00:00+00:00,28050.0,31260.776928753377,28690.756205757272,33830.79765174948,10,2019-08-07 23:00:00+00:00
2019-09-21 09:00:00+00:00,28670.0,31894.042524843902,29246.078220920594,34542.00682876721,11,2019-08-07 23:00:00+00:00
2019-09-21 10:00:00+00:00,29023.0,32551.578472393317,29835.666012825608,35267.49093196103,12,2019-08-07 23:00:00+00:00
2019-09-21 11:00:00+00:00,29303.0,32783.730771942246,30008.340585079248,35559.120958805244,13,2019-08-07 23:00:00+00:00
2019-09-21 12:00:00+00:00,28502.0,32036.997352239294,29209.369828114544,34864.62487636405,14,2019-08-07 23:00:00+00:00
2019-09-21 13:00:00+00:00,27118.0,31287.154285962744,28413.521717510055,34160.78685441543,15,2019-08-07 23:00:00+00:00
2019-09-21 14:00:00+00:00,26227.0,30922.100518625353,28007.85818734891,33836.3428499018,16,2019-08-07 23:00:00+00:00
2019-09-21 15:00:00+00:00,25991.0,30702.36174085307,27752.202482985467,33652.520998720676,17,2019-08-07 23:00:00+00:00
2019-09-21 16:00:00+00:00,25803.0,30255.95460625556,27273.976463950257,33237.93274856087,18,2019-08-07 23:00:00+00:00
2019-09-21 17:00:00+00:00,25971.0,30061.300560356533,27051.094148797878,33071.50697191519,19,2019-08-07 23:00:00+00:00
2019-09-21 18:00:00+00:00,27870.0,31330.630854817344,28295.351143974818,34365.91056565987,20,2019-08-07 23:00:00+00:00
2019-09-21 19:00:00+00:00,28380.0,31527.0611489956,28469.48706645428,34584.63523153692,21,2019-08-07 23:00:00+00:00
2019-09-21 20:00:00+00:00,26570.0,28882.251385960946,25804.835760675684,31959.66701124621,22,2019-08-07 23:00:00+00:00
2019-09-21 21:00:00+00:00,24852.0,26746.989988106518,23651.901732826314,29842.07824338672,23,2019-08-07 23:00:00+00:00
2019-09-21 22:00:00+00:00,23280.0,25487.16437135876,22376.324356080466,28598.00438663705,24,2019-08-07 23:00:00+00:00
2019-09-21 23:00:00+00:00,22079.0,21749.018568338503,21173.115334128688,22324.921802548317,1,2019-08-07 23:00:00+00:00
2019-09-22 00:00:00+00:00,21162.0,20767.69580789168,19713.839933419815,21821.551682363544,2,2019-08-07 23:00:00+00:00
2019-09-22 01:00:00+00:00,20514.0,20449.884371091022,19006.42203431649,21893.346707865556,3,2019-08-07 23:00:00+00:00
2019-09-22 02:00:00+00:00,20293.0,20362.04905859494,18641.628604171226,22082.469513018656,4,2019-08-07 23:00:00+00:00
2019-09-22 03:00:00+00:00,20157.0,20503.86704360349,18568.625515792977,22439.108571414006,5,2019-08-07 23:00:00+00:00
2019-09-22 04:00:00+00:00,20538.0,21787.10744032085,19677.86418416666,23896.35069647504,6,2019-08-07 23:00:00+00:00
2019-09-22 05:00:00+00:00,20847.0,23792.98007993217,21539.19226343888,26046.767896425463,7,2019-08-07 23:00:00+00:00
2019-09-22 06:00:00+00:00,21146.0,25028.060326279476,22652.200689990455,27403.919962568496,8,2019-08-07 23:00:00+00:00
2019-09-22 07:00:00+00:00,22882.0,26795.56837117893,24315.415338756764,29275.7214036011,9,2019-08-07 23:00:00+00:00
2019-09-22 08:00:00+00:00,24358.0,28136.870643323273,25566.849920327164,30706.89136631938,10,2019-08-07 23:00:00+00:00
2019-09-22 09:00:00+00:00,25392.0,28877.94223715604,26229.97793323273,31525.90654107935,11,2019-08-07 23:00:00+00:00
2019-09-22 10:00:00+00:00,25880.0,29535.097755828614,26819.185296260905,32251.010215396323,12,2019-08-07 23:00:00+00:00
2019-09-22 11:00:00+00:00,26237.0,29900.97035801741,27125.58017115441,32676.36054488041,13,2019-08-07 23:00:00+00:00
2019-09-22 12:00:00+00:00,25996.0,29253.612853144477,26425.985329019728,32081.240377269227,14,2019-08-07 23:00:00+00:00
2019-09-22 13:00:00+00:00,24795.0,28365.22202144808,25491.58945299539,31238.85458990077,15,2019-08-07 23:00:00+00:00
2019-09-22 14:00:00+00:00,24018.0,27903.957885211366,24989.71555393492,30818.200216487814,16,2019-08-07 23:00:00+00:00
2019-09-22 15:00:00+00:00,23875.0,27770.497691271732,24820.33843340413,30720.656949139335,17,2019-08-07 23:00:00+00:00
2019-09-22 16:00:00+00:00,23878.0,27472.3632498165,24490.385107511196,30454.3413921218,18,2019-08-07 23:00:00+00:00
2019-09-22 17:00:00+00:00,24389.0,27463.009914464947,24452.803502906292,30473.2163260236,19,2019-08-07 23:00:00+00:00
2019-09-22 18:00:00+00:00,26723.0,28974.103203342434,25938.82349249991,32009.38291418496,20,2019-08-07 23:00:00+00:00
2019-09-22 19:00:00+00:00,27687.0,29450.02027660694,26392.446194065622,32507.59435914826,21,2019-08-07 23:00:00+00:00
2019-09-22 20:00:00+00:00,26263.0,27205.127569134194,24127.71194384893,30282.543194419457,22,2019-08-07 23:00:00+00:00
2019-09-22 21:00:00+00:00,24611.0,25242.190401223354,22147.10214594315,28337.278656503557,23,2019-08-07 23:00:00+00:00
2019-09-22 22:00:00+00:00,23045.0,23867.640078617784,20756.80006333949,26978.480093896076,24,2019-08-07 23:00:00+00:00
2019-09-22 23:00:00+00:00,21953.0,21645.48942552532,21069.586191315506,22221.392659735135,1,2019-08-07 23:00:00+00:00
2019-09-23 00:00:00+00:00,21144.0,20732.178431634617,19678.32255716275,21786.03430610648,2,2019-08-07 23:00:00+00:00
2019-09-23 01:00:00+00:00,20753.0,20313.965788274225,18870.50345149969,21757.42812504876,3,2019-08-07 23:00:00+00:00
2019-09-23 02:00:00+00:00,20848.0,20203.120588510144,18482.70013408643,21923.54104293386,4,2019-08-07 23:00:00+00:00
2019-09-23 03:00:00+00:00,21371.0,20336.78823081999,18401.546703009477,22272.029758630506,5,2019-08-07 23:00:00+00:00
2019-09-23 04:00:00+00:00,23797.0,21506.76854214386,19397.525285989672,23616.011798298045,6,2019-08-07 23:00:00+00:00
2019-09-23 05:00:00+00:00,27250.0,23122.903104069323,20869.11528757603,25376.690920562614,7,2019-08-07 23:00:00+00:00
2019-09-23 06:00:00+00:00,28701.0,24085.33165901521,21709.47202272619,26461.19129530423,8,2019-08-07 23:00:00+00:00
2019-09-23 07:00:00+00:00,29859.0,25743.00819178539,23262.855159363222,28223.161224207557,9,2019-08-07 23:00:00+00:00
2019-09-23 08:00:00+00:00,30797.0,27044.33213144644,24474.311408450332,29614.35285444255,10,2019-08-07 23:00:00+00:00
2019-09-23 09:00:00+00:00,31262.0,27905.895572651716,25257.931268728407,30553.859876575025,11,2019-08-07 23:00:00+00:00
2019-09-23 10:00:00+00:00,31791.0,28560.689595191816,25844.777135624106,31276.602054759525,12,2019-08-07 23:00:00+00:00
2019-09-23 11:00:00+00:00,31915.0,28931.37515215219,26155.984965289193,31706.76533901519,13,2019-08-07 23:00:00+00:00
2019-09-23 12:00:00+00:00,31017.0,28455.122323019586,25627.494798894837,31282.749847144336,14,2019-08-07 23:00:00+00:00
2019-09-23 13:00:00+00:00,30471.0,27559.593851523536,24685.961283070847,30433.226419976225,15,2019-08-07 23:00:00+00:00
2019-09-23 14:00:00+00:00,30239.0,27075.164517280908,24160.922186004464,29989.40684855735,16,2019-08-07 23:00:00+00:00
2019-09-23 15:00:00+00:00,30126.0,26952.59087630197,24002.431618434366,29902.75013416957,17,2019-08-07 23:00:00+00:00
2019-09-23 16:00:00+00:00,29854.0,26727.895921852098,23745.917779546795,29709.8740641574,18,2019-08-07 23:00:00+00:00
2019-09-23 17:00:00+00:00,29823.0,26855.718442703175,23845.51203114452,29865.92485426183,19,2019-08-07 23:00:00+00:00
2019-09-23 18:00:00+00:00,31913.0,28564.05678003377,25528.77706919125,31599.336490876292,20,2019-08-07 23:00:00+00:00
2019-09-23 19:00:00+00:00,31566.0,29200.09674096205,26142.52265842073,32257.67082350337,21,2019-08-07 23:00:00+00:00
2019-09-23 20:00:00+00:00,28489.0,27141.541015648483,24064.12539036322,30218.956640933746,22,2019-08-07 23:00:00+00:00
2019-09-23 21:00:00+00:00,26137.0,25226.113828506375,22131.025573226172,28321.20208378658,23,2019-08-07 23:00:00+00:00
2019-09-23 22:00:00+00:00,24879.0,23822.282924095874,20711.442908817582,26933.122939374167,24,2019-08-07 23:00:00+00:00
2019-09-23 23:00:00+00:00,23631.0,23790.351523107707,23214.448288897893,24366.25475731752,1,2019-08-07 23:00:00+00:00
2019-09-24 00:00:00+00:00,22853.0,22932.62602228909,21878.770147817224,23986.481896760954,2,2019-08-07 23:00:00+00:00
2019-09-24 01:00:00+00:00,22531.0,22465.115288981273,21021.65295220674,23908.577625755806,3,2019-08-07 23:00:00+00:00
2019-09-24 02:00:00+00:00,22572.0,22345.304344157594,20624.88388973388,24065.72479858131,4,2019-08-07 23:00:00+00:00
2019-09-24 03:00:00+00:00,22950.0,22579.44315071375,20644.201622903234,24514.684678524263,5,2019-08-07 23:00:00+00:00
2019-09-24 04:00:00+00:00,24776.0,24289.949426847124,22180.706170692938,26399.19268300131,6,2019-08-07 23:00:00+00:00
2019-09-24 05:00:00+00:00,27895.0,26783.036520306516,24529.248703813224,29036.824336799807,7,2019-08-07 23:00:00+00:00
2019-09-24 06:00:00+00:00,29030.0,27989.928690404853,25614.069054115833,30365.788326693873,8,2019-08-07 23:00:00+00:00
2019-09-24 07:00:00+00:00,30098.0,29366.090192845128,26885.93716042296,31846.243225267295,9,2019-08-07 23:00:00+00:00
2019-09-24 08:00:00+00:00,30863.0,30416.842052925127,27846.821329929022,32986.86277592123,10,2019-08-07 23:00:00+00:00
2019-09-24 09:00:00+00:00,31578.0,31020.564459884572,28372.600155961263,33668.52876380788,11,2019-08-07 23:00:00+00:00
2019-09-24 10:00:00+00:00,32326.0,31598.84038533175,28882.92792576404,34314.75284489946,12,2019-08-07 23:00:00+00:00
2019-09-24 11:00:00+00:00,32736.0,31817.18886935623,29041.798682493234,34592.57905621923,13,2019-08-07 23:00:00+00:00
2019-09-24 12:00:00+00:00,31827.0,31070.52543279807,28242.89790867332,33898.15295692282,14,2019-08-07 23:00:00+00:00
2019-09-24 13:00:00+00:00,31396.0,30313.12603423031,27439.49346577762,33186.758602682996,15,2019-08-07 23:00:00+00:00
2019-09-24 14:00:00+00:00,31405.0,29931.96870996235,27017.726378685904,32846.2110412388,16,2019-08-07 23:00:00+00:00
2019-09-24 15:00:00+00:00,31341.0,29764.15672680547,26813.99746893787,32714.315984673074,17,2019-08-07 23:00:00+00:00
2019-09-24 16:00:00+00:00,30932.0,29418.25377724874,26436.27563494344,32400.231919554044,18,2019-08-07 23:00:00+00:00
2019-09-24 17:00:00+00:00,30713.0,29350.81871212987,26340.612300571214,32361.025123688523,19,2019-08-07 23:00:00+00:00
2019-09-24 18:00:00+00:00,32501.0,31004.34212636185,27969.06241551933,34039.62183720437,20,2019-08-07 23:00:00+00:00
2019-09-24 19:00:00+00:00,32158.0,31165.90292902725,28108.32884648593,34223.47701156857,21,2019-08-07 23:00:00+00:00
2019-09-24 20:00:00+00:00,29155.0,28550.335893434498,25472.920268149235,31627.75151871976,22,2019-08-07 23:00:00+00:00
2019-09-24 21:00:00+00:00,26648.0,26377.091317297632,23282.00306201743,29472.179572577836,23,2019-08-07 23:00:00+00:00
2019-09-24 22:00:00+00:00,25492.0,25027.514579075894,21916.674563797602,28138.354594354187,24,2019-08-07 23:00:00+00:00
2019-09-24 23:00:00+00:00,24219.0,24338.703892450983,23762.80065824117,24914.607126660798,1,2019-08-07 23:00:00+00:00
2019-09-25 00:00:00+00:00,23374.0,23516.831674524918,22462.975800053053,24570.687548996782,2,2019-08-07 23:00:00+00:00
2019-09-25 01:00:00+00:00,22990.0,23073.697727859308,21630.235391084774,24517.16006463384,3,2019-08-07 23:00:00+00:00
2019-09-25 02:00:00+00:00,23074.0,22951.388237930354,21230.96778350664,24671.80869235407,4,2019-08-07 23:00:00+00:00
2019-09-25 03:00:00+00:00,23411.0,23160.039822611896,21224.79829480138,25095.28135042241,5,2019-08-07 23:00:00+00:00
2019-09-25 04:00:00+00:00,25426.0,24735.064820737658,22625.82156458347,26844.308076891844,6,2019-08-07 23:00:00+00:00
2019-09-25 05:00:00+00:00,28821.0,27219.738879688353,24965.95106319506,29473.526696181645,7,2019-08-07 23:00:00+00:00
2019-09-25 06:00:00+00:00,30008.0,28335.30641881316,25959.44678252414,30711.16605510218,8,2019-08-07 23:00:00+00:00
2019-09-25 07:00:00+00:00,31144.0,29644.029659522723,27163.876627100555,32124.18269194489,9,2019-08-07 23:00:00+00:00
2019-09-25 08:00:00+00:00,31846.0,30611.05456106612,28041.033838070016,33181.07528406223,10,2019-08-07 23:00:00+00:00
2019-09-25 09:00:00+00:00,32540.0,31280.689914022896,28632.725610099587,33928.654217946205,11,2019-08-07 23:00:00+00:00
2019-09-25 10:00:00+00:00,33170.0,31925.29312517998,29209.38066561227,34641.20558474769,12,2019-08-07 23:00:00+00:00
2019-09-25 11:00:00+00:00,33107.0,32228.812468151154,29453.422281288156,35004.20265501415,13,2019-08-07 23:00:00+00:00
2019-09-25 12:00:00+00:00,32290.0,31453.40630601678,28625.77878189203,34281.03383014153,14,2019-08-07 23:00:00+00:00
2019-09-25 13:00:00+00:00,31724.0,30758.536719334905,27884.904150882216,33632.16928778759,15,2019-08-07 23:00:00+00:00
2019-09-25 14:00:00+00:00,31536.0,30477.81822619936,27563.575894922913,33392.06055747581,16,2019-08-07 23:00:00+00:00
2019-09-25 15:00:00+00:00,31458.0,30329.651233817396,27379.491975949793,33279.810491685,17,2019-08-07 23:00:00+00:00
2019-09-25 16:00:00+00:00,30938.0,29938.987582677524,26957.00944037222,32920.96572498282,18,2019-08-07 23:00:00+00:00
2019-09-25 17:00:00+00:00,30912.0,29803.94769878586,26793.741287227207,32814.15411034451,19,2019-08-07 23:00:00+00:00
2019-09-25 18:00:00+00:00,32729.0,31399.213934982286,28363.934224139764,34434.49364582481,20,2019-08-07 23:00:00+00:00
2019-09-25 19:00:00+00:00,32238.0,31494.440584869048,28436.866502327728,34552.01466741037,21,2019-08-07 23:00:00+00:00
2019-09-25 20:00:00+00:00,29088.0,28843.904432191244,25766.48880690598,31921.320057476507,22,2019-08-07 23:00:00+00:00
2019-09-25 21:00:00+00:00,26698.0,26588.806088268153,23493.71783298795,29683.894343548356,23,2019-08-07 23:00:00+00:00
2019-09-25 22:00:00+00:00,25403.0,25284.1617284102,22173.321713131907,28395.001743688492,24,2019-08-07 23:00:00+00:00
2019-09-25 23:00:00+00:00,24218.0,24132.87961674317,23556.976382533354,24708.782850952983,1,2019-08-07 23:00:00+00:00
2019-09-26 00:00:00+00:00,23417.0,23236.357643263185,22182.50176879132,24290.21351773505,2,2019-08-07 23:00:00+00:00
2019-09-26 01:00:00+00:00,23133.0,22805.22068841111,21361.758351636578,24248.683025185645,3,2019-08-07 23:00:00+00:00
2019-09-26 02:00:00+00:00,22973.0,22738.151799256964,21017.73134483325,24458.57225368068,4,2019-08-07 23:00:00+00:00
2019-09-26 03:00:00+00:00,23316.0,22971.505946438163,21036.26441862765,24906.747474248677,5,2019-08-07 23:00:00+00:00
2019-09-26 04:00:00+00:00,25362.0,24663.436040397934,22554.192784243744,26772.679296552124,6,2019-08-07 23:00:00+00:00
2019-09-26 05:00:00+00:00,28612.0,27343.58472781073,25089.796911317437,29597.37254430402,7,2019-08-07 23:00:00+00:00
2019-09-26 06:00:00+00:00,29915.0,28495.803441779288,26119.943805490268,30871.663078068308,8,2019-08-07 23:00:00+00:00
2019-09-26 07:00:00+00:00,30834.0,29813.46466331768,27333.311630895514,32293.61769573985,9,2019-08-07 23:00:00+00:00
2019-09-26 08:00:00+00:00,31522.0,30746.271216506793,28176.250493510684,33316.2919395029,10,2019-08-07 23:00:00+00:00
2019-09-26 09:00:00+00:00,32108.0,31427.146867619445,28779.182563696137,34075.111171542754,11,2019-08-07 23:00:00+00:00
2019-09-26 10:00:00+00:00,32770.0,32054.60108754246,29338.688627974752,34770.513547110175,12,2019-08-07 23:00:00+00:00
2019-09-26 11:00:00+00:00,33116.0,32212.69796922262,29437.30778235962,34988.088156085614,13,2019-08-07 23:00:00+00:00
2019-09-26 12:00:00+00:00,32376.0,31464.821015981048,28637.1934918563,34292.4485401058,14,2019-08-07 23:00:00+00:00
2019-09-26 13:00:00+00:00,31996.0,30764.93345632221,27891.300887869522,33638.5660247749,15,2019-08-07 23:00:00+00:00
2019-09-26 14:00:00+00:00,31960.0,30459.52513533351,27545.282804057068,33373.767466609956,16,2019-08-07 23:00:00+00:00
2019-09-26 15:00:00+00:00,31861.0,30326.31566028527,27376.156402417666,33276.474918152875,17,2019-08-07 23:00:00+00:00
2019-09-26 16:00:00+00:00,31300.0,29902.264596938483,26920.28645463318,32884.24273924378,18,2019-08-07 23:00:00+00:00
2019-09-26 17:00:00+00:00,31126.0,29834.732395486157,26824.525983927502,32844.93880704481,19,2019-08-07 23:00:00+00:00
2019-09-26 18:00:00+00:00,33036.0,31472.656569119063,28437.37685827654,34507.936279961585,20,2019-08-07 23:00:00+00:00
2019-09-26 19:00:00+00:00,32590.0,31467.091313295674,28409.517230754354,34524.66539583699,21,2019-08-07 23:00:00+00:00
2019-09-26 20:00:00+00:00,29493.0,28726.48504879151,25649.069423506247,31803.900674076773,22,2019-08-07 23:00:00+00:00
2019-09-26 21:00:00+00:00,26999.0,26488.74443297996,23393.656177699755,29583.83268826016,23,2019-08-07 23:00:00+00:00
2019-09-26 22:00:00+00:00,25762.0,25159.07266141801,22048.232646139717,28269.9126766963,24,2019-08-07 23:00:00+00:00
2019-09-26 23:00:00+00:00,24621.0,24570.37106822171,23994.467834011895,25146.274302431524,1,2019-08-07 23:00:00+00:00
2019-09-27 00:00:00+00:00,23689.0,23719.320670915906,22665.46479644404,24773.17654538777,2,2019-08-07 23:00:00+00:00
2019-09-27 01:00:00+00:00,23321.0,23306.58239127381,21863.120054499275,24750.044728048342,3,2019-08-07 23:00:00+00:00
2019-09-27 02:00:00+00:00,23035.0,23147.483505550954,21427.06305112724,24867.90395997467,4,2019-08-07 23:00:00+00:00
2019-09-27 03:00:00+00:00,23435.0,23374.21146235697,21438.969934546454,25309.452990167483,5,2019-08-07 23:00:00+00:00
2019-09-27 04:00:00+00:00,25429.0,25097.236393897416,22987.99313774323,27206.479650051602,6,2019-08-07 23:00:00+00:00
2019-09-27 05:00:00+00:00,28545.0,27795.302776608194,25541.514960114902,30049.090593101486,7,2019-08-07 23:00:00+00:00
2019-09-27 06:00:00+00:00,29771.0,28975.218640735555,26599.359004446535,31351.078277024575,8,2019-08-07 23:00:00+00:00
2019-09-27 07:00:00+00:00,30994.0,30174.32818892105,27694.17515649888,32654.481221343216,9,2019-08-07 23:00:00+00:00
2019-09-27 08:00:00+00:00,31839.0,31056.541244852182,28486.520521856073,33626.56196784829,10,2019-08-07 23:00:00+00:00
2019-09-27 09:00:00+00:00,32462.0,31684.435620662945,29036.471316739637,34332.39992458626,11,2019-08-07 23:00:00+00:00
2019-09-27 10:00:00+00:00,33128.0,32308.89582386789,29592.98336430018,35024.8082834356,12,2019-08-07 23:00:00+00:00
2019-09-27 11:00:00+00:00,33495.0,32572.64777148062,29797.257584617626,35348.037958343615,13,2019-08-07 23:00:00+00:00
2019-09-27 12:00:00+00:00,32532.0,31830.547938059717,29002.920413934968,34658.17546218447,14,2019-08-07 23:00:00+00:00
2019-09-27 13:00:00+00:00,31839.0,31201.932130126283,28328.299561673593,34075.56469857897,15,2019-08-07 23:00:00+00:00
2019-09-27 14:00:00+00:00,31521.0,30954.14019366572,28039.897862389276,33868.382524942164,16,2019-08-07 23:00:00+00:00
2019-09-27 15:00:00+00:00,31325.0,30808.999192717223,27858.83993484962,33759.15845058483,17,2019-08-07 23:00:00+00:00
2019-09-27 16:00:00+00:00,30689.0,30347.433084596865,27365.454942291562,33329.411226902164,18,2019-08-07 23:00:00+00:00
2019-09-27 17:00:00+00:00,30457.0,30221.634277521152,27211.427865962498,33231.84068907981,19,2019-08-07 23:00:00+00:00
2019-09-27 18:00:00+00:00,31800.0,31905.991830343377,28870.712119500855,34941.2715411859,20,2019-08-07 23:00:00+00:00
2019-09-27 19:00:00+00:00,31201.0,31846.648863952927,28789.074781411608,34904.22294649425,21,2019-08-07 23:00:00+00:00
2019-09-27 20:00:00+00:00,28367.0,29065.17846546236,25987.762840177096,32142.59409074762,22,2019-08-07 23:00:00+00:00
2019-09-27 21:00:00+00:00,26253.0,26762.70190172285,23667.613646442645,29857.79015700305,23,2019-08-07 23:00:00+00:00
2019-09-27 22:00:00+00:00,25183.0,25450.60334858182,22339.763333303526,28561.44336386011,24,2019-08-07 23:00:00+00:00
2019-09-27 23:00:00+00:00,23985.0,24056.04274500974,23480.139510799927,24631.945979219556,1,2019-08-07 23:00:00+00:00
2019-09-28 00:00:00+00:00,22942.0,23183.846481857167,22129.9906073853,24237.70235632903,2,2019-08-07 23:00:00+00:00
2019-09-28 01:00:00+00:00,22389.0,22788.297324072835,21344.8349872983,24231.75966084737,3,2019-08-07 23:00:00+00:00
2019-09-28 02:00:00+00:00,21997.0,22613.49348687326,20893.073032449545,24333.913941296974,4,2019-08-07 23:00:00+00:00
2019-09-28 03:00:00+00:00,21778.0,22903.618128516693,20968.37660070618,24838.859656327208,5,2019-08-07 23:00:00+00:00
2019-09-28 04:00:00+00:00,22211.0,24675.178932330782,22565.935676176596,26784.42218848497,6,2019-08-07 23:00:00+00:00
2019-09-28 05:00:00+00:00,23229.0,27419.52952451832,25165.741708025027,29673.31734101161,7,2019-08-07 23:00:00+00:00
2019-09-28 06:00:00+00:00,24124.0,28611.097626526982,26235.23799023796,30986.957262816002,8,2019-08-07 23:00:00+00:00
2019-09-28 07:00:00+00:00,26199.0,29907.340797203422,27427.187764781254,32387.49382962559,9,2019-08-07 23:00:00+00:00
2019-09-28 08:00:00+00:00,27753.0,30843.257541586532,28273.236818590427,33413.27826458264,10,2019-08-07 23:00:00+00:00
2019-09-28 09:00:00+00:00,28394.0,31499.563227755258,28851.59892383195,34147.52753167857,11,2019-08-07 23:00:00+00:00
2019-09-28 10:00:00+00:00,28731.0,32149.422914519666,29433.510454951956,34865.33537408738,12,2019-08-07 23:00:00+00:00
2019-09-28 11:00:00+00:00,29037.0,32449.289177427214,29673.89899056422,35224.67936429021,13,2019-08-07 23:00:00+00:00
2019-09-28 12:00:00+00:00,28427.0,31644.294574975724,28816.667050850974,34471.92209910048,14,2019-08-07 23:00:00+00:00
2019-09-28 13:00:00+00:00,27260.0,30950.358512898067,28076.725944445378,33823.99108135075,15,2019-08-07 23:00:00+00:00
2019-09-28 14:00:00+00:00,26504.0,30642.930067741185,27728.687736464737,33557.17239901763,16,2019-08-07 23:00:00+00:00
2019-09-28 15:00:00+00:00,26193.0,30483.237157085907,27533.077899218304,33433.39641495351,17,2019-08-07 23:00:00+00:00
2019-09-28 16:00:00+00:00,26006.0,29995.996933412123,27014.01879110682,32977.975075717426,18,2019-08-07 23:00:00+00:00
2019-09-28 17:00:00+00:00,26125.0,29856.34572471957,26846.139313160915,32866.552136278224,19,2019-08-07 23:00:00+00:00
2019-09-28 18:00:00+00:00,27941.0,31377.002720789933,28341.72300994741,34412.282431632455,20,2019-08-07 23:00:00+00:00
2019-09-28 19:00:00+00:00,28136.0,31225.706600366033,28168.132517824713,34283.28068290735,21,2019-08-07 23:00:00+00:00
2019-09-28 20:00:00+00:00,26157.0,28510.576790943247,25433.161165657984,31587.99241622851,22,2019-08-07 23:00:00+00:00
2019-09-28 21:00:00+00:00,24526.0,26331.599026632703,23236.5107713525,29426.687281912906,23,2019-08-07 23:00:00+00:00
2019-09-28 22:00:00+00:00,22953.0,25099.107479491046,21988.267464212753,28209.947494769338,24,2019-08-07 23:00:00+00:00
2019-09-28 23:00:00+00:00,21675.0,21504.203137254037,20928.299903044222,22080.10637146385,1,2019-08-07 23:00:00+00:00
2019-09-29 00:00:00+00:00,20694.0,20527.904248539355,19474.04837406749,21581.76012301122,2,2019-08-07 23:00:00+00:00
2019-09-29 01:00:00+00:00,20022.0,20196.730553973473,18753.26821719894,21640.192890748007,3,2019-08-07 23:00:00+00:00
2019-09-29 02:00:00+00:00,19670.0,20093.35322528661,18372.932770862895,21813.773679710324,4,2019-08-07 23:00:00+00:00
2019-09-29 03:00:00+00:00,19649.0,20291.13711477214,18355.895586961626,22226.378642582655,5,2019-08-07 23:00:00+00:00
2019-09-29 04:00:00+00:00,20007.0,21638.5969306203,19529.35367446611,23747.84018677449,6,2019-08-07 23:00:00+00:00
2019-09-29 05:00:00+00:00,20379.0,23778.044950319025,21524.257133825733,26031.832766812317,7,2019-08-07 23:00:00+00:00
2019-09-29 06:00:00+00:00,20649.0,24953.888821990025,22578.029185701005,27329.748458279046,8,2019-08-07 23:00:00+00:00
2019-09-29 07:00:00+00:00,22330.0,26642.13317954997,24161.9801471278,29122.286211972136,9,2019-08-07 23:00:00+00:00
2019-09-29 08:00:00+00:00,23943.0,27911.257317692878,25341.23659469677,30481.278040688987,10,2019-08-07 23:00:00+00:00
2019-09-29 09:00:00+00:00,24830.0,28654.108918034926,26006.144614111618,31302.073221958235,11,2019-08-07 23:00:00+00:00
2019-09-29 10:00:00+00:00,25503.0,29267.113312800877,26551.200853233167,31983.025772368586,12,2019-08-07 23:00:00+00:00
2019-09-29 11:00:00+00:00,26149.0,29628.90020744385,26853.510020580856,32404.290394306845,13,2019-08-07 23:00:00+00:00
2019-09-29 12:00:00+00:00,26174.0,29002.80797912649,26175.18045500174,31830.43550325124,14,2019-08-07 23:00:00+00:00
2019-09-29 13:00:00+00:00,25199.0,28205.731906521072,25332.099338068383,31079.36447497376,15,2019-08-07 23:00:00+00:00
2019-09-29 14:00:00+00:00,24612.0,27803.089618594233,24888.84728731779,30717.331949870677,16,2019-08-07 23:00:00+00:00
2019-09-29 15:00:00+00:00,24415.0,27657.99569922294,24707.83644135534,30608.154957090544,17,2019-08-07 23:00:00+00:00
2019-09-29 16:00:00+00:00,24486.0,27371.35853043826,24389.38038813296,30353.336672743564,18,2019-08-07 23:00:00+00:00
2019-09-29 17:00:00+00:00,24952.0,27400.995015894914,24390.78860433626,30411.20142745357,19,2019-08-07 23:00:00+00:00
2019-09-29 18:00:00+00:00,27519.0,29121.32057458291,26086.04086374039,32156.600285425433,20,2019-08-07 23:00:00+00:00
2019-09-29 19:00:00+00:00,27969.0,29248.789489822455,26191.215407281135,32306.363572363774,21,2019-08-07 23:00:00+00:00
2019-09-29 20:00:00+00:00,26336.0,26873.09942830029,23795.68380301503,29950.515053585554,22,2019-08-07 23:00:00+00:00
2019-09-29 21:00:00+00:00,24553.0,24920.053257223746,21824.965001943543,28015.14151250395,23,2019-08-07 23:00:00+00:00
2019-09-29 22:00:00+00:00,23002.0,23567.89638938978,20457.05637411149,26678.736404668074,24,2019-08-07 23:00:00+00:00
2019-09-29 23:00:00+00:00,21824.0,21615.52085223694,21039.617618027125,22191.424086446754,1,2019-08-07 23:00:00+00:00
2019-09-30 00:00:00+00:00,21055.0,20690.505682850162,19636.649808378297,21744.361557322027,2,2019-08-07 23:00:00+00:00
2019-09-30 01:00:00+00:00,20714.0,20253.65952500267,18810.197188228136,21697.121861777203,3,2019-08-07 23:00:00+00:00
2019-09-30 02:00:00+00:00,20768.0,20094.334121033975,18373.91366661026,21814.75457545769,4,2019-08-07 23:00:00+00:00
2019-09-30 03:00:00+00:00,21407.0,20278.85500681174,18343.613479001226,22214.096534622255,5,2019-08-07 23:00:00+00:00
2019-09-30 04:00:00+00:00,23953.0,21453.871782644794,19344.628526490604,23563.115038798984,6,2019-08-07 23:00:00+00:00
2019-09-30 05:00:00+00:00,27541.0,23190.648439876546,20936.860623383254,25444.436256369838,7,2019-08-07 23:00:00+00:00
2019-09-30 06:00:00+00:00,29026.0,24078.458942391982,21702.599306102962,26454.318578681003,8,2019-08-07 23:00:00+00:00
2019-09-30 07:00:00+00:00,30194.0,25647.225480134526,23167.07244771236,28127.378512556694,9,2019-08-07 23:00:00+00:00
2019-09-30 08:00:00+00:00,31052.0,26948.801136028094,24378.780413031986,29518.821859024203,10,2019-08-07 23:00:00+00:00
2019-09-30 09:00:00+00:00,31696.0,27744.294638531195,25096.330334607886,30392.258942454504,11,2019-08-07 23:00:00+00:00
2019-09-30 10:00:00+00:00,32546.0,28421.771512604784,25705.859053037075,31137.683972172494,12,2019-08-07 23:00:00+00:00
2019-09-30 11:00:00+00:00,32869.0,28878.29214848496,26102.901961621967,31653.682335347956,13,2019-08-07 23:00:00+00:00
2019-09-30 12:00:00+00:00,32105.0,28463.43377584878,25635.806251724032,31291.06129997353,14,2019-08-07 23:00:00+00:00
2019-09-30 13:00:00+00:00,31625.0,27670.46148782625,24796.82891937356,30544.09405627894,15,2019-08-07 23:00:00+00:00
2019-09-30 14:00:00+00:00,31609.0,27266.70676753743,24352.464436260983,30180.94909881388,16,2019-08-07 23:00:00+00:00
2019-09-30 15:00:00+00:00,31527.0,27125.144222177914,24174.98496431031,30075.303480045517,17,2019-08-07 23:00:00+00:00
2019-09-30 16:00:00+00:00,30916.0,26928.185644833546,23946.207502528243,29910.16378713885,18,2019-08-07 23:00:00+00:00
2019-09-30 17:00:00+00:00,30837.0,27079.1465655326,24068.940153973945,30089.352977091254,19,2019-08-07 23:00:00+00:00
2019-09-30 18:00:00+00:00,32713.0,29068.054838252294,26032.77512740977,32103.334549094816,20,2019-08-07 23:00:00+00:00
2019-09-30 19:00:00+00:00,31864.0,29282.494955591195,26224.920873049876,32340.069038132515,21,2019-08-07 23:00:00+00:00
2019-09-30 20:00:00+00:00,28696.0,27068.623395642353,23991.20777035709,30146.039020927616,22,2019-08-07 23:00:00+00:00
2019-09-30 21:00:00+00:00,26243.0,25089.147205062232,21994.05894978203,28184.235460342436,23,2019-08-07 23:00:00+00:00
2019-09-30 22:00:00+00:00,25005.0,23705.792048157557,20594.952032879264,26816.63206343585,24,2019-08-07 23:00:00+00:00
2019-09-30 23:00:00+00:00,23724.0,23903.23810499925,23327.334870789437,24479.141339209065,1,2019-08-07 23:00:00+00:00
2019-10-01 00:00:00+00:00,22942.0,23062.007162792153,22008.15128832029,24115.86303726402,2,2019-08-07 23:00:00+00:00
2019-10-01 01:00:00+00:00,22590.0,22597.21194331294,21153.749606538408,24040.674280087474,3,2019-08-07 23:00:00+00:00
2019-10-01 02:00:00+00:00,22545.0,22446.570427978026,20726.14997355431,24166.99088240174,4,2019-08-07 23:00:00+00:00
2019-10-01 03:00:00+00:00,23058.0,22735.76988145369,20800.528353643174,24671.011409264203,5,2019-08-07 23:00:00+00:00
2019-10-01 04:00:00+00:00,25282.0,24495.37194992522,22386.128693771032,26604.615206079405,6,2019-08-07 23:00:00+00:00
2019-10-01 05:00:00+00:00,28694.0,27124.056908229693,24870.2690917364,29377.844724722985,7,2019-08-07 23:00:00+00:00
2019-10-01 06:00:00+00:00,30256.0,28281.204997177618,25905.345360888597,30657.064633466638,8,2019-08-07 23:00:00+00:00
2019-10-01 07:00:00+00:00,31250.0,29592.772242034545,27112.619209612378,32072.925274456713,9,2019-08-07 23:00:00+00:00
2019-10-01 08:00:00+00:00,32101.0,30579.503626245554,28009.482903249445,33149.52434924166,10,2019-08-07 23:00:00+00:00
2019-10-01 09:00:00+00:00,32634.0,31221.51244677588,28573.54814285257,33869.47675069919,11,2019-08-07 23:00:00+00:00
2019-10-01 10:00:00+00:00,33267.0,31889.017642265982,29173.105182698273,34604.93010183369,12,2019-08-07 23:00:00+00:00
2019-10-01 11:00:00+00:00,33381.0,32183.54199434573,29408.151807482736,34958.93218120873,13,2019-08-07 23:00:00+00:00
2019-10-01 12:00:00+00:00,32640.0,31473.79592070226,28646.168396577512,34301.423444827014,14,2019-08-07 23:00:00+00:00
2019-10-01 13:00:00+00:00,32028.0,30774.328828378748,27900.69625992606,33647.96139683144,15,2019-08-07 23:00:00+00:00
2019-10-01 14:00:00+00:00,32052.0,30494.643403553753,27580.40107227731,33408.8857348302,16,2019-08-07 23:00:00+00:00
2019-10-01 15:00:00+00:00,32109.0,30331.91705861335,27381.75780074575,33282.076316480954,17,2019-08-07 23:00:00+00:00
2019-10-01 16:00:00+00:00,31493.0,29869.995938504457,26888.017796199154,32851.974080809756,18,2019-08-07 23:00:00+00:00
2019-10-01 17:00:00+00:00,31306.0,29814.112503899112,26803.906092340458,32824.31891545776,19,2019-08-07 23:00:00+00:00
2019-10-01 18:00:00+00:00,33203.0,31579.217479359842,28543.93776851732,34614.49719020237,20,2019-08-07 23:00:00+00:00
2019-10-01 19:00:00+00:00,32415.0,31310.157202118204,28252.583119576884,34367.73128465952,21,2019-08-07 23:00:00+00:00
2019-10-01 20:00:00+00:00,29339.0,28573.425527564697,25496.009902279435,31650.84115284996,22,2019-08-07 23:00:00+00:00
2019-10-01 21:00:00+00:00,26932.0,26336.977023971063,23241.88876869086,29432.065279251266,23,2019-08-07 23:00:00+00:00
2019-10-01 22:00:00+00:00,25544.0,25007.50771795687,21896.667702678576,28118.34773323516,24,2019-08-07 23:00:00+00:00
2019-10-01 23:00:00+00:00,24311.0,24232.703290684854,23656.80005647504,24808.60652489467,1,2019-08-07 23:00:00+00:00
2019-10-02 00:00:00+00:00,23475.0,23329.117127605103,22275.261253133238,24382.973002076968,2,2019-08-07 23:00:00+00:00
2019-10-02 01:00:00+00:00,22906.0,22883.134595107666,21439.672258333132,24326.5969318822,3,2019-08-07 23:00:00+00:00
2019-10-02 02:00:00+00:00,22788.0,22730.424427498165,21010.00397307445,24450.84488192188,4,2019-08-07 23:00:00+00:00
2019-10-02 03:00:00+00:00,23200.0,23025.635018565365,21090.39349075485,24960.87654637588,5,2019-08-07 23:00:00+00:00
2019-10-02 04:00:00+00:00,25319.0,24774.98293411994,22665.73967796575,26884.22619027413,6,2019-08-07 23:00:00+00:00
2019-10-02 05:00:00+00:00,28537.0,27467.380884213395,25213.593067720103,29721.168700706687,7,2019-08-07 23:00:00+00:00
2019-10-02 06:00:00+00:00,29992.0,28699.836050556045,26323.976414267025,31075.695686845065,8,2019-08-07 23:00:00+00:00
2019-10-02 07:00:00+00:00,30971.0,29936.69268002552,27456.539647603353,32416.845712447688,9,2019-08-07 23:00:00+00:00
2019-10-02 08:00:00+00:00,31424.0,30910.466225161785,28340.44550216568,33480.48694815789,10,2019-08-07 23:00:00+00:00
2019-10-02 09:00:00+00:00,32016.0,31518.12316794028,28870.158864016972,34166.08747186359,11,2019-08-07 23:00:00+00:00
2019-10-02 10:00:00+00:00,32754.0,32135.426597828857,29419.514138261147,34851.339057396566,12,2019-08-07 23:00:00+00:00
2019-10-02 11:00:00+00:00,32887.0,32363.02601280285,29587.63582593985,35138.416199665844,13,2019-08-07 23:00:00+00:00
2019-10-02 12:00:00+00:00,31998.0,31659.360303341862,28831.732779217113,34486.98782746661,14,2019-08-07 23:00:00+00:00
2019-10-02 13:00:00+00:00,31478.0,30944.201703651437,28070.569135198748,33817.834272104126,15,2019-08-07 23:00:00+00:00
2019-10-02 14:00:00+00:00,31233.0,30716.159162659817,27801.916831383372,33630.40149393626,16,2019-08-07 23:00:00+00:00
2019-10-02 15:00:00+00:00,31056.0,30617.584410068714,27667.42515220111,33567.743667936316,17,2019-08-07 23:00:00+00:00
2019-10-02 16:00:00+00:00,30483.0,30138.839216413482,27156.86107410818,33120.817358718785,18,2019-08-07 23:00:00+00:00
2019-10-02 17:00:00+00:00,30317.0,30044.609159069994,27034.40274751134,33054.81557062865,19,2019-08-07 23:00:00+00:00
2019-10-02 18:00:00+00:00,32415.0,31834.51531098677,28799.23560014425,34869.7950218293,20,2019-08-07 23:00:00+00:00
2019-10-02 19:00:00+00:00,31634.0,31517.782182757142,28460.208100215823,34575.35626529846,21,2019-08-07 23:00:00+00:00
2019-10-02 20:00:00+00:00,28617.0,28763.05038997978,25685.634764694518,31840.466015265043,22,2019-08-07 23:00:00+00:00
2019-10-02 21:00:00+00:00,26306.0,26518.81108116896,23423.722825888755,29613.89933644916,23,2019-08-07 23:00:00+00:00
2019-10-02 22:00:00+00:00,25076.0,25149.397402289316,22038.557387011024,28260.23741756761,24,2019-08-07 23:00:00+00:00
2019-10-02 23:00:00+00:00,23937.0,23898.40831607619,23322.505081866377,24474.311550286006,1,2019-08-07 23:00:00+00:00
2019-10-03 00:00:00+00:00,23187.0,23045.97073975438,21992.114865282514,24099.826614226244,2,2019-08-07 23:00:00+00:00
2019-10-03 01:00:00+00:00,22749.0,22556.50790743936,21113.045570664828,23999.970244213895,3,2019-08-07 23:00:00+00:00
2019-10-03 02:00:00+00:00,22632.0,22412.281943074056,20691.861488650342,24132.70239749777,4,2019-08-07 23:00:00+00:00
2019-10-03 03:00:00+00:00,22999.0,22718.55661779143,20783.315089980915,24653.798145601944,5,2019-08-07 23:00:00+00:00
2019-10-03 04:00:00+00:00,24984.0,24508.695316658737,22399.452060504547,26617.938572812927,6,2019-08-07 23:00:00+00:00
2019-10-03 05:00:00+00:00,28163.0,27239.525395121367,24985.737578628075,29493.31321161466,7,2019-08-07 23:00:00+00:00
2019-10-03 06:00:00+00:00,29563.0,28491.854685355236,26115.995049066216,30867.714321644256,8,2019-08-07 23:00:00+00:00
2019-10-03 07:00:00+00:00,30426.0,29708.992118273793,27228.839085851625,32189.14515069596,9,2019-08-07 23:00:00+00:00
2019-10-03 08:00:00+00:00,30875.0,30539.163702543065,27969.14297954696,33109.18442553917,10,2019-08-07 23:00:00+00:00
2019-10-03 09:00:00+00:00,31326.0,31173.216673730356,28525.252369807047,33821.18097765367,11,2019-08-07 23:00:00+00:00
2019-10-03 10:00:00+00:00,31922.0,31844.07039607163,29128.15793650392,34559.98285563934,12,2019-08-07 23:00:00+00:00
2019-10-03 11:00:00+00:00,31994.0,32077.24961699263,29301.859430129636,34852.63980385563,13,2019-08-07 23:00:00+00:00
2019-10-03 12:00:00+00:00,31253.0,31327.830983821757,28500.203459697008,34155.45850794651,14,2019-08-07 23:00:00+00:00
2019-10-03 13:00:00+00:00,30774.0,30670.43319736612,27796.800628913432,33544.06576581881,15,2019-08-07 23:00:00+00:00
2019-10-03 14:00:00+00:00,30633.0,30388.05827011794,27473.815938841493,33302.30060139439,16,2019-08-07 23:00:00+00:00
2019-10-03 15:00:00+00:00,30408.0,30235.07321910027,27284.91396123267,33185.232476967874,17,2019-08-07 23:00:00+00:00
2019-10-03 16:00:00+00:00,30061.0,29764.477086817296,26782.498944511994,32746.4552291226,18,2019-08-07 23:00:00+00:00
2019-10-03 17:00:00+00:00,30061.0,29675.52109196932,26665.314680410665,32685.727503527974,19,2019-08-07 23:00:00+00:00
2019-10-03 18:00:00+00:00,32086.0,31560.191663071415,28524.911952228893,34595.47137391394,20,2019-08-07 23:00:00+00:00
2019-10-03 19:00:00+00:00,31356.0,31195.20155100193,28137.62746846061,34252.77563354325,21,2019-08-07 23:00:00+00:00
2019-10-03 20:00:00+00:00,28324.0,28429.344011748908,25351.928386463645,31506.75963703417,22,2019-08-07 23:00:00+00:00
2019-10-03 21:00:00+00:00,26072.0,26206.79378136731,23111.705526087106,29301.882036647512,23,2019-08-07 23:00:00+00:00
2019-10-03 22:00:00+00:00,24923.0,24899.121301645424,21788.28128636713,28009.961316923716,24,2019-08-07 23:00:00+00:00
2019-10-03 23:00:00+00:00,23745.0,23804.555031626365,23228.65179741655,24380.45826583618,1,2019-08-07 23:00:00+00:00
2019-10-04 00:00:00+00:00,22940.0,22995.57448235643,21941.718607884566,24049.430356828296,2,2019-08-07 23:00:00+00:00
2019-10-04 01:00:00+00:00,22590.0,22543.271457978262,21099.80912120373,23986.733794752796,3,2019-08-07 23:00:00+00:00
2019-10-04 02:00:00+00:00,22584.0,22402.460944905855,20682.04049048214,24122.88139932957,4,2019-08-07 23:00:00+00:00
2019-10-04 03:00:00+00:00,22836.0,22705.555184938912,20770.313657128398,24640.796712749427,5,2019-08-07 23:00:00+00:00
2019-10-04 04:00:00+00:00,24944.0,24488.44590709679,22379.2026509426,26597.68916325098,6,2019-08-07 23:00:00+00:00
2019-10-04 05:00:00+00:00,28265.0,27266.16478857998,25012.376972086688,29519.95260507327,7,2019-08-07 23:00:00+00:00
2019-10-04 06:00:00+00:00,29508.0,28523.911909033104,26148.052272744084,30899.771545322124,8,2019-08-07 23:00:00+00:00
2019-10-04 07:00:00+00:00,30525.0,29669.149214871624,27188.996182449457,32149.302247293792,9,2019-08-07 23:00:00+00:00
2019-10-04 08:00:00+00:00,31299.0,30450.36005822713,27880.339335231023,33020.38078122323,10,2019-08-07 23:00:00+00:00
2019-10-04 09:00:00+00:00,31781.0,31028.132172344558,28380.16786842125,33676.09647626787,11,2019-08-07 23:00:00+00:00
2019-10-04 10:00:00+00:00,32335.0,31656.06086637354,28940.14840680583,34371.97332594125,12,2019-08-07 23:00:00+00:00
2019-10-04 11:00:00+00:00,32515.0,31854.52429268642,29079.134105823425,34629.914479549414,13,2019-08-07 23:00:00+00:00
2019-10-04 12:00:00+00:00,31603.0,31140.80815164455,28313.1806275198,33968.4356757693,14,2019-08-07 23:00:00+00:00
2019-10-04 13:00:00+00:00,30824.0,30515.309475487702,27641.676907035013,33388.94204394039,15,2019-08-07 23:00:00+00:00
2019-10-04 14:00:00+00:00,30544.0,30275.00003229514,27360.757701018694,33189.24236357158,16,2019-08-07 23:00:00+00:00
2019-10-04 15:00:00+00:00,30316.0,30101.576089357743,27151.41683149014,33051.735347225345,17,2019-08-07 23:00:00+00:00
2019-10-04 16:00:00+00:00,29774.0,29699.500103151968,26717.521960846665,32681.47824545727,18,2019-08-07 23:00:00+00:00
2019-10-04 17:00:00+00:00,29698.0,29660.620118957424,26650.41370739877,32670.82653051608,19,2019-08-07 23:00:00+00:00
2019-10-04 18:00:00+00:00,31394.0,31545.649281703798,28510.369570861276,34580.92899254632,20,2019-08-07 23:00:00+00:00
2019-10-04 19:00:00+00:00,30542.0,31146.7319233886,28089.15784084728,34204.306005929924,21,2019-08-07 23:00:00+00:00
2019-10-04 20:00:00+00:00,27858.0,28343.850998957667,25266.435373672404,31421.26662424293,22,2019-08-07 23:00:00+00:00
2019-10-04 21:00:00+00:00,25936.0,26131.386081012628,23036.297825732425,29226.47433629283,23,2019-08-07 23:00:00+00:00
2019-10-04 22:00:00+00:00,24976.0,24862.588858222753,21751.74884294446,27973.428873501045,24,2019-08-07 23:00:00+00:00
2019-10-04 23:00:00+00:00,23587.0,23869.00040916841,23293.097174958595,24444.903643378224,1,2019-08-07 23:00:00+00:00
2019-10-05 00:00:00+00:00,22575.0,23047.16071991786,21993.304845445997,24101.016594389726,2,2019-08-07 23:00:00+00:00
2019-10-05 01:00:00+00:00,21993.0,22621.98753241241,21178.525195637878,24065.449869186945,3,2019-08-07 23:00:00+00:00
2019-10-05 02:00:00+00:00,21737.0,22518.042079679097,20797.621625255382,24238.46253410281,4,2019-08-07 23:00:00+00:00
2019-10-05 03:00:00+00:00,21599.0,22781.874915967037,20846.633388156522,24717.11644377755,5,2019-08-07 23:00:00+00:00
2019-10-05 04:00:00+00:00,22078.0,24628.97602089809,22519.7327647439,26738.21927705228,6,2019-08-07 23:00:00+00:00
2019-10-05 05:00:00+00:00,23231.0,27503.051652713104,25249.263836219812,29756.839469206396,7,2019-08-07 23:00:00+00:00
2019-10-05 06:00:00+00:00,24144.0,28717.111420735182,26341.25178444616,31092.971057024202,8,2019-08-07 23:00:00+00:00
2019-10-05 07:00:00+00:00,26158.0,29877.772436663854,27397.619404241686,32357.92546908602,9,2019-08-07 23:00:00+00:00
2019-10-05 08:00:00+00:00,27630.0,30730.038598518167,28160.017875522062,33300.05932151427,10,2019-08-07 23:00:00+00:00
2019-10-05 09:00:00+00:00,28213.0,31298.886584074855,28650.922280151546,33946.85088799817,11,2019-08-07 23:00:00+00:00
2019-10-05 10:00:00+00:00,28550.0,31903.699473280896,29187.787013713187,34619.61193284861,12,2019-08-07 23:00:00+00:00
2019-10-05 11:00:00+00:00,28802.0,32121.47544601584,29346.085259152842,34896.865632878835,13,2019-08-07 23:00:00+00:00
2019-10-05 12:00:00+00:00,28032.0,31339.126363735766,28511.498839611017,34166.75388786052,14,2019-08-07 23:00:00+00:00
2019-10-05 13:00:00+00:00,26810.0,30620.48708622642,27746.854517773732,33494.11965467911,15,2019-08-07 23:00:00+00:00
2019-10-05 14:00:00+00:00,26087.0,30339.342678011562,27425.10034673512,33253.58500928801,16,2019-08-07 23:00:00+00:00
2019-10-05 15:00:00+00:00,25692.0,30155.348998120473,27205.18974025287,33105.508255988076,17,2019-08-07 23:00:00+00:00
2019-10-05 16:00:00+00:00,25405.0,29687.024896274987,26705.046753969684,32669.00303858029,18,2019-08-07 23:00:00+00:00
2019-10-05 17:00:00+00:00,25809.0,29622.92233500944,26612.715923450785,32633.128746568094,19,2019-08-07 23:00:00+00:00
2019-10-05 18:00:00+00:00,27850.0,31404.34172123574,28369.06201039322,34439.62143207827,20,2019-08-07 23:00:00+00:00
2019-10-05 19:00:00+00:00,27706.0,30917.455603326256,27859.881520784937,33975.02968586758,21,2019-08-07 23:00:00+00:00
2019-10-05 20:00:00+00:00,25813.0,28208.99662235412,25131.580997068857,31286.412247639382,22,2019-08-07 23:00:00+00:00
2019-10-05 21:00:00+00:00,23960.0,26108.384138545454,23013.29588326525,29203.472393825657,23,2019-08-07 23:00:00+00:00
2019-10-05 22:00:00+00:00,22750.0,24920.717239688067,21809.877224409774,28031.55725496636,24,2019-08-07 23:00:00+00:00
2019-10-05 23:00:00+00:00,21564.0,21433.977120882784,20858.07388667297,22009.8803550926,1,2019-08-07 23:00:00+00:00
2019-10-06 00:00:00+00:00,20505.0,20600.99051222095,19547.134637749085,21654.846386692814,2,2019-08-07 23:00:00+00:00
2019-10-06 01:00:00+00:00,20073.0,20223.123591141506,18779.661254366973,21666.58592791604,3,2019-08-07 23:00:00+00:00
2019-10-06 02:00:00+00:00,19771.0,20157.346773126286,18436.92631870257,21877.76722755,4,2019-08-07 23:00:00+00:00
2019-10-06 03:00:00+00:00,19773.0,20388.91485206046,18453.673324249947,22324.156379870976,5,2019-08-07 23:00:00+00:00
2019-10-06 04:00:00+00:00,19976.0,21785.39547068286,19676.152214528673,23894.638726837045,6,2019-08-07 23:00:00+00:00
2019-10-06 05:00:00+00:00,20473.0,24032.313680707033,21778.52586421374,26286.101497200325,7,2019-08-07 23:00:00+00:00
2019-10-06 06:00:00+00:00,20816.0,25224.200369100985,22848.340732811965,27600.060005390005,8,2019-08-07 23:00:00+00:00
2019-10-06 07:00:00+00:00,22559.0,26814.51047547785,24334.357443055684,29294.66350790002,9,2019-08-07 23:00:00+00:00
2019-10-06 08:00:00+00:00,24213.0,27992.12152625123,25422.100803255125,30562.142249247336,10,2019-08-07 23:00:00+00:00
2019-10-06 09:00:00+00:00,25167.0,28665.528857692487,26017.564553769178,31313.493161615796,11,2019-08-07 23:00:00+00:00
2019-10-06 10:00:00+00:00,25620.0,29260.549618810073,26544.637159242364,31976.462078377783,12,2019-08-07 23:00:00+00:00
2019-10-06 11:00:00+00:00,26217.0,29570.378691398102,26794.988504535104,32345.7688782611,13,2019-08-07 23:00:00+00:00
2019-10-06 12:00:00+00:00,25963.0,28890.0093136831,26062.38178955835,31717.636837807848,14,2019-08-07 23:00:00+00:00
2019-10-06 13:00:00+00:00,24796.0,28067.543515527737,25193.910947075048,30941.176083980426,15,2019-08-07 23:00:00+00:00
2019-10-06 14:00:00+00:00,24092.0,27686.906345320833,24772.664014044385,30601.14867659728,16,2019-08-07 23:00:00+00:00
2019-10-06 15:00:00+00:00,23806.0,27494.059936341622,24543.90067847402,30444.219194209225,17,2019-08-07 23:00:00+00:00
2019-10-06 16:00:00+00:00,23726.0,27162.278986889556,24180.300844584253,30144.25712919486,18,2019-08-07 23:00:00+00:00
2019-10-06 17:00:00+00:00,24629.0,27320.72688787513,24310.520476316477,30330.933299433786,19,2019-08-07 23:00:00+00:00
2019-10-06 18:00:00+00:00,27371.0,29264.072402085723,26228.7926912432,32299.352112928245,20,2019-08-07 23:00:00+00:00
2019-10-06 19:00:00+00:00,27473.0,29032.31037296384,25974.73629042252,32089.88445550516,21,2019-08-07 23:00:00+00:00
2019-10-06 20:00:00+00:00,25958.0,26655.367083120975,23577.951457835712,29732.782708406237,22,2019-08-07 23:00:00+00:00
2019-10-06 21:00:00+00:00,24249.0,24642.990925347418,21547.902670067215,27738.07918062762,23,2019-08-07 23:00:00+00:00
2019-10-06 22:00:00+00:00,22907.0,23432.51592517666,20321.675909898368,26543.355940454952,24,2019-08-07 23:00:00+00:00
2019-10-06 23:00:00+00:00,21687.0,21557.76833118751,20981.865096977697,22133.671565397326,1,2019-08-07 23:00:00+00:00
2019-10-07 00:00:00+00:00,20969.0,20617.417010132758,19563.561135660893,21671.272884604623,2,2019-08-07 23:00:00+00:00
2019-10-07 01:00:00+00:00,20776.0,20239.701343775883,18796.23900700135,21683.163680550417,3,2019-08-07 23:00:00+00:00
2019-10-07 02:00:00+00:00,20868.0,20107.21809663646,18386.797642212747,21827.638551060176,4,2019-08-07 23:00:00+00:00
2019-10-07 03:00:00+00:00,21450.0,20318.039262353414,18382.7977345429,22253.280790163928,5,2019-08-07 23:00:00+00:00
2019-10-07 04:00:00+00:00,23963.0,21476.327147587974,19367.083891433787,23585.57040374216,6,2019-08-07 23:00:00+00:00
2019-10-07 05:00:00+00:00,27641.0,23327.146927622976,21073.359111129685,25580.934744116268,7,2019-08-07 23:00:00+00:00
2019-10-07 06:00:00+00:00,29180.0,24257.44063483733,21881.58099854831,26633.30027112635,8,2019-08-07 23:00:00+00:00
2019-10-07 07:00:00+00:00,30100.0,25783.282319168702,23303.129286746534,28263.43535159087,9,2019-08-07 23:00:00+00:00
2019-10-07 08:00:00+00:00,30740.0,27044.590692485934,24474.56996948983,29614.61141548204,10,2019-08-07 23:00:00+00:00
2019-10-07 09:00:00+00:00,31371.0,27822.54497481516,25174.58067089185,30470.509278738467,11,2019-08-07 23:00:00+00:00
2019-10-07 10:00:00+00:00,31990.0,28410.083633551145,25694.171173983435,31125.996093118854,12,2019-08-07 23:00:00+00:00
2019-10-07 11:00:00+00:00,32235.0,28821.030874157954,26045.640687294956,31596.421061020952,13,2019-08-07 23:00:00+00:00
2019-10-07 12:00:00+00:00,31450.0,28300.29753996956,25472.67001584481,31127.92506409431,14,2019-08-07 23:00:00+00:00
2019-10-07 13:00:00+00:00,30896.0,27433.157644984807,24559.525076532118,30306.790213437496,15,2019-08-07 23:00:00+00:00
2019-10-07 14:00:00+00:00,30719.0,27002.808708620465,24088.566377344017,29917.051039896913,16,2019-08-07 23:00:00+00:00
2019-10-07 15:00:00+00:00,30624.0,26811.025954514003,23860.8666966464,29761.185212381606,17,2019-08-07 23:00:00+00:00
2019-10-07 16:00:00+00:00,30084.0,26547.326985959036,23565.348843653734,29529.30512826434,18,2019-08-07 23:00:00+00:00
2019-10-07 17:00:00+00:00,30410.0,26904.991957328348,23894.785545769693,29915.198368887002,19,2019-08-07 23:00:00+00:00
2019-10-07 18:00:00+00:00,32272.0,29102.43672705359,26067.15701621107,32137.716437896113,20,2019-08-07 23:00:00+00:00
2019-10-07 19:00:00+00:00,31603.0,28960.06047472939,25902.48639218807,32017.63455727071,21,2019-08-07 23:00:00+00:00
2019-10-07 20:00:00+00:00,28433.0,26770.379900043677,23692.964274758415,29847.79552532894,22,2019-08-07 23:00:00+00:00
2019-10-07 21:00:00+00:00,26050.0,24820.675003467044,21725.58674818684,27915.763258747247,23,2019-08-07 23:00:00+00:00
2019-10-07 22:00:00+00:00,24731.0,23553.90443006249,20443.064414784196,26664.74444534078,24,2019-08-07 23:00:00+00:00
2019-10-07 23:00:00+00:00,23500.0,23552.545921957135,22976.64268774732,24128.44915616695,1,2019-08-07 23:00:00+00:00
2019-10-08 00:00:00+00:00,22736.0,22708.99942652174,21655.143552049874,23762.855300993604,2,2019-08-07 23:00:00+00:00
2019-10-08 01:00:00+00:00,22490.0,22308.385546953876,20864.923210179342,23751.84788372841,3,2019-08-07 23:00:00+00:00
2019-10-08 02:00:00+00:00,22310.0,22198.4694616714,20478.049007247686,23918.889916095115,4,2019-08-07 23:00:00+00:00
2019-10-08 03:00:00+00:00,22801.0,22499.206217823383,20563.96469001287,24434.447745633897,5,2019-08-07 23:00:00+00:00
2019-10-08 04:00:00+00:00,24954.0,24282.433049357423,22173.189793203237,26391.67630551161,6,2019-08-07 23:00:00+00:00
2019-10-08 05:00:00+00:00,28384.0,27026.90745818632,24773.11964169303,29280.695274679612,7,2019-08-07 23:00:00+00:00
2019-10-08 06:00:00+00:00,29697.0,28235.816222296096,25859.956586007076,30611.675858585117,8,2019-08-07 23:00:00+00:00
2019-10-08 07:00:00+00:00,30622.0,29417.49798373302,26937.344951310854,31897.65101615519,9,2019-08-07 23:00:00+00:00
2019-10-08 08:00:00+00:00,31183.0,30291.799065726063,27721.77834272996,32861.81978872217,10,2019-08-07 23:00:00+00:00
2019-10-08 09:00:00+00:00,31971.0,30908.468235480545,28260.503931557236,33556.43253940385,11,2019-08-07 23:00:00+00:00
2019-10-08 10:00:00+00:00,32684.0,31475.618013311156,28759.705553743446,34191.53047287887,12,2019-08-07 23:00:00+00:00
2019-10-08 11:00:00+00:00,33149.0,31723.031197272194,28947.641010409196,34498.42138413519,13,2019-08-07 23:00:00+00:00
2019-10-08 12:00:00+00:00,32313.0,30987.551614283788,28159.92409015904,33815.17913840854,14,2019-08-07 23:00:00+00:00
2019-10-08 13:00:00+00:00,31639.0,30250.048911918202,27376.416343465513,33123.68148037089,15,2019-08-07 23:00:00+00:00
2019-10-08 14:00:00+00:00,31567.0,29924.48673878075,27010.244407504302,32838.7290700572,16,2019-08-07 23:00:00+00:00
2019-10-08 15:00:00+00:00,31550.0,29741.58200885807,26791.422750990467,32691.741266725672,17,2019-08-07 23:00:00+00:00
2019-10-08 16:00:00+00:00,31022.0,29289.494163923155,26307.516021617852,32271.472306228457,18,2019-08-07 23:00:00+00:00
2019-10-08 17:00:00+00:00,31170.0,29464.41340340935,26454.206991850697,32474.619814968006,19,2019-08-07 23:00:00+00:00
2019-10-08 18:00:00+00:00,33068.0,31372.0683355979,28336.78862475538,34407.34804644043,20,2019-08-07 23:00:00+00:00
2019-10-08 19:00:00+00:00,31975.0,30943.701824208958,27886.12774166764,34001.27590675028,21,2019-08-07 23:00:00+00:00
2019-10-08 20:00:00+00:00,28788.0,28205.377152945497,25127.961527660234,31282.79277823076,22,2019-08-07 23:00:00+00:00
2019-10-08 21:00:00+00:00,26375.0,26008.212390340435,22913.124135060232,29103.30064562064,23,2019-08-07 23:00:00+00:00
2019-10-08 22:00:00+00:00,25104.0,24707.481134943533,21596.64111966524,27818.321150221826,24,2019-08-07 23:00:00+00:00
2019-10-08 23:00:00+00:00,23804.0,23873.519407578122,23297.616173368307,24449.422641787936,1,2019-08-07 23:00:00+00:00
2019-10-09 00:00:00+00:00,22830.0,23021.50355768615,21967.647683214283,24075.359432158013,2,2019-08-07 23:00:00+00:00
2019-10-09 01:00:00+00:00,22618.0,22633.04600973008,21189.583672955545,24076.508346504612,3,2019-08-07 23:00:00+00:00
2019-10-09 02:00:00+00:00,22513.0,22455.52293214205,20735.102477718334,24175.943386565763,4,2019-08-07 23:00:00+00:00
2019-10-09 03:00:00+00:00,22801.0,22763.60389134469,20828.362363534176,24698.845419155205,5,2019-08-07 23:00:00+00:00
2019-10-09 04:00:00+00:00,24672.0,24513.227226355903,22403.983970201713,26622.470482510093,6,2019-08-07 23:00:00+00:00
2019-10-09 05:00:00+00:00,27681.0,27289.812568859415,25036.024752366124,29543.600385352707,7,2019-08-07 23:00:00+00:00
2019-10-09 06:00:00+00:00,29040.0,28462.78421340033,26086.92457711131,30838.64384968935,8,2019-08-07 23:00:00+00:00
2019-10-09 07:00:00+00:00,29840.0,29617.313598197707,27137.16056577554,32097.466630619874,9,2019-08-07 23:00:00+00:00
2019-10-09 08:00:00+00:00,30486.0,30437.40477302031,27867.384050024204,33007.42549601642,10,2019-08-07 23:00:00+00:00
2019-10-09 09:00:00+00:00,30978.0,31115.96954273971,28468.0052388164,33763.93384666302,11,2019-08-07 23:00:00+00:00
2019-10-09 10:00:00+00:00,31830.0,31726.823384113377,29010.910924545668,34442.73584368109,12,2019-08-07 23:00:00+00:00
2019-10-09 11:00:00+00:00,31917.0,32056.383057886243,29280.992871023245,34831.77324474924,13,2019-08-07 23:00:00+00:00
2019-10-09 12:00:00+00:00,31142.0,31299.258638407642,28471.631114282893,34126.88616253239,14,2019-08-07 23:00:00+00:00
2019-10-09 13:00:00+00:00,30489.0,30544.32583932794,27670.69327087525,33417.95840778063,15,2019-08-07 23:00:00+00:00
2019-10-09 14:00:00+00:00,30284.0,30277.92353388611,27363.681202609667,33192.165865162555,16,2019-08-07 23:00:00+00:00
2019-10-09 15:00:00+00:00,30162.0,30136.687818653412,27186.52856078581,33086.847076521015,17,2019-08-07 23:00:00+00:00
2019-10-09 16:00:00+00:00,29694.0,29680.26808203485,26698.289939729548,32662.246224340153,18,2019-08-07 23:00:00+00:00
2019-10-09 17:00:00+00:00,29921.0,29812.223155885902,26802.016744327248,32822.42956744455,19,2019-08-07 23:00:00+00:00
2019-10-09 18:00:00+00:00,31878.0,31729.257209694806,28693.977498852284,34764.53692053733,20,2019-08-07 23:00:00+00:00
2019-10-09 19:00:00+00:00,31024.0,31119.82409987526,28062.25001733394,34177.39818241658,21,2019-08-07 23:00:00+00:00
2019-10-09 20:00:00+00:00,28239.0,28323.090994067406,25245.675368782144,31400.50661935267,22,2019-08-07 23:00:00+00:00
2019-10-09 21:00:00+00:00,25929.0,26093.58875693771,22998.500501657505,29188.67701221791,23,2019-08-07 23:00:00+00:00
2019-10-09 22:00:00+00:00,24740.0,24809.58157872377,21698.741563445477,27920.421594002062,24,2019-08-07 23:00:00+00:00
2019-10-09 23:00:00+00:00,23595.0,23513.263929109795,22937.36069489998,24089.16716331961,1,2019-08-07 23:00:00+00:00
2019-10-10 00:00:00+00:00,22878.0,22633.451244802633,21579.595370330768,23687.307119274497,2,2019-08-07 23:00:00+00:00
2019-10-10 01:00:00+00:00,22530.0,22295.694597618498,20852.232260843964,23739.15693439303,3,2019-08-07 23:00:00+00:00
2019-10-10 02:00:00+00:00,22418.0,22164.14371315925,20443.723258735536,23884.564167582965,4,2019-08-07 23:00:00+00:00
2019-10-10 03:00:00+00:00,22804.0,22440.20430576681,20504.962777956294,24375.445833577323,5,2019-08-07 23:00:00+00:00
2019-10-10 04:00:00+00:00,25033.0,24156.02529538597,22046.78203923178,26265.26855154016,6,2019-08-07 23:00:00+00:00
2019-10-10 05:00:00+00:00,28205.0,26879.157936710268,24625.370120216976,29132.94575320356,7,2019-08-07 23:00:00+00:00
2019-10-10 06:00:00+00:00,29724.0,28101.74177257972,25725.8821362907,30477.60140886874,8,2019-08-07 23:00:00+00:00
2019-10-10 07:00:00+00:00,30627.0,29197.013453352847,26716.86042093068,31677.166485775015,9,2019-08-07 23:00:00+00:00
2019-10-10 08:00:00+00:00,31277.0,30029.072896363814,27459.05217336771,32599.09361935992,10,2019-08-07 23:00:00+00:00
2019-10-10 09:00:00+00:00,31625.0,30627.75546719628,27979.79116327297,33275.71977111959,11,2019-08-07 23:00:00+00:00
2019-10-10 10:00:00+00:00,32185.0,31313.955515384096,28598.043055816386,34029.867974951805,12,2019-08-07 23:00:00+00:00
2019-10-10 11:00:00+00:00,32386.0,31535.9704205156,28760.580233652603,34311.3606073786,13,2019-08-07 23:00:00+00:00
2019-10-10 12:00:00+00:00,31601.0,30802.056628796843,27974.429104672094,33629.684152921596,14,2019-08-07 23:00:00+00:00
2019-10-10 13:00:00+00:00,31054.0,30075.379527824214,27201.746959371525,32949.0120962769,15,2019-08-07 23:00:00+00:00
2019-10-10 14:00:00+00:00,30926.0,29795.389175803255,26881.14684452681,32709.6315070797,16,2019-08-07 23:00:00+00:00
2019-10-10 15:00:00+00:00,30828.0,29641.321504211657,26691.162246344054,32591.48076207926,17,2019-08-07 23:00:00+00:00
2019-10-10 16:00:00+00:00,30246.0,29206.47804793246,26224.49990562716,32188.456190237765,18,2019-08-07 23:00:00+00:00
2019-10-10 17:00:00+00:00,30616.0,29377.383128497404,26367.17671693875,32387.58954005606,19,2019-08-07 23:00:00+00:00
2019-10-10 18:00:00+00:00,32457.0,31321.30164629021,28286.021935447687,34356.58135713273,20,2019-08-07 23:00:00+00:00
2019-10-10 19:00:00+00:00,31497.0,30744.91417716465,27687.34009462333,33802.48825970597,21,2019-08-07 23:00:00+00:00
2019-10-10 20:00:00+00:00,28575.0,28051.30537649188,24973.889751206618,31128.721001777143,22,2019-08-07 23:00:00+00:00
2019-10-10 21:00:00+00:00,26376.0,25842.693614953307,22747.605359673104,28937.78187023351,23,2019-08-07 23:00:00+00:00
2019-10-10 22:00:00+00:00,25173.0,24596.310120738355,21485.470105460063,27707.150136016648,24,2019-08-07 23:00:00+00:00
2019-10-10 23:00:00+00:00,24048.0,23963.36796564444,23387.464731434626,24539.271199854255,1,2019-08-07 23:00:00+00:00
2019-10-11 00:00:00+00:00,23311.0,23115.665165812592,22061.809291340727,24169.521040284457,2,2019-08-07 23:00:00+00:00
2019-10-11 01:00:00+00:00,22719.0,22720.558334434292,21277.09599765976,24164.020671208826,3,2019-08-07 23:00:00+00:00
2019-10-11 02:00:00+00:00,22420.0,22567.341526650987,20846.921072227273,24287.761981074702,4,2019-08-07 23:00:00+00:00
2019-10-11 03:00:00+00:00,22809.0,22858.965014454818,20923.723486644303,24794.206542265332,5,2019-08-07 23:00:00+00:00
2019-10-11 04:00:00+00:00,24688.0,24703.20965336403,22593.966397209842,26812.452909518215,6,2019-08-07 23:00:00+00:00
2019-10-11 05:00:00+00:00,28040.0,27501.936695962606,25248.148879469314,29755.724512455898,7,2019-08-07 23:00:00+00:00
2019-10-11 06:00:00+00:00,29514.0,28781.289831305858,26405.430195016837,31157.149467594878,8,2019-08-07 23:00:00+00:00
2019-10-11 07:00:00+00:00,30261.0,29859.55243917815,27379.399406755983,32339.70547160032,9,2019-08-07 23:00:00+00:00
2019-10-11 08:00:00+00:00,30894.0,30653.528280750135,28083.50755775403,33223.549003746244,10,2019-08-07 23:00:00+00:00
2019-10-11 09:00:00+00:00,31403.0,31171.59155551223,28523.62725158892,33819.55585943554,11,2019-08-07 23:00:00+00:00
2019-10-11 10:00:00+00:00,31951.0,31758.8309369033,29042.918477335592,34474.743396471014,12,2019-08-07 23:00:00+00:00
2019-10-11 11:00:00+00:00,31990.0,31991.28382800126,29215.89364113826,34766.67401486426,13,2019-08-07 23:00:00+00:00
2019-10-11 12:00:00+00:00,31148.0,31235.62152755455,28407.9940034298,34063.249051679304,14,2019-08-07 23:00:00+00:00
2019-10-11 13:00:00+00:00,30321.0,30544.11960135819,27670.4870329055,33417.752169810876,15,2019-08-07 23:00:00+00:00
2019-10-11 14:00:00+00:00,30017.0,30289.668981338305,27375.42665006186,33203.91131261475,16,2019-08-07 23:00:00+00:00
2019-10-11 15:00:00+00:00,29860.0,30137.264323488824,27187.10506562122,33087.42358135643,17,2019-08-07 23:00:00+00:00
2019-10-11 16:00:00+00:00,29406.0,29646.727128852475,26664.748986547173,32628.705271157778,18,2019-08-07 23:00:00+00:00
2019-10-11 17:00:00+00:00,29966.0,29866.361881779274,26856.15547022062,32876.56829333793,19,2019-08-07 23:00:00+00:00
2019-10-11 18:00:00+00:00,31483.0,31760.752869826276,28725.473158983754,34796.0325806688,20,2019-08-07 23:00:00+00:00
2019-10-11 19:00:00+00:00,30446.0,31102.45153150032,28044.877448959,34160.02561404164,21,2019-08-07 23:00:00+00:00
2019-10-11 20:00:00+00:00,27885.0,28339.59974969545,25262.18412441019,31417.015374980714,22,2019-08-07 23:00:00+00:00
2019-10-11 21:00:00+00:00,25878.0,26150.355253889302,23055.2669986091,29245.443509169505,23,2019-08-07 23:00:00+00:00
2019-10-11 22:00:00+00:00,24721.0,24898.62273100139,21787.782715723097,28009.46274627968,24,2019-08-07 23:00:00+00:00
2019-10-11 23:00:00+00:00,23328.0,23520.15983053285,22944.256596323037,24096.063064742666,1,2019-08-07 23:00:00+00:00
2019-10-12 00:00:00+00:00,22270.0,22708.053845560204,21654.19797108834,23761.90972003207,2,2019-08-07 23:00:00+00:00
2019-10-12 01:00:00+00:00,21589.0,22259.054868524654,20815.59253175012,23702.517205299187,3,2019-08-07 23:00:00+00:00
2019-10-12 02:00:00+00:00,21357.0,22070.304260197627,20349.883805773912,23790.72471462134,4,2019-08-07 23:00:00+00:00
2019-10-12 03:00:00+00:00,20881.0,22400.14828242217,20464.906754611657,24335.389810232686,5,2019-08-07 23:00:00+00:00
2019-10-12 04:00:00+00:00,21140.0,24190.438038341763,22081.194782187573,26299.681294495953,6,2019-08-07 23:00:00+00:00
2019-10-12 05:00:00+00:00,21944.0,27123.587005599562,24869.79918910627,29377.374822092854,7,2019-08-07 23:00:00+00:00
2019-10-12 06:00:00+00:00,22676.0,28438.253290077173,26062.393653788153,30814.112926366193,8,2019-08-07 23:00:00+00:00
2019-10-12 07:00:00+00:00,24560.0,29458.57917027306,26978.426137850893,31938.732202695228,9,2019-08-07 23:00:00+00:00
2019-10-12 08:00:00+00:00,26033.0,30247.579513384397,27677.55879038829,32817.6002363805,10,2019-08-07 23:00:00+00:00
2019-10-12 09:00:00+00:00,26641.0,30820.5459715951,28172.58166767179,33468.51027551841,11,2019-08-07 23:00:00+00:00
2019-10-12 10:00:00+00:00,26938.0,31417.2694221278,28701.35696256009,34133.18188169551,12,2019-08-07 23:00:00+00:00
2019-10-12 11:00:00+00:00,27126.0,31603.67445793432,28828.284271071323,34379.06464479732,13,2019-08-07 23:00:00+00:00
2019-10-12 12:00:00+00:00,26649.0,30839.21811454047,28011.59059041572,33666.84563866522,14,2019-08-07 23:00:00+00:00
2019-10-12 13:00:00+00:00,25493.0,30079.5158159153,27205.88324746261,32953.14838436799,15,2019-08-07 23:00:00+00:00
2019-10-12 14:00:00+00:00,24603.0,29791.316989616906,26877.07465834046,32705.55932089335,16,2019-08-07 23:00:00+00:00
2019-10-12 15:00:00+00:00,24370.0,29637.56726051987,26687.408002652268,32587.726518387473,17,2019-08-07 23:00:00+00:00
2019-10-12 16:00:00+00:00,24199.0,29194.09983134163,26212.12168903633,32176.077973646934,18,2019-08-07 23:00:00+00:00
2019-10-12 17:00:00+00:00,25021.0,29512.853773608087,26502.647362049433,32523.06018516674,19,2019-08-07 23:00:00+00:00
2019-10-12 18:00:00+00:00,27178.0,31294.83361192365,28259.553901081126,34330.11332276617,20,2019-08-07 23:00:00+00:00
2019-10-12 19:00:00+00:00,27096.0,30581.416220988256,27523.842138446937,33638.99030352958,21,2019-08-07 23:00:00+00:00
2019-10-12 20:00:00+00:00,25441.0,27938.705690626004,24861.29006534074,31016.121315911267,22,2019-08-07 23:00:00+00:00
2019-10-12 21:00:00+00:00,24104.0,25826.889990103125,22731.801734822922,28921.97824538333,23,2019-08-07 23:00:00+00:00
2019-10-12 22:00:00+00:00,22670.0,24606.783810883764,21495.94379560547,27717.623826162057,24,2019-08-07 23:00:00+00:00
2019-10-12 23:00:00+00:00,21552.0,21209.341816176602,20633.438581966788,21785.245050386417,1,2019-08-07 23:00:00+00:00
2019-10-13 00:00:00+00:00,20555.0,20253.20366998719,19199.347795515325,21307.059544459054,2,2019-08-07 23:00:00+00:00
2019-10-13 01:00:00+00:00,19796.0,19866.57185677095,18423.109519996415,21310.03419354548,3,2019-08-07 23:00:00+00:00
2019-10-13 02:00:00+00:00,19578.0,19796.83232947576,18076.411875052047,21517.252783899476,4,2019-08-07 23:00:00+00:00
2019-10-13 03:00:00+00:00,19533.0,19925.148562031354,17989.90703422084,21860.39008984187,5,2019-08-07 23:00:00+00:00
2019-10-13 04:00:00+00:00,19943.0,21239.90793087982,19130.66467472563,23349.15118703401,6,2019-08-07 23:00:00+00:00
2019-10-13 05:00:00+00:00,20512.0,23399.17219313759,21145.3843766443,25652.960009630882,7,2019-08-07 23:00:00+00:00
2019-10-13 06:00:00+00:00,20719.0,24553.622787000553,22177.763150711533,26929.482423289573,8,2019-08-07 23:00:00+00:00
2019-10-13 07:00:00+00:00,22215.0,26032.2509293694,23552.09789694723,28512.403961791566,9,2019-08-07 23:00:00+00:00
2019-10-13 08:00:00+00:00,23843.0,27182.785286846993,24612.764563850884,29752.8060098431,10,2019-08-07 23:00:00+00:00
2019-10-13 09:00:00+00:00,24717.0,27857.490312491205,25209.526008567896,30505.454616414514,11,2019-08-07 23:00:00+00:00
2019-10-13 10:00:00+00:00,25179.0,28427.718279916215,25711.805820348505,31143.630739483924,12,2019-08-07 23:00:00+00:00
2019-10-13 11:00:00+00:00,25743.0,28715.72219963398,25940.33201277098,31491.112386496978,13,2019-08-07 23:00:00+00:00
2019-10-13 12:00:00+00:00,25686.0,28135.973117908845,25308.345593784095,30963.600642033594,14,2019-08-07 23:00:00+00:00
2019-10-13 13:00:00+00:00,24452.0,27308.684333205318,24435.05176475263,30182.316901658007,15,2019-08-07 23:00:00+00:00
2019-10-13 14:00:00+00:00,23760.0,26863.52608305378,23949.283751777337,29777.768414330225,16,2019-08-07 23:00:00+00:00
2019-10-13 15:00:00+00:00,23416.0,26735.27239695713,23785.113139089528,29685.431654824733,17,2019-08-07 23:00:00+00:00
2019-10-13 16:00:00+00:00,23464.0,26442.982911948122,23461.00476964282,29424.961054253425,18,2019-08-07 23:00:00+00:00
2019-10-13 17:00:00+00:00,24877.0,26934.25613417239,23924.049722613734,29944.462545731043,19,2019-08-07 23:00:00+00:00
2019-10-13 18:00:00+00:00,27343.0,28958.951281797486,25923.671570954964,31994.23099264001,20,2019-08-07 23:00:00+00:00
2019-10-13 19:00:00+00:00,27281.0,28592.05576002035,25534.48167747903,31649.62984256167,21,2019-08-07 23:00:00+00:00
2019-10-13 20:00:00+00:00,25835.0,26326.79172926677,23249.376103981507,29404.207354552032,22,2019-08-07 23:00:00+00:00
2019-10-13 21:00:00+00:00,24205.0,24508.06904111519,21412.98078583499,27603.157296395395,23,2019-08-07 23:00:00+00:00
2019-10-13 22:00:00+00:00,22691.0,23232.3250062044,20121.484990926107,26343.16502148269,24,2019-08-07 23:00:00+00:00
2019-10-13 23:00:00+00:00,21600.0,21327.334092464524,20751.43085825471,21903.237326674338,1,2019-08-07 23:00:00+00:00
2019-10-14 00:00:00+00:00,20899.0,20413.0693801066,19359.213505634736,21466.925254578466,2,2019-08-07 23:00:00+00:00
2019-10-14 01:00:00+00:00,20595.0,19933.993711035237,18490.531374260703,21377.45604780977,3,2019-08-07 23:00:00+00:00
2019-10-14 02:00:00+00:00,20536.0,19822.12669842969,18101.706244005974,21542.547152853404,4,2019-08-07 23:00:00+00:00
2019-10-14 03:00:00+00:00,21247.0,20004.593710876074,18069.35218306556,21939.835238686588,5,2019-08-07 23:00:00+00:00
2019-10-14 04:00:00+00:00,23964.0,21217.232983471575,19107.989727317385,23326.476239625765,6,2019-08-07 23:00:00+00:00
2019-10-14 05:00:00+00:00,27941.0,23098.887735055137,20845.099918561846,25352.67555154843,7,2019-08-07 23:00:00+00:00
2019-10-14 06:00:00+00:00,29820.0,23989.476240469594,21613.616604180574,26365.335876758614,8,2019-08-07 23:00:00+00:00
2019-10-14 07:00:00+00:00,30755.0,25358.70369673344,22878.55066431127,27838.856729155606,9,2019-08-07 23:00:00+00:00
2019-10-14 08:00:00+00:00,31329.0,26586.30108162813,24016.280358632022,29156.32180462424,10,2019-08-07 23:00:00+00:00
2019-10-14 09:00:00+00:00,31804.0,27330.268744511148,24682.30444058784,29978.233048434457,11,2019-08-07 23:00:00+00:00
2019-10-14 10:00:00+00:00,32174.0,27908.393330883468,25192.480871315758,30624.305790451177,12,2019-08-07 23:00:00+00:00
2019-10-14 11:00:00+00:00,32226.0,28303.039135609502,25527.648948746504,31078.4293224725,13,2019-08-07 23:00:00+00:00
2019-10-14 12:00:00+00:00,31140.0,27872.121541881876,25044.494017757126,30699.749066006625,14,2019-08-07 23:00:00+00:00
2019-10-14 13:00:00+00:00,30354.0,26960.77272593581,24087.14015748312,29834.4052943885,15,2019-08-07 23:00:00+00:00
2019-10-14 14:00:00+00:00,30306.0,26517.2735926696,23603.031261393153,29431.515923946048,16,2019-08-07 23:00:00+00:00
2019-10-14 15:00:00+00:00,30150.0,26322.69964702627,23372.54038915867,29272.858904893874,17,2019-08-07 23:00:00+00:00
2019-10-14 16:00:00+00:00,29826.0,26112.149649567575,23130.171507262272,29094.127791872877,18,2019-08-07 23:00:00+00:00
2019-10-14 17:00:00+00:00,30503.0,26846.244506631807,23836.038095073152,29856.45091819046,19,2019-08-07 23:00:00+00:00
2019-10-14 18:00:00+00:00,32147.0,28987.805013782094,25952.52530293957,32023.084724624616,20,2019-08-07 23:00:00+00:00
2019-10-14 19:00:00+00:00,31055.0,28653.323381654845,25595.749299113526,31710.897464196165,21,2019-08-07 23:00:00+00:00
2019-10-14 20:00:00+00:00,27955.0,26530.025289520352,23452.60966423509,29607.440914805615,22,2019-08-07 23:00:00+00:00
2019-10-14 21:00:00+00:00,25556.0,24656.666211835174,21561.57795655497,27751.754467115377,23,2019-08-07 23:00:00+00:00
2019-10-14 22:00:00+00:00,24334.0,23323.253646209214,20212.41363093092,26434.093661487506,24,2019-08-07 23:00:00+00:00
2019-10-14 23:00:00+00:00,23246.0,23301.270578593536,22725.36734438372,23877.17381280335,1,2019-08-07 23:00:00+00:00
2019-10-15 00:00:00+00:00,22480.0,22528.10752374014,21474.251649268273,23581.963398212003,2,2019-08-07 23:00:00+00:00
2019-10-15 01:00:00+00:00,22162.0,22074.67927923658,20631.216942462048,23518.141616011115,3,2019-08-07 23:00:00+00:00
2019-10-15 02:00:00+00:00,22039.0,21906.815285983062,20186.394831559348,23627.235740406777,4,2019-08-07 23:00:00+00:00
2019-10-15 03:00:00+00:00,22566.0,22238.6085672528,20303.367039442284,24173.850095063313,5,2019-08-07 23:00:00+00:00
2019-10-15 04:00:00+00:00,24595.0,24092.650907960313,21983.407651806127,26201.8941641145,6,2019-08-07 23:00:00+00:00
2019-10-15 05:00:00+00:00,28026.0,26953.44451356446,24699.65669707117,29207.232330057752,7,2019-08-07 23:00:00+00:00
2019-10-15 06:00:00+00:00,29570.0,28280.73763446893,25904.87799817991,30656.59727075795,8,2019-08-07 23:00:00+00:00
2019-10-15 07:00:00+00:00,30307.0,29387.55437211469,26907.401339692522,31867.707404536857,9,2019-08-07 23:00:00+00:00
2019-10-15 08:00:00+00:00,30712.0,30213.392336261586,27643.37161326548,32783.41305925769,10,2019-08-07 23:00:00+00:00
2019-10-15 09:00:00+00:00,30913.0,30761.66795282075,28113.70364889744,33409.63225674406,11,2019-08-07 23:00:00+00:00
2019-10-15 10:00:00+00:00,31247.0,31227.528260073304,28511.615800505595,33943.44071964102,12,2019-08-07 23:00:00+00:00
2019-10-15 11:00:00+00:00,31199.0,31397.75367626591,28622.363489402913,34173.143863128906,13,2019-08-07 23:00:00+00:00
2019-10-15 12:00:00+00:00,30108.0,30584.944578735398,27757.31705461065,33412.57210286015,14,2019-08-07 23:00:00+00:00
2019-10-15 13:00:00+00:00,29463.0,29739.89339482975,26866.26082637706,32613.525963282438,15,2019-08-07 23:00:00+00:00
2019-10-15 14:00:00+00:00,29272.0,29445.589435201997,26531.347103925553,32359.83176647844,16,2019-08-07 23:00:00+00:00
2019-10-15 15:00:00+00:00,29174.0,29250.997429444407,26300.838171576805,32201.15668731201,17,2019-08-07 23:00:00+00:00
2019-10-15 16:00:00+00:00,28861.0,28892.34668756507,25910.368545259767,31874.324829870373,18,2019-08-07 23:00:00+00:00
2019-10-15 17:00:00+00:00,29913.0,29402.3417611334,26392.135349574746,32412.548172692055,19,2019-08-07 23:00:00+00:00
2019-10-15 18:00:00+00:00,31906.0,31246.643874674268,28211.364163831746,34281.92358551679,20,2019-08-07 23:00:00+00:00
2019-10-15 19:00:00+00:00,30863.0,30535.605556004037,27478.031473462717,33593.179638545356,21,2019-08-07 23:00:00+00:00
2019-10-15 20:00:00+00:00,28136.0,27863.68039483731,24786.264769552046,30941.09602012257,22,2019-08-07 23:00:00+00:00
2019-10-15 21:00:00+00:00,25630.0,25708.305389194255,22613.21713391405,28803.393644474458,23,2019-08-07 23:00:00+00:00
2019-10-15 22:00:00+00:00,24305.0,24424.094419883175,21313.254404604882,27534.934435161467,24,2019-08-07 23:00:00+00:00
2019-10-15 23:00:00+00:00,23119.0,23108.63001710253,22532.726782892714,23684.533251312343,1,2019-08-07 23:00:00+00:00
2019-10-16 00:00:00+00:00,22323.0,22306.672788793567,21252.816914321702,23360.52866326543,2,2019-08-07 23:00:00+00:00
2019-10-16 01:00:00+00:00,21956.0,21897.31771710926,20453.855380334728,23340.780053883795,3,2019-08-07 23:00:00+00:00
2019-10-16 02:00:00+00:00,21892.0,21749.46537755044,20029.044923126727,23469.885831974156,4,2019-08-07 23:00:00+00:00
2019-10-16 03:00:00+00:00,22285.0,22090.379849080957,20155.138321270442,24025.62137689147,5,2019-08-07 23:00:00+00:00
2019-10-16 04:00:00+00:00,24512.0,23831.06052905621,21721.817272902023,25940.303785210395,6,2019-08-07 23:00:00+00:00
2019-10-16 05:00:00+00:00,28229.0,26660.074431754572,24406.28661526128,28913.862248247864,7,2019-08-07 23:00:00+00:00
2019-10-16 06:00:00+00:00,29940.0,27959.472270786526,25583.612634497505,30335.331907075546,8,2019-08-07 23:00:00+00:00
2019-10-16 07:00:00+00:00,30486.0,28995.70581455537,26515.552782133203,31475.85884697754,9,2019-08-07 23:00:00+00:00
2019-10-16 08:00:00+00:00,30941.0,29750.177922666728,27180.157199670623,32320.198645662833,10,2019-08-07 23:00:00+00:00
2019-10-16 09:00:00+00:00,31154.0,30210.513705436842,27562.549401513534,32858.47800936015,11,2019-08-07 23:00:00+00:00
2019-10-16 10:00:00+00:00,31518.0,30670.342056136626,27954.429596568916,33386.254515704335,12,2019-08-07 23:00:00+00:00
2019-10-16 11:00:00+00:00,31501.0,30807.639572303102,28032.249385440104,33583.0297591661,13,2019-08-07 23:00:00+00:00
2019-10-16 12:00:00+00:00,30579.0,29975.744173717394,27148.116649592645,32803.37169784214,14,2019-08-07 23:00:00+00:00
2019-10-16 13:00:00+00:00,30053.0,29205.046567767426,26331.413999314736,32078.679136220115,15,2019-08-07 23:00:00+00:00
2019-10-16 14:00:00+00:00,29774.0,28905.344256417713,25991.101925141265,31819.58658769416,16,2019-08-07 23:00:00+00:00
2019-10-16 15:00:00+00:00,29604.0,28750.93883852551,25800.77958065791,31701.098096393114,17,2019-08-07 23:00:00+00:00
2019-10-16 16:00:00+00:00,29343.0,28414.263804322793,25432.28566201749,31396.241946628095,18,2019-08-07 23:00:00+00:00
2019-10-16 17:00:00+00:00,30524.0,29093.3630881292,26083.156676570547,32103.569499687856,19,2019-08-07 23:00:00+00:00
2019-10-16 18:00:00+00:00,32434.0,31050.597274388216,28015.317563545694,34085.87698523074,20,2019-08-07 23:00:00+00:00
2019-10-16 19:00:00+00:00,31394.0,30320.99252482248,27263.41844228116,33378.5666073638,21,2019-08-07 23:00:00+00:00
2019-10-16 20:00:00+00:00,28424.0,27740.78931700415,24663.373691718887,30818.204942289412,22,2019-08-07 23:00:00+00:00
2019-10-16 21:00:00+00:00,25919.0,25526.63700488675,22431.548749606547,28621.725260166953,23,2019-08-07 23:00:00+00:00
2019-10-16 22:00:00+00:00,24685.0,24222.928170752504,21112.08815547421,27333.768186030797,24,2019-08-07 23:00:00+00:00
2019-10-16 23:00:00+00:00,23353.0,23553.988384907745,22978.08515069793,24129.89161911756,1,2019-08-07 23:00:00+00:00
2019-10-17 00:00:00+00:00,22642.0,22746.431289674838,21692.575415202973,23800.287164146703,2,2019-08-07 23:00:00+00:00
2019-10-17 01:00:00+00:00,22307.0,22305.69175511182,20862.229418337287,23749.154091886354,3,2019-08-07 23:00:00+00:00
2019-10-17 02:00:00+00:00,22162.0,22157.99245118428,20437.571996760566,23878.412905607995,4,2019-08-07 23:00:00+00:00
2019-10-17 03:00:00+00:00,22466.0,22450.99892074809,20515.757392937576,24386.240448558605,5,2019-08-07 23:00:00+00:00
2019-10-17 04:00:00+00:00,24495.0,24277.53466155938,22168.291405405194,26386.777917713567,6,2019-08-07 23:00:00+00:00
2019-10-17 05:00:00+00:00,28088.0,27264.666300246074,25010.878483752782,29518.454116739365,7,2019-08-07 23:00:00+00:00
2019-10-17 06:00:00+00:00,29836.0,28635.510902408107,26259.651266119086,31011.370538697127,8,2019-08-07 23:00:00+00:00
2019-10-17 07:00:00+00:00,30611.0,29546.88325390747,27066.7302214853,32027.036286329636,9,2019-08-07 23:00:00+00:00
2019-10-17 08:00:00+00:00,31042.0,30258.065681130865,27688.04495813476,32828.086404126974,10,2019-08-07 23:00:00+00:00
2019-10-17 09:00:00+00:00,31381.0,30673.65630131083,28025.691997387523,33321.620605234144,11,2019-08-07 23:00:00+00:00
2019-10-17 10:00:00+00:00,31763.0,31112.869903922667,28396.957444354957,33828.782363490376,12,2019-08-07 23:00:00+00:00
2019-10-17 11:00:00+00:00,31764.0,31223.28242151517,28447.892234652172,33998.67260837817,13,2019-08-07 23:00:00+00:00
2019-10-17 12:00:00+00:00,30790.0,30405.783858633426,27578.156334508676,33233.411382758175,14,2019-08-07 23:00:00+00:00
2019-10-17 13:00:00+00:00,30046.0,29680.50667150139,26806.8741030487,32554.13923995408,15,2019-08-07 23:00:00+00:00
2019-10-17 14:00:00+00:00,29996.0,29350.163654157168,26435.92132288072,32264.405985433616,16,2019-08-07 23:00:00+00:00
2019-10-17 15:00:00+00:00,29935.0,29164.991666990325,26214.832409122722,32115.150924857928,17,2019-08-07 23:00:00+00:00
2019-10-17 16:00:00+00:00,29566.0,28838.784863365236,25856.806721059933,31820.76300567054,18,2019-08-07 23:00:00+00:00
2019-10-17 17:00:00+00:00,30652.0,29600.553678709846,26590.34726715119,32610.7600902685,19,2019-08-07 23:00:00+00:00
2019-10-17 18:00:00+00:00,32338.0,31522.267293751498,28486.987582908976,34557.547004594024,20,2019-08-07 23:00:00+00:00
2019-10-17 19:00:00+00:00,31207.0,30744.858149083524,27687.284066542205,33802.43223162484,21,2019-08-07 23:00:00+00:00
2019-10-17 20:00:00+00:00,28332.0,28049.57558484773,24972.15995956247,31126.991210132994,22,2019-08-07 23:00:00+00:00
2019-10-17 21:00:00+00:00,26073.0,25790.594091565552,22695.50583628535,28885.682346845755,23,2019-08-07 23:00:00+00:00
2019-10-17 22:00:00+00:00,24740.0,24508.92539864411,21398.08538336582,27619.765413922403,24,2019-08-07 23:00:00+00:00
2019-10-17 23:00:00+00:00,23460.0,23445.165580963196,22869.26234675338,24021.06881517301,1,2019-08-07 23:00:00+00:00
2019-10-18 00:00:00+00:00,22624.0,22614.021838380766,21560.1659639089,23667.87771285263,2,2019-08-07 23:00:00+00:00
2019-10-18 01:00:00+00:00,22288.0,22203.20774254656,20759.745405772028,23646.670079321095,3,2019-08-07 23:00:00+00:00
2019-10-18 02:00:00+00:00,22146.0,22046.407232673337,20325.986778249622,23766.82768709705,4,2019-08-07 23:00:00+00:00
2019-10-18 03:00:00+00:00,22498.0,22328.9760536272,20393.734525816686,24264.217581437715,5,2019-08-07 23:00:00+00:00
2019-10-18 04:00:00+00:00,24609.0,24143.005819829246,22033.76256367506,26252.249075983433,6,2019-08-07 23:00:00+00:00
2019-10-18 05:00:00+00:00,27797.0,27185.202891131037,24931.415074637745,29438.99070762433,7,2019-08-07 23:00:00+00:00
2019-10-18 06:00:00+00:00,29453.0,28619.807345458772,26243.94770916975,30995.666981747792,8,2019-08-07 23:00:00+00:00
2019-10-18 07:00:00+00:00,30113.0,29575.190565885398,27095.03753346323,32055.343598307565,9,2019-08-07 23:00:00+00:00
2019-10-18 08:00:00+00:00,30682.0,30252.479306006542,27682.458583010433,32822.50002900265,10,2019-08-07 23:00:00+00:00
2019-10-18 09:00:00+00:00,30950.0,30694.618122011616,28046.653818088307,33342.582425934925,11,2019-08-07 23:00:00+00:00
2019-10-18 10:00:00+00:00,31119.0,31137.079758359825,28421.167298792116,33852.99221792754,12,2019-08-07 23:00:00+00:00
2019-10-18 11:00:00+00:00,31114.0,31243.85705237421,28468.46686551121,34019.24723923721,13,2019-08-07 23:00:00+00:00
2019-10-18 12:00:00+00:00,30058.0,30400.04709095649,27572.41956683174,33227.67461508124,14,2019-08-07 23:00:00+00:00
2019-10-18 13:00:00+00:00,29241.0,29626.44250491985,26752.80993646716,32500.07507337254,15,2019-08-07 23:00:00+00:00
2019-10-18 14:00:00+00:00,28809.0,29390.09080864218,26475.848477365733,32304.333139918628,16,2019-08-07 23:00:00+00:00
2019-10-18 15:00:00+00:00,28700.0,29250.837053283904,26300.6777954163,32200.996311151506,17,2019-08-07 23:00:00+00:00
2019-10-18 16:00:00+00:00,28568.0,28898.336788020835,25916.358645715532,31880.314930326138,18,2019-08-07 23:00:00+00:00
2019-10-18 17:00:00+00:00,29587.0,29682.701672515246,26672.49526095659,32692.9080840739,19,2019-08-07 23:00:00+00:00
2019-10-18 18:00:00+00:00,31135.0,31526.177984715447,28490.898273872925,34561.45769555797,20,2019-08-07 23:00:00+00:00
2019-10-18 19:00:00+00:00,30028.0,30686.78004230573,27629.20595976441,33744.35412484705,21,2019-08-07 23:00:00+00:00
2019-10-18 20:00:00+00:00,27613.0,27994.848262771,24917.432637485737,31072.263888056263,22,2019-08-07 23:00:00+00:00
2019-10-18 21:00:00+00:00,25717.0,25797.073171939777,22701.984916659574,28892.16142721998,23,2019-08-07 23:00:00+00:00
2019-10-18 22:00:00+00:00,24404.0,24488.903720664268,21378.063705385975,27599.74373594256,24,2019-08-07 23:00:00+00:00
2019-10-18 23:00:00+00:00,23136.0,23099.520923011594,22523.61768880178,23675.42415722141,1,2019-08-07 23:00:00+00:00
2019-10-19 00:00:00+00:00,22050.0,22233.397253942552,21179.541379470687,23287.253128414417,2,2019-08-07 23:00:00+00:00
2019-10-19 01:00:00+00:00,21575.0,21851.243555252582,20407.78121847805,23294.705892027116,3,2019-08-07 23:00:00+00:00
2019-10-19 02:00:00+00:00,21250.0,21715.84295414957,19995.422499725857,23436.263408573286,4,2019-08-07 23:00:00+00:00
2019-10-19 03:00:00+00:00,21102.0,22036.24640747162,20101.004879661104,23971.487935282134,5,2019-08-07 23:00:00+00:00
2019-10-19 04:00:00+00:00,21652.0,23923.712878038874,21814.469621884688,26032.95613419306,6,2019-08-07 23:00:00+00:00
2019-10-19 05:00:00+00:00,22867.0,26905.010757331853,24651.22294083856,29158.798573825145,7,2019-08-07 23:00:00+00:00
2019-10-19 06:00:00+00:00,23908.0,28360.916217080478,25985.056580791457,30736.775853369498,8,2019-08-07 23:00:00+00:00
2019-10-19 07:00:00+00:00,25636.0,29266.516671643552,26786.363639221385,31746.66970406572,9,2019-08-07 23:00:00+00:00
2019-10-19 08:00:00+00:00,27152.0,29976.206415450084,27406.18569245398,32546.22713844619,10,2019-08-07 23:00:00+00:00
2019-10-19 09:00:00+00:00,27671.0,30392.635582192495,27744.671278269187,33040.59988611581,11,2019-08-07 23:00:00+00:00
2019-10-19 10:00:00+00:00,28005.0,30762.86065399294,28046.94819442523,33478.773113560645,12,2019-08-07 23:00:00+00:00
2019-10-19 11:00:00+00:00,28088.0,30865.700047293452,28090.309860430454,33641.09023415645,13,2019-08-07 23:00:00+00:00
2019-10-19 12:00:00+00:00,27481.0,29986.871496744196,27159.243972619446,32814.49902086895,14,2019-08-07 23:00:00+00:00
2019-10-19 13:00:00+00:00,26124.0,29200.97116431014,26327.33859585745,32074.60373276283,15,2019-08-07 23:00:00+00:00
2019-10-19 14:00:00+00:00,25440.0,28860.037621430933,25945.795290154485,31774.27995270738,16,2019-08-07 23:00:00+00:00
2019-10-19 15:00:00+00:00,25263.0,28722.538226040586,25772.378968172983,31672.69748390819,17,2019-08-07 23:00:00+00:00
2019-10-19 16:00:00+00:00,25351.0,28462.164090395927,25480.185948090624,31444.14223270123,18,2019-08-07 23:00:00+00:00
2019-10-19 17:00:00+00:00,26680.0,29268.51406291184,26258.307651353185,32278.720474470494,19,2019-08-07 23:00:00+00:00
2019-10-19 18:00:00+00:00,28312.0,31050.302352316172,28015.02264147365,34085.5820631587,20,2019-08-07 23:00:00+00:00
2019-10-19 19:00:00+00:00,27765.0,30190.371946395993,27132.797863854674,33247.94602893732,21,2019-08-07 23:00:00+00:00
2019-10-19 20:00:00+00:00,25748.0,27648.33923433804,24570.923609052777,30725.754859623303,22,2019-08-07 23:00:00+00:00
2019-10-19 21:00:00+00:00,24221.0,25580.409257742445,22485.321002462242,28675.49751302265,23,2019-08-07 23:00:00+00:00
2019-10-19 22:00:00+00:00,22718.0,24282.62741102556,21171.78739574727,27393.467426303854,24,2019-08-07 23:00:00+00:00
2019-10-19 23:00:00+00:00,21370.0,21345.783609463408,20769.880375253593,21921.686843673222,1,2019-08-07 23:00:00+00:00
2019-10-20 00:00:00+00:00,20500.0,20399.358995460512,19345.503120988647,21453.214869932377,2,2019-08-07 23:00:00+00:00
2019-10-20 01:00:00+00:00,19919.0,20060.759666279522,18617.29732950499,21504.222003054056,3,2019-08-07 23:00:00+00:00
2019-10-20 02:00:00+00:00,19497.0,19943.00427961317,18222.583825189457,21663.424734036886,4,2019-08-07 23:00:00+00:00
2019-10-20 03:00:00+00:00,19531.0,20167.064102775406,18231.822574964892,22102.30563058592,5,2019-08-07 23:00:00+00:00
2019-10-20 04:00:00+00:00,19871.0,21595.462196800676,19486.21894064649,23704.705452954862,6,2019-08-07 23:00:00+00:00
2019-10-20 05:00:00+00:00,20535.0,23962.989855229047,21709.202038735755,26216.77767172234,7,2019-08-07 23:00:00+00:00
2019-10-20 06:00:00+00:00,20967.0,25290.109525275446,22914.249888986426,27665.969161564466,8,2019-08-07 23:00:00+00:00
2019-10-20 07:00:00+00:00,22333.0,26614.175734944958,24134.02270252279,29094.328767367126,9,2019-08-07 23:00:00+00:00
2019-10-20 08:00:00+00:00,24048.0,27708.446544403996,25138.425821407887,30278.467267400105,10,2019-08-07 23:00:00+00:00
2019-10-20 09:00:00+00:00,24902.0,28254.293297217802,25606.328993294494,30902.25760114111,11,2019-08-07 23:00:00+00:00
2019-10-20 10:00:00+00:00,25366.0,28713.229934739848,25997.317475172138,31429.142394307557,12,2019-08-07 23:00:00+00:00
2019-10-20 11:00:00+00:00,25742.0,28885.833757716766,26110.443570853768,31661.223944579764,13,2019-08-07 23:00:00+00:00
2019-10-20 12:00:00+00:00,25459.0,28195.47613681953,25367.84861269478,31023.103660944278,14,2019-08-07 23:00:00+00:00
2019-10-20 13:00:00+00:00,23867.0,27257.186395694385,24383.553827241696,30130.818964147074,15,2019-08-07 23:00:00+00:00
2019-10-20 14:00:00+00:00,23066.0,26857.71064015548,23943.468308879033,29771.95297143193,16,2019-08-07 23:00:00+00:00
2019-10-20 15:00:00+00:00,22811.0,26740.686334766127,23790.527076898525,29690.84559263373,17,2019-08-07 23:00:00+00:00
2019-10-20 16:00:00+00:00,23189.0,26614.955351999877,23632.977209694574,29596.93349430518,18,2019-08-07 23:00:00+00:00
2019-10-20 17:00:00+00:00,24921.0,27596.88588483257,24586.679473273914,30607.092296391223,19,2019-08-07 23:00:00+00:00
2019-10-20 18:00:00+00:00,27251.0,29414.74745810799,26379.46774726547,32450.027168950513,20,2019-08-07 23:00:00+00:00
2019-10-20 19:00:00+00:00,27096.0,28758.974085756516,25701.400003215196,31816.548168297835,21,2019-08-07 23:00:00+00:00
2019-10-20 20:00:00+00:00,25582.0,26407.87415004762,23330.458524762358,29485.289775332883,22,2019-08-07 23:00:00+00:00
2019-10-20 21:00:00+00:00,23917.0,24524.376792412357,21429.288537132154,27619.46504769256,23,2019-08-07 23:00:00+00:00
2019-10-20 22:00:00+00:00,22235.0,23184.392959359317,20073.552944081024,26295.23297463761,24,2019-08-07 23:00:00+00:00
2019-10-20 23:00:00+00:00,21101.0,20756.811565301414,20180.9083310916,21332.71479951123,1,2019-08-07 23:00:00+00:00
2019-10-21 00:00:00+00:00,20405.0,19880.157973250498,18826.302098778633,20934.013847722363,2,2019-08-07 23:00:00+00:00
2019-10-21 01:00:00+00:00,20108.0,19494.89386689343,18051.431530118898,20938.356203667965,3,2019-08-07 23:00:00+00:00
2019-10-21 02:00:00+00:00,20237.0,19324.35922100233,17603.938766578616,21044.779675426045,4,2019-08-07 23:00:00+00:00
2019-10-21 03:00:00+00:00,20876.0,19575.108223244748,17639.866695434233,21510.349751055262,5,2019-08-07 23:00:00+00:00
2019-10-21 04:00:00+00:00,23574.0,20824.882008053206,18715.638751899016,22934.125264207396,6,2019-08-07 23:00:00+00:00
2019-10-21 05:00:00+00:00,27542.0,22856.031370495017,20602.243554001725,25109.81918698831,7,2019-08-07 23:00:00+00:00
2019-10-21 06:00:00+00:00,29891.0,23934.24810205856,21558.388465769538,26310.10773834758,8,2019-08-07 23:00:00+00:00
2019-10-21 07:00:00+00:00,30451.0,25184.73909355916,22704.586061136994,27664.89212598133,9,2019-08-07 23:00:00+00:00
2019-10-21 08:00:00+00:00,31155.0,26409.60845974704,23839.587736750935,28979.629182743145,10,2019-08-07 23:00:00+00:00
2019-10-21 09:00:00+00:00,31423.0,27078.46510514533,24430.50080122202,29726.429409068638,11,2019-08-07 23:00:00+00:00
2019-10-21 10:00:00+00:00,31584.0,27573.885729517675,24857.973269949965,30289.798189085384,12,2019-08-07 23:00:00+00:00
2019-10-21 11:00:00+00:00,31202.0,27845.89725877436,25070.50707191136,30621.287445637357,13,2019-08-07 23:00:00+00:00
2019-10-21 12:00:00+00:00,30286.0,27287.568884981112,24459.941360856363,30115.19640910586,14,2019-08-07 23:00:00+00:00
2019-10-21 13:00:00+00:00,29544.0,26216.47932364097,23342.846755188282,29090.11189209366,15,2019-08-07 23:00:00+00:00
2019-10-21 14:00:00+00:00,29178.0,25743.354156755566,22829.11182547912,28657.59648803201,16,2019-08-07 23:00:00+00:00
2019-10-21 15:00:00+00:00,29119.0,25594.70268439494,22644.543426527336,28544.86194226254,17,2019-08-07 23:00:00+00:00
2019-10-21 16:00:00+00:00,29144.0,25604.17318347534,22622.195041170038,28586.151325780644,18,2019-08-07 23:00:00+00:00
2019-10-21 17:00:00+00:00,30667.0,26778.582778478434,23768.37636691978,29788.78919003709,19,2019-08-07 23:00:00+00:00
2019-10-21 18:00:00+00:00,32478.0,28828.19722630621,25792.917515463687,31863.47693714873,20,2019-08-07 23:00:00+00:00
2019-10-21 19:00:00+00:00,31433.0,28330.64907183012,25273.0749892888,31388.22315437144,21,2019-08-07 23:00:00+00:00
2019-10-21 20:00:00+00:00,28352.0,26205.90882618775,23128.49320090249,29283.324451473014,22,2019-08-07 23:00:00+00:00
2019-10-21 21:00:00+00:00,25940.0,24320.301845918515,21225.213590638312,27415.39010119872,23,2019-08-07 23:00:00+00:00
2019-10-21 22:00:00+00:00,24435.0,22898.056957772365,19787.216942494073,26008.896973050658,24,2019-08-07 23:00:00+00:00
2019-10-21 23:00:00+00:00,22938.0,23264.495712833632,22688.592478623817,23840.398947043446,1,2019-08-07 23:00:00+00:00
2019-10-22 00:00:00+00:00,22100.0,22448.039402091446,21394.18352761958,23501.89527656331,2,2019-08-07 23:00:00+00:00
2019-10-22 01:00:00+00:00,21760.0,22007.67978203304,20564.217445258506,23451.142118807573,3,2019-08-07 23:00:00+00:00
2019-10-22 02:00:00+00:00,21692.0,21876.415380772156,20155.99492634844,23596.83583519587,4,2019-08-07 23:00:00+00:00
2019-10-22 03:00:00+00:00,22177.0,22197.052392445166,20261.81086463465,24132.29392025568,5,2019-08-07 23:00:00+00:00
2019-10-22 04:00:00+00:00,24465.0,24068.23518981342,21958.99193365923,26177.47844596761,6,2019-08-07 23:00:00+00:00
2019-10-22 05:00:00+00:00,28365.0,27010.581102071676,24756.793285578384,29264.368918564967,7,2019-08-07 23:00:00+00:00
2019-10-22 06:00:00+00:00,30785.0,28596.18612400742,26220.3264877184,30972.04576029644,8,2019-08-07 23:00:00+00:00
2019-10-22 07:00:00+00:00,31615.0,29473.36378982449,26993.21075740232,31953.516822246656,9,2019-08-07 23:00:00+00:00
2019-10-22 08:00:00+00:00,32013.0,30303.21774451143,27733.19702151532,32873.23846750754,10,2019-08-07 23:00:00+00:00
2019-10-22 09:00:00+00:00,32366.0,30696.920985152592,28048.956681229283,33344.8852890759,11,2019-08-07 23:00:00+00:00
2019-10-22 10:00:00+00:00,32646.0,30996.688725073447,28280.776265505738,33712.60118464116,12,2019-08-07 23:00:00+00:00
2019-10-22 11:00:00+00:00,32421.0,30930.39104552507,28155.00085866207,33705.781232388064,13,2019-08-07 23:00:00+00:00
2019-10-22 12:00:00+00:00,31492.0,30104.496292102198,27276.86876797745,32932.12381622695,14,2019-08-07 23:00:00+00:00
2019-10-22 13:00:00+00:00,30886.0,29204.53931974064,26330.906751287952,32078.17188819333,15,2019-08-07 23:00:00+00:00
2019-10-22 14:00:00+00:00,30562.0,28780.879180350283,25866.63684907384,31695.121511626727,16,2019-08-07 23:00:00+00:00
2019-10-22 15:00:00+00:00,30437.0,28626.86061773349,25676.70135986589,31577.019875601094,17,2019-08-07 23:00:00+00:00
2019-10-22 16:00:00+00:00,30432.0,28495.973445288484,25513.99530298318,31477.951587593787,18,2019-08-07 23:00:00+00:00
2019-10-22 17:00:00+00:00,31824.0,29608.84457455666,26598.638162998006,32619.050986115315,19,2019-08-07 23:00:00+00:00
2019-10-22 18:00:00+00:00,33280.0,31453.347693107993,28418.06798226547,34488.627403950515,20,2019-08-07 23:00:00+00:00
2019-10-22 19:00:00+00:00,32197.0,30627.561847391582,27569.987764850262,33685.135929932905,21,2019-08-07 23:00:00+00:00
2019-10-22 20:00:00+00:00,29099.0,27966.838131523888,24889.422506238625,31044.25375680915,22,2019-08-07 23:00:00+00:00
2019-10-22 21:00:00+00:00,26576.0,25794.474756448548,22699.386501168345,28889.56301172875,23,2019-08-07 23:00:00+00:00
2019-10-22 22:00:00+00:00,24717.0,24360.736563028244,21249.89654774995,27471.576578306536,24,2019-08-07 23:00:00+00:00
2019-10-22 23:00:00+00:00,23277.0,23183.629919724444,22607.72668551463,23759.53315393426,1,2019-08-07 23:00:00+00:00
2019-10-23 00:00:00+00:00,22321.0,22259.451472062115,21205.59559759025,23313.30734653398,2,2019-08-07 23:00:00+00:00
2019-10-23 01:00:00+00:00,21856.0,21848.816045748692,20405.35370897416,23292.278382523225,3,2019-08-07 23:00:00+00:00
2019-10-23 02:00:00+00:00,21996.0,21706.437128528574,19986.01667410486,23426.85758295229,4,2019-08-07 23:00:00+00:00
2019-10-23 03:00:00+00:00,22408.0,22037.325587738756,20102.084059928242,23972.56711554927,5,2019-08-07 23:00:00+00:00
2019-10-23 04:00:00+00:00,24644.0,23888.905807547282,21779.662551393092,25998.149063701472,6,2019-08-07 23:00:00+00:00
2019-10-23 05:00:00+00:00,28467.0,26958.6158810066,24704.82806451331,29212.403697499893,7,2019-08-07 23:00:00+00:00
2019-10-23 06:00:00+00:00,31099.0,28687.547207831518,26311.687571542498,31063.406844120538,8,2019-08-07 23:00:00+00:00
2019-10-23 07:00:00+00:00,31843.0,29642.990574993117,27162.83754257095,32123.143607415284,9,2019-08-07 23:00:00+00:00
2019-10-23 08:00:00+00:00,32213.0,30366.3395114257,27796.31878842959,32936.36023442181,10,2019-08-07 23:00:00+00:00
2019-10-23 09:00:00+00:00,32504.0,30793.487708340348,28145.52340441704,33441.45201226366,11,2019-08-07 23:00:00+00:00
2019-10-23 10:00:00+00:00,32892.0,31136.32820455673,28420.41574498902,33852.24066412444,12,2019-08-07 23:00:00+00:00
2019-10-23 11:00:00+00:00,32755.0,31103.655752656297,28328.2655657933,33879.045939519296,13,2019-08-07 23:00:00+00:00
2019-10-23 12:00:00+00:00,31777.0,30277.522124868727,27449.894600743977,33105.14964899348,14,2019-08-07 23:00:00+00:00
2019-10-23 13:00:00+00:00,31085.0,29461.347547507314,26587.714979054625,32334.980115960003,15,2019-08-07 23:00:00+00:00
2019-10-23 14:00:00+00:00,30620.0,29074.191220747893,26159.948889471445,31988.43355202434,16,2019-08-07 23:00:00+00:00
2019-10-23 15:00:00+00:00,30509.0,28921.6722749243,25971.5130170567,31871.831532791904,17,2019-08-07 23:00:00+00:00
2019-10-23 16:00:00+00:00,30456.0,28812.192267123843,25830.21412481854,31794.170409429145,18,2019-08-07 23:00:00+00:00
2019-10-23 17:00:00+00:00,32046.0,29941.293673141772,26931.087261583118,32951.50008470043,19,2019-08-07 23:00:00+00:00
2019-10-23 18:00:00+00:00,33641.0,31664.93421383096,28629.654502988436,34700.21392467348,20,2019-08-07 23:00:00+00:00
2019-10-23 19:00:00+00:00,32550.0,30808.66539133292,27751.0913087916,33866.239473874244,21,2019-08-07 23:00:00+00:00
2019-10-23 20:00:00+00:00,29516.0,28099.218458116386,25021.802832831123,31176.63408340165,22,2019-08-07 23:00:00+00:00
2019-10-23 21:00:00+00:00,27049.0,25866.372678432806,22771.284423152603,28961.46093371301,23,2019-08-07 23:00:00+00:00
2019-10-23 22:00:00+00:00,25144.0,24305.159114888098,21194.319099609806,27415.99913016639,24,2019-08-07 23:00:00+00:00
2019-10-23 23:00:00+00:00,23730.0,23626.752419059907,23050.849184850093,24202.65565326972,1,2019-08-07 23:00:00+00:00
2019-10-24 00:00:00+00:00,22821.0,22649.93094691075,21596.075072438885,23703.786821382615,2,2019-08-07 23:00:00+00:00
2019-10-24 01:00:00+00:00,22422.0,22185.146424421277,20741.684087646743,23628.60876119581,3,2019-08-07 23:00:00+00:00
2019-10-24 02:00:00+00:00,22347.0,22110.140189970076,20389.71973554636,23830.56064439379,4,2019-08-07 23:00:00+00:00
2019-10-24 03:00:00+00:00,22759.0,22417.99869754543,20482.757169734916,24353.240225355945,5,2019-08-07 23:00:00+00:00
2019-10-24 04:00:00+00:00,25056.0,24290.415172041012,22181.17191588682,26399.658428195202,6,2019-08-07 23:00:00+00:00
2019-10-24 05:00:00+00:00,28807.0,27422.200586906383,25168.41277041309,29675.988403399675,7,2019-08-07 23:00:00+00:00
2019-10-24 06:00:00+00:00,31204.0,29300.699810321785,26924.840174032764,31676.559446610805,8,2019-08-07 23:00:00+00:00
2019-10-24 07:00:00+00:00,31692.0,30196.495588071568,27716.3425556494,32676.648620493736,9,2019-08-07 23:00:00+00:00
2019-10-24 08:00:00+00:00,32067.0,30856.703256538698,28286.682533542593,33426.72397953481,10,2019-08-07 23:00:00+00:00
2019-10-24 09:00:00+00:00,32196.0,31240.63540185804,28592.67109793473,33888.59970578135,11,2019-08-07 23:00:00+00:00
2019-10-24 10:00:00+00:00,32290.0,31603.59058496351,28887.6781253958,34319.50304453122,12,2019-08-07 23:00:00+00:00
2019-10-24 11:00:00+00:00,31849.0,31568.150853261428,28792.76066639843,34343.54104012442,13,2019-08-07 23:00:00+00:00
2019-10-24 12:00:00+00:00,30862.0,30701.635925119124,27874.008400994375,33529.263449243874,14,2019-08-07 23:00:00+00:00
2019-10-24 13:00:00+00:00,30218.0,29871.558079065024,26997.925510612335,32745.190647517713,15,2019-08-07 23:00:00+00:00
2019-10-24 14:00:00+00:00,29926.0,29432.707803233377,26518.46547195693,32346.950134509825,16,2019-08-07 23:00:00+00:00
2019-10-24 15:00:00+00:00,29680.0,29280.376488745358,26330.217230877755,32230.53574661296,17,2019-08-07 23:00:00+00:00
2019-10-24 16:00:00+00:00,29543.0,29158.83400558729,26176.855863281988,32140.812147892593,18,2019-08-07 23:00:00+00:00
2019-10-24 17:00:00+00:00,31221.0,30384.87625483146,27374.669843272804,33395.08266639011,19,2019-08-07 23:00:00+00:00
2019-10-24 18:00:00+00:00,33121.0,32117.984239549554,29082.704528707032,35153.26395039208,20,2019-08-07 23:00:00+00:00
2019-10-24 19:00:00+00:00,32465.0,31223.692514145725,28166.118431604405,34281.26659668705,21,2019-08-07 23:00:00+00:00
2019-10-24 20:00:00+00:00,29660.0,28482.225768020853,25404.81014273559,31559.641393306116,22,2019-08-07 23:00:00+00:00
2019-10-24 21:00:00+00:00,27158.0,26227.164876136416,23132.076620856213,29322.25313141662,23,2019-08-07 23:00:00+00:00
2019-10-24 22:00:00+00:00,25416.0,24606.320496956832,21495.48048167854,27717.160512235125,24,2019-08-07 23:00:00+00:00
2019-10-24 23:00:00+00:00,23837.0,24020.046363497913,23444.1431292881,24595.949597707728,1,2019-08-07 23:00:00+00:00
2019-10-25 00:00:00+00:00,22885.0,23110.787387779015,22056.93151330715,24164.64326225088,2,2019-08-07 23:00:00+00:00
2019-10-25 01:00:00+00:00,22464.0,22653.302037530557,21209.839700756023,24096.76437430509,3,2019-08-07 23:00:00+00:00
2019-10-25 02:00:00+00:00,22246.0,22511.219205514033,20790.79875109032,24231.639659937748,4,2019-08-07 23:00:00+00:00
2019-10-25 03:00:00+00:00,22643.0,22816.472439281963,20881.230911471448,24751.713967092477,5,2019-08-07 23:00:00+00:00
2019-10-25 04:00:00+00:00,24945.0,24741.681458171563,22632.438202017376,26850.92471432575,6,2019-08-07 23:00:00+00:00
2019-10-25 05:00:00+00:00,28900.0,27920.22431631907,25666.436499825777,30174.01213281236,7,2019-08-07 23:00:00+00:00
2019-10-25 06:00:00+00:00,31181.0,29795.278423686454,27419.418787397433,32171.138059975474,8,2019-08-07 23:00:00+00:00
2019-10-25 07:00:00+00:00,31817.0,30567.126053886233,28086.973021464066,33047.2790863084,9,2019-08-07 23:00:00+00:00
2019-10-25 08:00:00+00:00,32026.0,31180.788249688456,28610.76752669235,33750.808972684565,10,2019-08-07 23:00:00+00:00
2019-10-25 09:00:00+00:00,32001.0,31483.361500566396,28835.397196643087,34131.32580448971,11,2019-08-07 23:00:00+00:00
2019-10-25 10:00:00+00:00,31999.0,31732.77569212869,29016.86323256098,34448.6881516964,12,2019-08-07 23:00:00+00:00
2019-10-25 11:00:00+00:00,31721.0,31564.866669473173,28789.476482610175,34340.25685633617,13,2019-08-07 23:00:00+00:00
2019-10-25 12:00:00+00:00,30667.0,30671.540643615994,27843.913119491244,33499.16816774075,14,2019-08-07 23:00:00+00:00
2019-10-25 13:00:00+00:00,29988.0,29867.0415746951,26993.40900624241,32740.67414314779,15,2019-08-07 23:00:00+00:00
2019-10-25 14:00:00+00:00,29530.0,29478.707932091696,26564.465600815252,32392.95026336814,16,2019-08-07 23:00:00+00:00
2019-10-25 15:00:00+00:00,29206.0,29274.769915295703,26324.6106574281,32224.929173163306,17,2019-08-07 23:00:00+00:00
2019-10-25 16:00:00+00:00,29011.0,29123.85820433822,26141.880062032917,32105.836346643522,18,2019-08-07 23:00:00+00:00
2019-10-25 17:00:00+00:00,30352.0,30420.040473715042,27409.834062156388,33430.24688527369,19,2019-08-07 23:00:00+00:00
2019-10-25 18:00:00+00:00,31812.0,32238.893960003887,29203.614249161365,35274.17367084641,20,2019-08-07 23:00:00+00:00
2019-10-25 19:00:00+00:00,31104.0,31470.23174138631,28412.65765884499,34527.80582392763,21,2019-08-07 23:00:00+00:00
2019-10-25 20:00:00+00:00,28495.0,28768.43868551534,25691.023060230076,31845.8543108006,22,2019-08-07 23:00:00+00:00
2019-10-25 21:00:00+00:00,26433.0,26468.31046443337,23373.222209153166,29563.398719713572,23,2019-08-07 23:00:00+00:00
2019-10-25 22:00:00+00:00,24983.0,24865.035718231567,21754.195702953275,27975.87573350986,24,2019-08-07 23:00:00+00:00
2019-10-25 23:00:00+00:00,23370.0,23634.91690236635,23059.013668156535,24210.820136576163,1,2019-08-07 23:00:00+00:00
2019-10-26 00:00:00+00:00,22110.0,22733.825332039356,21679.96945756749,23787.68120651122,2,2019-08-07 23:00:00+00:00
2019-10-26 01:00:00+00:00,21439.0,22294.93649093641,20851.474154161875,23738.398827710942,3,2019-08-07 23:00:00+00:00
2019-10-26 02:00:00+00:00,21250.0,22127.828968474292,20407.408514050578,23848.249422898007,4,2019-08-07 23:00:00+00:00
2019-10-26 03:00:00+00:00,21105.0,22458.220625744187,20522.979097933672,24393.4621535547,5,2019-08-07 23:00:00+00:00
2019-10-26 04:00:00+00:00,21664.0,24448.135050747223,22338.891794593037,26557.37830690141,6,2019-08-07 23:00:00+00:00
2019-10-26 05:00:00+00:00,22928.0,27787.45766622488,25533.66984973159,30041.245482718172,7,2019-08-07 23:00:00+00:00
2019-10-26 06:00:00+00:00,24452.0,29700.752526380318,27324.892890091298,32076.61216266934,8,2019-08-07 23:00:00+00:00
2019-10-26 07:00:00+00:00,26382.0,30504.101605828117,28023.94857340595,32984.254638250284,9,2019-08-07 23:00:00+00:00
2019-10-26 08:00:00+00:00,27600.0,31040.987457672905,28470.9667346768,33611.008180669014,10,2019-08-07 23:00:00+00:00
2019-10-26 09:00:00+00:00,27748.0,31278.586096525545,28630.621792602236,33926.550400448854,11,2019-08-07 23:00:00+00:00
2019-10-26 10:00:00+00:00,27731.0,31485.559117199922,28769.646657632213,34201.47157676763,12,2019-08-07 23:00:00+00:00
2019-10-26 11:00:00+00:00,27728.0,31353.198283736947,28577.80809687395,34128.58847059994,13,2019-08-07 23:00:00+00:00
2019-10-26 12:00:00+00:00,27156.0,30434.42416248721,27606.79663836246,33262.05168661196,14,2019-08-07 23:00:00+00:00
2019-10-26 13:00:00+00:00,25907.0,29647.362399239963,26773.729830787273,32520.99496769265,15,2019-08-07 23:00:00+00:00
2019-10-26 14:00:00+00:00,25155.0,29220.649629239084,26306.407297962636,32134.89196051553,16,2019-08-07 23:00:00+00:00
2019-10-26 15:00:00+00:00,24925.0,28992.188388138962,26042.02913027136,31942.347646006565,17,2019-08-07 23:00:00+00:00
2019-10-26 16:00:00+00:00,24886.0,28830.517113724723,25848.53897141942,31812.495256030026,18,2019-08-07 23:00:00+00:00
2019-10-26 17:00:00+00:00,26429.0,30061.0785177766,27050.872106217947,33071.284929335256,19,2019-08-07 23:00:00+00:00
2019-10-26 18:00:00+00:00,27925.0,31739.00612194281,28703.726411100288,34774.28583278533,20,2019-08-07 23:00:00+00:00
2019-10-26 19:00:00+00:00,27741.0,30972.868649105472,27915.294566564153,34030.44273164679,21,2019-08-07 23:00:00+00:00
2019-10-26 20:00:00+00:00,26030.0,28335.540342402717,25258.124717117455,31412.95596768798,22,2019-08-07 23:00:00+00:00
2019-10-26 21:00:00+00:00,24557.0,26175.10748587481,23080.019230594608,29270.195741155014,23,2019-08-07 23:00:00+00:00
2019-10-26 22:00:00+00:00,23063.0,24665.7512819573,21554.911266679006,27776.59129723559,24,2019-08-07 23:00:00+00:00
2019-10-26 23:00:00+00:00,21566.0,21577.80444502119,21001.901210811375,22153.707679231004,1,2019-08-07 23:00:00+00:00
2019-10-27 00:00:00+00:00,20545.0,20576.1899515515,19522.334077079635,21630.045826023364,2,2019-08-07 23:00:00+00:00
2019-10-27 01:00:00+00:00,19963.0,20149.05760537852,18705.595268603985,21592.519942153052,3,2019-08-07 23:00:00+00:00
2019-10-27 02:00:00+00:00,19445.0,20081.64044502637,18361.219990602654,21802.060899450084,4,2019-08-07 23:00:00+00:00
2019-10-27 03:00:00+00:00,19258.0,20315.511518276086,18380.26999046557,22250.7530460866,5,2019-08-07 23:00:00+00:00
2019-10-27 04:00:00+00:00,19401.0,21801.859321276414,19692.616065122224,23911.102577430604,6,2019-08-07 23:00:00+00:00
2019-10-27 05:00:00+00:00,19846.0,24329.34291413998,22075.555097646687,26583.13073063327,7,2019-08-07 23:00:00+00:00
2019-10-27 06:00:00+00:00,20295.0,26092.66076824485,23716.801131955828,28468.52040453387,8,2019-08-07 23:00:00+00:00
2019-10-27 07:00:00+00:00,21417.0,27414.27400050084,24934.120968078674,29894.42703292301,9,2019-08-07 23:00:00+00:00
2019-10-27 08:00:00+00:00,23456.0,28342.63350753227,25772.612784536166,30912.654230528377,10,2019-08-07 23:00:00+00:00
2019-10-27 09:00:00+00:00,24544.0,28674.802385780986,26026.838081857677,31322.766689704295,11,2019-08-07 23:00:00+00:00
2019-10-27 10:00:00+00:00,24899.0,28911.815792823356,26195.903333255646,31627.728252391065,12,2019-08-07 23:00:00+00:00
2019-10-27 11:00:00+00:00,24839.0,28918.716300731616,26143.326113868618,31694.106487594614,13,2019-08-07 23:00:00+00:00
2019-10-27 12:00:00+00:00,25299.0,28212.030707482296,25384.403183357546,31039.658231607045,14,2019-08-07 23:00:00+00:00
2019-10-27 13:00:00+00:00,25026.0,27285.341049087656,24411.708480634967,30158.973617540345,15,2019-08-07 23:00:00+00:00
2019-10-27 14:00:00+00:00,23844.0,26798.23014114555,23883.987809869104,29712.472472421992,16,2019-08-07 23:00:00+00:00
2019-10-27 15:00:00+00:00,23259.0,26638.55886971749,23688.399611849887,29588.718127585093,17,2019-08-07 23:00:00+00:00
2019-10-27 16:00:00+00:00,23336.0,26573.339424132126,23591.361281826823,29555.31756643743,18,2019-08-07 23:00:00+00:00
2019-10-27 17:00:00+00:00,25112.0,27932.61688603791,24922.410474479257,30942.823297596566,19,2019-08-07 23:00:00+00:00
2019-10-27 18:00:00+00:00,26896.0,29635.946437978946,26600.666727136424,32671.226148821468,20,2019-08-07 23:00:00+00:00
2019-10-27 19:00:00+00:00,27521.0,29103.69490602561,26046.12082348429,32161.268988566928,21,2019-08-07 23:00:00+00:00
2019-10-27 20:00:00+00:00,27223.0,26829.35009705255,23751.934471767287,29906.765722337812,22,2019-08-07 23:00:00+00:00
2019-10-27 21:00:00+00:00,25795.0,24927.38655900524,21832.298303725038,28022.474814285444,23,2019-08-07 23:00:00+00:00
2019-10-27 22:00:00+00:00,23689.0,23441.560828731366,20330.720813453074,26552.40084400966,24,2019-08-07 23:00:00+00:00
2019-10-27 23:00:00+00:00,22150.0,21796.210383603542,21220.307149393728,22372.113617813357,1,2019-08-07 23:00:00+00:00
2019-10-28 00:00:00+00:00,21201.0,20717.331415369023,19663.475540897158,21771.187289840887,2,2019-08-07 23:00:00+00:00
2019-10-28 01:00:00+00:00,20596.0,20262.559087609512,18819.09675083498,21706.021424384046,3,2019-08-07 23:00:00+00:00
2019-10-28 02:00:00+00:00,20414.0,20035.155481127054,18314.73502670334,21755.57593555077,4,2019-08-07 23:00:00+00:00
2019-10-28 03:00:00+00:00,20552.0,20181.63825983021,18246.396732019697,22116.879787640726,5,2019-08-07 23:00:00+00:00
2019-10-28 04:00:00+00:00,21324.0,21378.216877340685,19268.973621186495,23487.460133494875,6,2019-08-07 23:00:00+00:00
2019-10-28 05:00:00+00:00,24103.0,23429.678523209743,21175.89070671645,25683.466339703034,7,2019-08-07 23:00:00+00:00
2019-10-28 06:00:00+00:00,27515.0,24754.414420500587,22378.554784211567,27130.274056789607,8,2019-08-07 23:00:00+00:00
2019-10-28 07:00:00+00:00,29591.0,25841.24347407044,23361.090441648274,28321.39650649261,9,2019-08-07 23:00:00+00:00
2019-10-28 08:00:00+00:00,30466.0,27083.213337287114,24513.19261429101,29653.23406028322,10,2019-08-07 23:00:00+00:00
2019-10-28 09:00:00+00:00,30803.0,27713.423417464743,25065.459113541434,30361.38772138805,11,2019-08-07 23:00:00+00:00
2019-10-28 10:00:00+00:00,31003.0,28035.86151118813,25319.94905162042,30751.77397075584,12,2019-08-07 23:00:00+00:00
2019-10-28 11:00:00+00:00,31251.0,28005.047916400243,25229.657729537248,30780.438103263237,13,2019-08-07 23:00:00+00:00
2019-10-28 12:00:00+00:00,31339.0,27672.294859339585,24844.667335214835,30499.922383464334,14,2019-08-07 23:00:00+00:00
2019-10-28 13:00:00+00:00,30383.0,27042.78434057467,24169.151772121983,29916.41690902736,15,2019-08-07 23:00:00+00:00
2019-10-28 14:00:00+00:00,29992.0,26353.87745904265,23439.635127766203,29268.1197903191,16,2019-08-07 23:00:00+00:00
2019-10-28 15:00:00+00:00,29694.0,26044.595584186834,23094.43632631923,28994.754842054437,17,2019-08-07 23:00:00+00:00
2019-10-28 16:00:00+00:00,29817.0,26012.38999228837,23030.411849983066,28994.36813459367,18,2019-08-07 23:00:00+00:00
2019-10-28 17:00:00+00:00,31299.0,27467.28350366734,24457.077092108684,30477.489915225993,19,2019-08-07 23:00:00+00:00
2019-10-28 18:00:00+00:00,32495.0,29237.582681932465,26202.302971089943,32272.862392774987,20,2019-08-07 23:00:00+00:00
2019-10-28 19:00:00+00:00,32644.0,29030.471600691635,25972.897518150316,32088.045683232955,21,2019-08-07 23:00:00+00:00
2019-10-28 20:00:00+00:00,31316.0,27326.592401373153,24249.17677608789,30404.008026658415,22,2019-08-07 23:00:00+00:00
2019-10-28 21:00:00+00:00,28249.0,25485.501154604008,22390.412899323805,28580.58940988421,23,2019-08-07 23:00:00+00:00
2019-10-28 22:00:00+00:00,25870.0,23769.278630898123,20658.43861561983,26880.118646176415,24,2019-08-07 23:00:00+00:00
2019-10-28 23:00:00+00:00,24298.0,24101.191873139516,23525.288638929702,24677.09510734933,1,2019-08-07 23:00:00+00:00
2019-10-29 00:00:00+00:00,23139.0,23130.894489828923,22077.038615357058,24184.750364300788,2,2019-08-07 23:00:00+00:00
2019-10-29 01:00:00+00:00,22368.0,22537.191972541572,21093.72963576704,23980.654309316105,3,2019-08-07 23:00:00+00:00
2019-10-29 02:00:00+00:00,22079.0,22283.0418282274,20562.621373803686,24003.462282651115,4,2019-08-07 23:00:00+00:00
2019-10-29 03:00:00+00:00,22138.0,22399.328955777153,20464.08742796664,24334.570483587668,5,2019-08-07 23:00:00+00:00
2019-10-29 04:00:00+00:00,22574.0,23590.557798253365,21481.31454209918,25699.80105440755,6,2019-08-07 23:00:00+00:00
2019-10-29 05:00:00+00:00,24967.0,26187.347454516093,23933.5596380228,28441.135271009385,7,2019-08-07 23:00:00+00:00
2019-10-29 06:00:00+00:00,28225.0,28380.97467591706,26005.11503962804,30756.83431220608,8,2019-08-07 23:00:00+00:00
2019-10-29 07:00:00+00:00,30124.0,29731.455544716384,27251.302512294216,32211.60857713855,9,2019-08-07 23:00:00+00:00
2019-10-29 08:00:00+00:00,30963.0,30573.572280475408,28003.551557479303,33143.59300347151,10,2019-08-07 23:00:00+00:00
2019-10-29 09:00:00+00:00,31343.0,30914.535055124466,28266.570751201158,33562.499359047775,11,2019-08-07 23:00:00+00:00
2019-10-29 10:00:00+00:00,31438.0,31113.2914289599,28397.37896939219,33829.20388852761,12,2019-08-07 23:00:00+00:00
2019-10-29 11:00:00+00:00,31623.0,31121.818572703727,28346.42838584073,33897.208759566725,13,2019-08-07 23:00:00+00:00
2019-10-29 12:00:00+00:00,31678.0,30690.034895750458,27862.407371625708,33517.66241987521,14,2019-08-07 23:00:00+00:00
2019-10-29 13:00:00+00:00,30710.0,29798.036200579045,26924.403632126356,32671.668769031734,15,2019-08-07 23:00:00+00:00
2019-10-29 14:00:00+00:00,30092.0,29274.70714354405,26360.4648122676,32188.949474820496,16,2019-08-07 23:00:00+00:00
2019-10-29 15:00:00+00:00,30006.0,28979.64883672934,26029.489578861736,31929.80809459694,17,2019-08-07 23:00:00+00:00
2019-10-29 16:00:00+00:00,30221.0,28926.00715258101,25944.029010275706,31907.98529488631,18,2019-08-07 23:00:00+00:00
2019-10-29 17:00:00+00:00,31595.0,30266.234734839058,27256.028323280403,33276.44114639771,19,2019-08-07 23:00:00+00:00
2019-10-29 18:00:00+00:00,32517.0,31779.888508562814,28744.60879772029,34815.168219405336,20,2019-08-07 23:00:00+00:00
2019-10-29 19:00:00+00:00,32599.0,31461.72215822167,28404.14807568035,34519.29624076299,21,2019-08-07 23:00:00+00:00
2019-10-29 20:00:00+00:00,31370.0,29521.404648532196,26443.989023246933,32598.82027381746,22,2019-08-07 23:00:00+00:00
2019-10-29 21:00:00+00:00,28502.0,27101.888231701156,24006.799976420953,30196.97648698136,23,2019-08-07 23:00:00+00:00
2019-10-29 22:00:00+00:00,26040.0,25201.077517465026,22090.237502186734,28311.91753274332,24,2019-08-07 23:00:00+00:00
2019-10-29 23:00:00+00:00,24487.0,24216.680987852473,23640.77775364266,24792.584222062287,1,2019-08-07 23:00:00+00:00
2019-10-30 00:00:00+00:00,23297.0,23113.191663677542,22059.335789205677,24167.047538149407,2,2019-08-07 23:00:00+00:00
2019-10-30 01:00:00+00:00,22450.0,22481.99020927453,21038.527872499995,23925.452546049062,3,2019-08-07 23:00:00+00:00
2019-10-30 02:00:00+00:00,22129.0,22222.06494193493,20501.644487511214,23942.485396358643,4,2019-08-07 23:00:00+00:00
2019-10-30 03:00:00+00:00,22127.0,22335.09332438195,20399.851796571435,24270.334852192464,5,2019-08-07 23:00:00+00:00
2019-10-30 04:00:00+00:00,22633.0,23373.848885216972,21264.605629062782,25483.092141371162,6,2019-08-07 23:00:00+00:00
2019-10-30 05:00:00+00:00,24970.0,25874.498967865602,23620.71115137231,28128.286784358894,7,2019-08-07 23:00:00+00:00
2019-10-30 06:00:00+00:00,28314.0,28184.628638594422,25808.769002305402,30560.488274883443,8,2019-08-07 23:00:00+00:00
2019-10-30 07:00:00+00:00,29976.0,29580.433283299186,27100.28025087702,32060.586315721353,9,2019-08-07 23:00:00+00:00
2019-10-30 08:00:00+00:00,30741.0,30430.802485620643,27860.781762624538,33000.82320861675,10,2019-08-07 23:00:00+00:00
2019-10-30 09:00:00+00:00,31097.0,30802.96390756916,28154.99960364585,33450.92821149247,11,2019-08-07 23:00:00+00:00
2019-10-30 10:00:00+00:00,31286.0,30979.345975040917,28263.433515473207,33695.25843460863,12,2019-08-07 23:00:00+00:00
2019-10-30 11:00:00+00:00,31634.0,31009.72906639777,28234.33887953477,33785.11925326077,13,2019-08-07 23:00:00+00:00
2019-10-30 12:00:00+00:00,31668.0,30645.030993945,27817.403469820252,33472.65851806975,14,2019-08-07 23:00:00+00:00
2019-10-30 13:00:00+00:00,30864.0,29753.674772919327,26880.042204466637,32627.307341372016,15,2019-08-07 23:00:00+00:00
2019-10-30 14:00:00+00:00,30432.0,29177.41960745549,26263.17727617904,32091.661938731937,16,2019-08-07 23:00:00+00:00
2019-10-30 15:00:00+00:00,30074.0,28970.08290231997,26019.923644452367,31920.242160187572,17,2019-08-07 23:00:00+00:00
2019-10-30 16:00:00+00:00,30337.0,28982.8170617455,26000.838919440197,31964.795204050803,18,2019-08-07 23:00:00+00:00
2019-10-30 17:00:00+00:00,31716.0,30312.34325136295,27302.136839804294,33322.5496629216,19,2019-08-07 23:00:00+00:00
2019-10-30 18:00:00+00:00,32232.0,31697.214563160782,28661.93485231826,34732.49427400331,20,2019-08-07 23:00:00+00:00
2019-10-30 19:00:00+00:00,32182.0,31422.891470772876,28365.317388231557,34480.4655533142,21,2019-08-07 23:00:00+00:00
2019-10-30 20:00:00+00:00,30986.0,29603.991208402294,26526.57558311703,32681.406833687557,22,2019-08-07 23:00:00+00:00
2019-10-30 21:00:00+00:00,28263.0,27183.333609984104,24088.2453547039,30278.421865264307,23,2019-08-07 23:00:00+00:00
2019-10-30 22:00:00+00:00,26007.0,25200.508313709986,22089.668298431694,28311.34832898828,24,2019-08-07 23:00:00+00:00
2019-10-30 23:00:00+00:00,24610.0,24340.774922340875,23764.87168813106,24916.67815655069,1,2019-08-07 23:00:00+00:00
2019-10-31 00:00:00+00:00,23446.0,23264.190362398494,22210.33448792663,24318.04623687036,2,2019-08-07 23:00:00+00:00
2019-10-31 01:00:00+00:00,22488.0,22583.663371071285,21140.20103429675,24027.12570784582,3,2019-08-07 23:00:00+00:00
2019-10-31 02:00:00+00:00,22168.0,22303.684720632795,20583.26426620908,24024.10517505651,4,2019-08-07 23:00:00+00:00
2019-10-31 03:00:00+00:00,22015.0,22383.319583163273,20448.07805535276,24318.561110973787,5,2019-08-07 23:00:00+00:00
2019-10-31 04:00:00+00:00,22410.0,23367.279723499018,21258.036467344828,25476.522979653208,6,2019-08-07 23:00:00+00:00
2019-10-31 05:00:00+00:00,24706.0,25830.08741565395,23576.29959916066,28083.875232147242,7,2019-08-07 23:00:00+00:00
2019-10-31 06:00:00+00:00,27608.0,28286.293107916146,25910.433471627126,30662.152744205167,8,2019-08-07 23:00:00+00:00
2019-10-31 07:00:00+00:00,29413.0,29656.10299444495,27175.949962022783,32136.25602686712,9,2019-08-07 23:00:00+00:00
2019-10-31 08:00:00+00:00,30481.0,30474.85344877676,27904.832725780656,33044.87417177287,10,2019-08-07 23:00:00+00:00
2019-10-31 09:00:00+00:00,30772.0,30836.022444186812,28188.058140263503,33483.986748110125,11,2019-08-07 23:00:00+00:00
2019-10-31 10:00:00+00:00,31042.0,31032.93543526863,28317.022975700922,33748.84789483634,12,2019-08-07 23:00:00+00:00
2019-10-31 11:00:00+00:00,31521.0,31138.52049751727,28363.130310654273,33913.910684380266,13,2019-08-07 23:00:00+00:00
2019-10-31 12:00:00+00:00,31651.0,30816.116011840386,27988.488487715636,33643.743535965135,14,2019-08-07 23:00:00+00:00
2019-10-31 13:00:00+00:00,30641.0,29971.601694985446,27097.969126532756,32845.234263438135,15,2019-08-07 23:00:00+00:00
2019-10-31 14:00:00+00:00,29831.0,29454.643919769518,26540.40158849307,32368.886251045966,16,2019-08-07 23:00:00+00:00
2019-10-31 15:00:00+00:00,29491.0,29162.075362407148,26211.916104539545,32112.23462027475,17,2019-08-07 23:00:00+00:00
2019-10-31 16:00:00+00:00,29478.0,29215.242726941462,26233.26458463616,32197.220869246765,18,2019-08-07 23:00:00+00:00
2019-10-31 17:00:00+00:00,30717.0,30550.011447369656,27539.805035811,33560.21785892831,19,2019-08-07 23:00:00+00:00
2019-10-31 18:00:00+00:00,31268.0,31728.36383801679,28693.08412717427,34763.64354885931,20,2019-08-07 23:00:00+00:00
2019-10-31 19:00:00+00:00,30726.0,31449.255563044382,28391.681480503063,34506.829645585705,21,2019-08-07 23:00:00+00:00
2019-10-31 20:00:00+00:00,29671.0,29714.48533514019,26637.069709854928,32791.90096042545,22,2019-08-07 23:00:00+00:00
2019-10-31 21:00:00+00:00,27282.0,27288.233221817838,24193.144966537635,30383.32147709804,23,2019-08-07 23:00:00+00:00
2019-10-31 22:00:00+00:00,25439.0,25317.903385854406,22207.063370576114,28428.7434011327,24,2019-08-07 23:00:00+00:00
2019-10-31 23:00:00+00:00,24258.0,23989.241267434012,23413.338033224198,24565.144501643827,1,2019-08-07 23:00:00+00:00
2019-11-01 00:00:00+00:00,23087.0,22960.89957281366,21907.043698341797,24014.755447285526,2,2019-08-07 23:00:00+00:00
2019-11-01 01:00:00+00:00,21989.0,22238.93780763456,20795.475470860027,23682.400144409094,3,2019-08-07 23:00:00+00:00
2019-11-01 02:00:00+00:00,21360.0,21972.140477357592,20251.720022933878,23692.560931781307,4,2019-08-07 23:00:00+00:00
2019-11-01 03:00:00+00:00,21096.0,22004.087562752284,20068.84603494177,23939.3290905628,5,2019-08-07 23:00:00+00:00
2019-11-01 04:00:00+00:00,20862.0,22904.124546829295,20794.881290675105,25013.367802983485,6,2019-08-07 23:00:00+00:00
2019-11-01 05:00:00+00:00,21173.0,25351.59461911275,23097.80680261946,27605.382435606043,7,2019-08-07 23:00:00+00:00
2019-11-01 06:00:00+00:00,21645.0,27774.30240769968,25398.44277141066,30150.1620439887,8,2019-08-07 23:00:00+00:00
2019-11-01 07:00:00+00:00,22151.0,29246.005485119647,26765.85245269748,31726.158517541815,9,2019-08-07 23:00:00+00:00
2019-11-01 08:00:00+00:00,23986.0,30180.184231546886,27610.16350855078,32750.20495454299,10,2019-08-07 23:00:00+00:00
2019-11-01 09:00:00+00:00,25173.0,30529.504907278755,27881.540603355446,33177.469211202064,11,2019-08-07 23:00:00+00:00
2019-11-01 10:00:00+00:00,25630.0,30766.213664552233,28050.301204984524,33482.126124119946,12,2019-08-07 23:00:00+00:00
2019-11-01 11:00:00+00:00,25886.0,30960.427726533595,28185.037539670597,33735.81791339659,13,2019-08-07 23:00:00+00:00
2019-11-01 12:00:00+00:00,26365.0,30727.75661591961,27900.12909179486,33555.38414004436,14,2019-08-07 23:00:00+00:00
2019-11-01 13:00:00+00:00,25969.0,29823.879956462766,26950.247388010077,32697.512524915455,15,2019-08-07 23:00:00+00:00
2019-11-01 14:00:00+00:00,24767.0,29190.59851014239,26276.356178865943,32104.840841418838,16,2019-08-07 23:00:00+00:00
2019-11-01 15:00:00+00:00,24032.0,28905.112632913493,25954.95337504589,31855.271890781096,17,2019-08-07 23:00:00+00:00
2019-11-01 16:00:00+00:00,23849.0,28893.442431324605,25911.464289019303,31875.420573629908,18,2019-08-07 23:00:00+00:00
2019-11-01 17:00:00+00:00,25651.0,30191.17688712367,27180.970475565016,33201.383298682325,19,2019-08-07 23:00:00+00:00
2019-11-01 18:00:00+00:00,26506.0,31306.474837884012,28271.19512704149,34341.75454872654,20,2019-08-07 23:00:00+00:00
2019-11-01 19:00:00+00:00,26872.0,30885.80370551752,27828.2296229762,33943.37778805884,21,2019-08-07 23:00:00+00:00
2019-11-01 20:00:00+00:00,26539.0,29276.197959055924,26198.78233377066,32353.613584341187,22,2019-08-07 23:00:00+00:00
2019-11-01 21:00:00+00:00,25245.0,26939.45904848264,23844.370793202437,30034.547303762844,23,2019-08-07 23:00:00+00:00
2019-11-01 22:00:00+00:00,23799.0,25088.17892391378,21977.338908635487,28199.018939192072,24,2019-08-07 23:00:00+00:00
2019-11-01 23:00:00+00:00,22528.0,22568.895965526335,21992.99273131652,23144.79919973615,1,2019-08-07 23:00:00+00:00
2019-11-02 00:00:00+00:00,21224.0,21549.399452967355,20495.54357849549,22603.25532743922,2,2019-08-07 23:00:00+00:00
2019-11-02 01:00:00+00:00,20347.0,20818.032362012644,19374.57002523811,22261.494698787177,3,2019-08-07 23:00:00+00:00
2019-11-02 02:00:00+00:00,19834.0,20500.749678476433,18780.32922405272,22221.170132900148,4,2019-08-07 23:00:00+00:00
2019-11-02 03:00:00+00:00,19728.0,20533.46736641719,18598.225838606675,22468.708894227704,5,2019-08-07 23:00:00+00:00
2019-11-02 04:00:00+00:00,19747.0,21203.91033253119,19094.667076377,23313.15358868538,6,2019-08-07 23:00:00+00:00
2019-11-02 05:00:00+00:00,20529.0,22974.01981484999,20720.2319983567,25227.807631343283,7,2019-08-07 23:00:00+00:00
2019-11-02 06:00:00+00:00,21356.0,24635.037190058843,22259.177553769823,27010.896826347864,8,2019-08-07 23:00:00+00:00
2019-11-02 07:00:00+00:00,22514.0,25731.61689036757,23251.463857945404,28211.76992278974,9,2019-08-07 23:00:00+00:00
2019-11-02 08:00:00+00:00,24785.0,27007.802124199934,24437.78140120383,29577.82284719604,10,2019-08-07 23:00:00+00:00
2019-11-02 09:00:00+00:00,26047.0,27718.925548693296,25070.961244769987,30366.889852616605,11,2019-08-07 23:00:00+00:00
2019-11-02 10:00:00+00:00,26398.0,28070.843709609748,25354.93125004204,30786.756169177457,12,2019-08-07 23:00:00+00:00
2019-11-02 11:00:00+00:00,26394.0,28261.681686393316,25486.291499530318,31037.071873256315,13,2019-08-07 23:00:00+00:00
2019-11-02 12:00:00+00:00,26998.0,28239.447913786313,25411.820389661563,31067.075437911062,14,2019-08-07 23:00:00+00:00
2019-11-02 13:00:00+00:00,26513.0,27580.624133231864,24706.991564779175,30454.256701684553,15,2019-08-07 23:00:00+00:00
2019-11-02 14:00:00+00:00,25074.0,26818.838887421145,23904.5965561447,29733.08121869759,16,2019-08-07 23:00:00+00:00
2019-11-02 15:00:00+00:00,24448.0,26417.23930297607,23467.08004510847,29367.398560843674,17,2019-08-07 23:00:00+00:00
2019-11-02 16:00:00+00:00,24458.0,26375.488341993885,23393.510199688582,29357.466484299188,18,2019-08-07 23:00:00+00:00
2019-11-02 17:00:00+00:00,26277.0,27898.55061894801,24888.344207389357,30908.757030506666,19,2019-08-07 23:00:00+00:00
2019-11-02 18:00:00+00:00,26946.0,29080.744003710948,26045.464292868426,32116.02371455347,20,2019-08-07 23:00:00+00:00
2019-11-02 19:00:00+00:00,27276.0,28998.850244829016,25941.276162287697,32056.424327370336,21,2019-08-07 23:00:00+00:00
2019-11-02 20:00:00+00:00,26904.0,27744.38710424852,24666.971478963256,30821.80272953378,22,2019-08-07 23:00:00+00:00
2019-11-02 21:00:00+00:00,25349.0,25819.75487809879,22724.666622818586,28914.843133378992,23,2019-08-07 23:00:00+00:00
2019-11-02 22:00:00+00:00,23796.0,24135.238872634847,21024.398857356555,27246.07888791314,24,2019-08-07 23:00:00+00:00
2019-11-02 23:00:00+00:00,22533.0,22463.56501462889,21887.661780419076,23039.468248838704,1,2019-08-07 23:00:00+00:00
2019-11-03 00:00:00+00:00,20975.0,21380.883412095176,20327.02753762331,22434.73928656704,2,2019-08-07 23:00:00+00:00
2019-11-03 01:00:00+00:00,19998.0,20666.67421714575,19223.21188037122,22110.136553920285,3,2019-08-07 23:00:00+00:00
2019-11-03 02:00:00+00:00,19527.0,20336.155202269914,18615.7347478462,22056.57565669363,4,2019-08-07 23:00:00+00:00
2019-11-03 03:00:00+00:00,19315.0,20373.508144715994,18438.26661690548,22308.74967252651,5,2019-08-07 23:00:00+00:00
2019-11-03 04:00:00+00:00,19287.0,21007.35708604896,18898.11382989477,23116.60034220315,6,2019-08-07 23:00:00+00:00
2019-11-03 05:00:00+00:00,19627.0,22750.609419491077,20496.821602997785,25004.39723598437,7,2019-08-07 23:00:00+00:00
2019-11-03 06:00:00+00:00,19848.0,24377.570666128093,22001.711029839073,26753.430302417113,8,2019-08-07 23:00:00+00:00
2019-11-03 07:00:00+00:00,20619.0,25622.9840469121,23142.831014489933,28103.13707933427,9,2019-08-07 23:00:00+00:00
2019-11-03 08:00:00+00:00,22472.0,27115.05121473323,24545.030491737125,29685.071937729335,10,2019-08-07 23:00:00+00:00
2019-11-03 09:00:00+00:00,23828.0,27902.095972389383,25254.131668466074,30550.06027631269,11,2019-08-07 23:00:00+00:00
2019-11-03 10:00:00+00:00,24510.0,28218.708284692246,25502.795825124536,30934.620744259955,12,2019-08-07 23:00:00+00:00
2019-11-03 11:00:00+00:00,24667.0,28314.25178030111,25538.861593438116,31089.641967164105,13,2019-08-07 23:00:00+00:00
2019-11-03 12:00:00+00:00,25033.0,28390.79705298318,25563.16952885843,31218.42457710793,14,2019-08-07 23:00:00+00:00
2019-11-03 13:00:00+00:00,24962.0,27724.156986292153,24850.524417839464,30597.789554744842,15,2019-08-07 23:00:00+00:00
2019-11-03 14:00:00+00:00,23593.0,26813.406367602624,23899.164036326176,29727.64869887907,16,2019-08-07 23:00:00+00:00
2019-11-03 15:00:00+00:00,22852.0,26401.44309140634,23451.28383353874,29351.602349273944,17,2019-08-07 23:00:00+00:00
2019-11-03 16:00:00+00:00,22923.0,26404.152741412316,23422.174599107013,29386.13088371762,18,2019-08-07 23:00:00+00:00
2019-11-03 17:00:00+00:00,25086.0,27961.357702906873,24951.15129134822,30971.564114465527,19,2019-08-07 23:00:00+00:00
2019-11-03 18:00:00+00:00,26469.0,29028.78707961888,25993.507368776358,32064.066790461402,20,2019-08-07 23:00:00+00:00
2019-11-03 19:00:00+00:00,27141.0,28983.86254108284,25926.28845854152,32041.43662362416,21,2019-08-07 23:00:00+00:00
2019-11-03 20:00:00+00:00,26976.0,27825.068409618772,24747.65278433351,30902.484034904035,22,2019-08-07 23:00:00+00:00
2019-11-03 21:00:00+00:00,25716.0,25879.870552769044,22784.78229748884,28974.958808049247,23,2019-08-07 23:00:00+00:00
2019-11-03 22:00:00+00:00,23909.0,24181.392873211626,21070.552857933333,27292.232888489918,24,2019-08-07 23:00:00+00:00
2019-11-03 23:00:00+00:00,22459.0,22418.296799765943,21842.39356555613,22994.200033975758,1,2019-08-07 23:00:00+00:00
2019-11-04 00:00:00+00:00,21354.0,21111.039541971375,20057.18366749951,22164.89541644324,2,2019-08-07 23:00:00+00:00
2019-11-04 01:00:00+00:00,20681.0,20346.966952281637,18903.504615507103,21790.42928905617,3,2019-08-07 23:00:00+00:00
2019-11-04 02:00:00+00:00,20270.0,20016.595953965243,18296.17549954153,21737.016408388958,4,2019-08-07 23:00:00+00:00
2019-11-04 03:00:00+00:00,20396.0,20005.24918574498,18070.007657934464,21940.490713555493,5,2019-08-07 23:00:00+00:00
2019-11-04 04:00:00+00:00,21123.0,20552.084362802852,18442.841106648666,22661.32761895704,6,2019-08-07 23:00:00+00:00
2019-11-04 05:00:00+00:00,23870.0,22022.039356178833,19768.25153968554,24275.827172672125,7,2019-08-07 23:00:00+00:00
2019-11-04 06:00:00+00:00,27179.0,23336.459170626673,20960.599534337653,25712.318806915693,8,2019-08-07 23:00:00+00:00
2019-11-04 07:00:00+00:00,29306.0,24437.39855978221,21957.245527360043,26917.551592204378,9,2019-08-07 23:00:00+00:00
2019-11-04 08:00:00+00:00,30623.0,25882.244016617813,23312.223293621708,28452.26473961392,10,2019-08-07 23:00:00+00:00
2019-11-04 09:00:00+00:00,31239.0,26768.209863678036,24120.245559754727,29416.174167601344,11,2019-08-07 23:00:00+00:00
2019-11-04 10:00:00+00:00,31514.0,27213.602922536265,24497.690462968556,29929.515382103975,12,2019-08-07 23:00:00+00:00
2019-11-04 11:00:00+00:00,31774.0,27359.54693138708,24584.156744524087,30134.937118250076,13,2019-08-07 23:00:00+00:00
2019-11-04 12:00:00+00:00,31704.0,27421.078014775194,24593.450490650444,30248.705538899943,14,2019-08-07 23:00:00+00:00
2019-11-04 13:00:00+00:00,30881.0,26930.852922285634,24057.220353832945,29804.485490738323,15,2019-08-07 23:00:00+00:00
2019-11-04 14:00:00+00:00,30181.0,25983.141951259273,23068.899619982825,28897.38428253572,16,2019-08-07 23:00:00+00:00
2019-11-04 15:00:00+00:00,29800.0,25506.738562366834,22556.57930449923,28456.897820234437,17,2019-08-07 23:00:00+00:00
2019-11-04 16:00:00+00:00,29987.0,25536.04159015676,22554.06344785146,28518.019732462064,18,2019-08-07 23:00:00+00:00
2019-11-04 17:00:00+00:00,31434.0,27253.62894104125,24243.422529482596,30263.835352599905,19,2019-08-07 23:00:00+00:00
2019-11-04 18:00:00+00:00,32332.0,28531.7837163596,25496.50400551708,31567.063427202123,20,2019-08-07 23:00:00+00:00
2019-11-04 19:00:00+00:00,32477.0,28660.359240433612,25602.785157892293,31717.93332297493,21,2019-08-07 23:00:00+00:00
2019-11-04 20:00:00+00:00,31262.0,27677.92468004006,24600.5090547548,30755.340305325324,22,2019-08-07 23:00:00+00:00
2019-11-04 21:00:00+00:00,28558.0,25890.873292785127,22795.785037504924,28985.96154806533,23,2019-08-07 23:00:00+00:00
2019-11-04 22:00:00+00:00,26156.0,24121.72691314639,21010.8868978681,27232.566928424683,24,2019-08-07 23:00:00+00:00
2019-11-04 23:00:00+00:00,24699.0,24455.355231699254,23879.45199748944,25031.258465909068,1,2019-08-07 23:00:00+00:00
2019-11-05 00:00:00+00:00,23430.0,23241.83492058815,22187.979046116285,24295.690795060014,2,2019-08-07 23:00:00+00:00
2019-11-05 01:00:00+00:00,22588.0,22454.168187188017,21010.705850413484,23897.63052396255,3,2019-08-07 23:00:00+00:00
2019-11-05 02:00:00+00:00,22120.0,22025.898516424935,20305.47806200122,23746.31897084865,4,2019-08-07 23:00:00+00:00
2019-11-05 03:00:00+00:00,22068.0,22014.772520711595,20079.53099290108,23950.01404852211,5,2019-08-07 23:00:00+00:00
2019-11-05 04:00:00+00:00,22601.0,22670.356877688646,20561.11362153446,24779.600133842832,6,2019-08-07 23:00:00+00:00
2019-11-05 05:00:00+00:00,25113.0,24779.891101262903,22526.10328476961,27033.678917756195,7,2019-08-07 23:00:00+00:00
2019-11-05 06:00:00+00:00,28562.0,26988.62843454847,24612.76879825945,29364.48807083749,8,2019-08-07 23:00:00+00:00
2019-11-05 07:00:00+00:00,30272.0,28459.604178441645,25979.451146019477,30939.757210863812,9,2019-08-07 23:00:00+00:00
2019-11-05 08:00:00+00:00,31220.0,29689.09587311797,27119.075150121862,32259.11659611408,10,2019-08-07 23:00:00+00:00
2019-11-05 09:00:00+00:00,31560.0,30297.834445805554,27649.870141882246,32945.79874972886,11,2019-08-07 23:00:00+00:00
2019-11-05 10:00:00+00:00,31740.0,30560.467949499176,27844.555489931467,33276.380409066885,12,2019-08-07 23:00:00+00:00
2019-11-05 11:00:00+00:00,32045.0,30682.72993689845,27907.33975003545,33458.120123761444,13,2019-08-07 23:00:00+00:00
2019-11-05 12:00:00+00:00,32082.0,30566.389292019532,27738.761767894783,33394.016816144285,14,2019-08-07 23:00:00+00:00
2019-11-05 13:00:00+00:00,31204.0,29801.90346472809,26928.2708962754,32675.53603318078,15,2019-08-07 23:00:00+00:00
2019-11-05 14:00:00+00:00,30534.0,28989.74995630234,26075.507625025894,31903.99228757879,16,2019-08-07 23:00:00+00:00
2019-11-05 15:00:00+00:00,30139.0,28559.97679314986,25609.817535282258,31510.136051017464,17,2019-08-07 23:00:00+00:00
2019-11-05 16:00:00+00:00,30251.0,28589.048118590472,25607.06997628517,31571.026260895775,18,2019-08-07 23:00:00+00:00
2019-11-05 17:00:00+00:00,32013.0,30059.62090741357,27049.414495854915,33069.827318972224,19,2019-08-07 23:00:00+00:00
2019-11-05 18:00:00+00:00,32825.0,31133.68750732341,28098.40779648089,34168.96721816593,20,2019-08-07 23:00:00+00:00
2019-11-05 19:00:00+00:00,33071.0,31100.34700250815,28042.772919966832,34157.92108504947,21,2019-08-07 23:00:00+00:00
2019-11-05 20:00:00+00:00,31861.0,29803.961389720356,26726.545764435094,32881.377015005615,22,2019-08-07 23:00:00+00:00
2019-11-05 21:00:00+00:00,29109.0,27526.473961251257,24431.385705971054,30621.56221653146,23,2019-08-07 23:00:00+00:00
2019-11-05 22:00:00+00:00,26452.0,25504.011382362794,22393.171367084502,28614.851397641087,24,2019-08-07 23:00:00+00:00
2019-11-05 23:00:00+00:00,24956.0,24687.08262360795,24111.179389398134,25262.985857817763,1,2019-08-07 23:00:00+00:00
2019-11-06 00:00:00+00:00,23634.0,23384.123572750297,22330.267698278432,24437.979447222162,2,2019-08-07 23:00:00+00:00
2019-11-06 01:00:00+00:00,22691.0,22568.41140909835,21124.949072323816,24011.873745872883,3,2019-08-07 23:00:00+00:00
2019-11-06 02:00:00+00:00,22394.0,22140.19197610297,20419.771521679257,23860.612430526686,4,2019-08-07 23:00:00+00:00
2019-11-06 03:00:00+00:00,22356.0,22099.564863615335,20164.32333580482,24034.80639142585,5,2019-08-07 23:00:00+00:00
2019-11-06 04:00:00+00:00,23015.0,22710.69898560237,20601.45572944818,24819.94224175656,6,2019-08-07 23:00:00+00:00
2019-11-06 05:00:00+00:00,25456.0,24831.173659298256,22577.385842804964,27084.961475791548,7,2019-08-07 23:00:00+00:00
2019-11-06 06:00:00+00:00,28878.0,27243.319978511183,24867.460342222163,29619.179614800203,8,2019-08-07 23:00:00+00:00
2019-11-06 07:00:00+00:00,30631.0,28660.31866558964,26180.16563316747,31140.471698011806,9,2019-08-07 23:00:00+00:00
2019-11-06 08:00:00+00:00,31509.0,29781.0264992554,27211.00577625929,32351.04722225151,10,2019-08-07 23:00:00+00:00
2019-11-06 09:00:00+00:00,31644.0,30303.73136325851,27655.7670593352,32951.69566718182,11,2019-08-07 23:00:00+00:00
2019-11-06 10:00:00+00:00,31787.0,30545.562342882942,27829.649883315233,33261.474802450655,12,2019-08-07 23:00:00+00:00
2019-11-06 11:00:00+00:00,31885.0,30712.602826943512,27937.212640080514,33487.99301380651,13,2019-08-07 23:00:00+00:00
2019-11-06 12:00:00+00:00,31847.0,30651.321280655153,27823.693756530403,33478.9488047799,14,2019-08-07 23:00:00+00:00
2019-11-06 13:00:00+00:00,30825.0,29869.752962568946,26996.120394116257,32743.385531021635,15,2019-08-07 23:00:00+00:00
2019-11-06 14:00:00+00:00,30239.0,29092.049576612233,26177.80724533579,32006.291907888677,16,2019-08-07 23:00:00+00:00
2019-11-06 15:00:00+00:00,30042.0,28672.39610941924,25722.236851551635,31622.55536728684,17,2019-08-07 23:00:00+00:00
2019-11-06 16:00:00+00:00,30302.0,28702.812674817163,25720.83453251186,31684.790817122466,18,2019-08-07 23:00:00+00:00
2019-11-06 17:00:00+00:00,31950.0,30292.107706634364,27281.90129507571,33302.31411819302,19,2019-08-07 23:00:00+00:00
2019-11-06 18:00:00+00:00,32934.0,31320.73797815289,28285.45826731037,34356.01768899542,20,2019-08-07 23:00:00+00:00
2019-11-06 19:00:00+00:00,33372.0,31353.464420855675,28295.890338314355,34411.038503396994,21,2019-08-07 23:00:00+00:00
2019-11-06 20:00:00+00:00,32165.0,30075.97399014799,26998.55836486273,33153.389615433254,22,2019-08-07 23:00:00+00:00
2019-11-06 21:00:00+00:00,29406.0,27734.149346774822,24639.06109149462,30829.237602055025,23,2019-08-07 23:00:00+00:00
2019-11-06 22:00:00+00:00,26741.0,25578.263514808263,22467.42349952997,28689.103530086555,24,2019-08-07 23:00:00+00:00
2019-11-06 23:00:00+00:00,25336.0,25034.60774120059,24458.704506990776,25610.510975410405,1,2019-08-07 23:00:00+00:00
2019-11-07 00:00:00+00:00,23918.0,23717.184181493685,22663.32830702182,24771.04005596555,2,2019-08-07 23:00:00+00:00
2019-11-07 01:00:00+00:00,23009.0,22848.168865476357,21404.706528701823,24291.63120225089,3,2019-08-07 23:00:00+00:00
2019-11-07 02:00:00+00:00,22627.0,22463.534205880405,20743.11375145669,24183.95466030412,4,2019-08-07 23:00:00+00:00
2019-11-07 03:00:00+00:00,22638.0,22414.144696429234,20478.90316861872,24349.386224239748,5,2019-08-07 23:00:00+00:00
2019-11-07 04:00:00+00:00,23142.0,23049.179064163396,20939.935808009206,25158.422320317586,6,2019-08-07 23:00:00+00:00
2019-11-07 05:00:00+00:00,25789.0,25182.10540290148,22928.31758640819,27435.893219394773,7,2019-08-07 23:00:00+00:00
2019-11-07 06:00:00+00:00,29210.0,27704.16741683205,25328.30778054303,30080.02705312107,8,2019-08-07 23:00:00+00:00
2019-11-07 07:00:00+00:00,30982.0,29163.50628507127,26683.353252649104,31643.65931749344,9,2019-08-07 23:00:00+00:00
2019-11-07 08:00:00+00:00,31919.0,30227.88183506576,27657.86111206965,32797.90255806187,10,2019-08-07 23:00:00+00:00
2019-11-07 09:00:00+00:00,32213.0,30644.826451770292,27996.862147846983,33292.790755693604,11,2019-08-07 23:00:00+00:00
2019-11-07 10:00:00+00:00,32288.0,30857.119541561515,28141.207081993805,33573.03200112923,12,2019-08-07 23:00:00+00:00
2019-11-07 11:00:00+00:00,32450.0,30958.85689693415,28183.466710071152,33734.24708379715,13,2019-08-07 23:00:00+00:00
2019-11-07 12:00:00+00:00,32478.0,30875.311200496802,28047.683676372053,33702.938724621556,14,2019-08-07 23:00:00+00:00
2019-11-07 13:00:00+00:00,31398.0,30022.561431057125,27148.928862604436,32896.193999509815,15,2019-08-07 23:00:00+00:00
2019-11-07 14:00:00+00:00,30941.0,29281.89047515324,26367.648143876795,32196.132806429683,16,2019-08-07 23:00:00+00:00
2019-11-07 15:00:00+00:00,30772.0,28930.309310833236,25980.150052965633,31880.46856870084,17,2019-08-07 23:00:00+00:00
2019-11-07 16:00:00+00:00,31175.0,29018.258814506316,26036.280672201014,32000.23695681162,18,2019-08-07 23:00:00+00:00
2019-11-07 17:00:00+00:00,32972.0,30582.382933986577,27572.176522427922,33592.58934554523,19,2019-08-07 23:00:00+00:00
2019-11-07 18:00:00+00:00,33882.0,31640.39560194692,28605.115891104397,34675.67531278944,20,2019-08-07 23:00:00+00:00
2019-11-07 19:00:00+00:00,34102.0,31763.97125887741,28706.39717633609,34821.54534141873,21,2019-08-07 23:00:00+00:00
2019-11-07 20:00:00+00:00,32730.0,30491.15938037042,27413.743755085157,33568.57500565568,22,2019-08-07 23:00:00+00:00
2019-11-07 21:00:00+00:00,29956.0,28090.706923432273,24995.61866815207,31185.795178712477,23,2019-08-07 23:00:00+00:00
2019-11-07 22:00:00+00:00,27598.0,25864.663501568324,22753.82348629003,28975.503516846617,24,2019-08-07 23:00:00+00:00
2019-11-07 23:00:00+00:00,25964.0,26100.358514737498,25524.455280527683,26676.261748947312,1,2019-08-07 23:00:00+00:00
2019-11-08 00:00:00+00:00,24511.0,24777.53703941311,23723.681164941245,25831.392913884974,2,2019-08-07 23:00:00+00:00
2019-11-08 01:00:00+00:00,23642.0,23860.792625649192,22417.33028887466,25304.254962423725,3,2019-08-07 23:00:00+00:00
2019-11-08 02:00:00+00:00,23213.0,23407.299312011997,21686.878857588283,25127.71976643571,4,2019-08-07 23:00:00+00:00
2019-11-08 03:00:00+00:00,23139.0,23330.40192950669,21395.160401696176,25265.643457317205,5,2019-08-07 23:00:00+00:00
2019-11-08 04:00:00+00:00,23764.0,23868.439660519747,21759.19640436556,25977.682916673934,6,2019-08-07 23:00:00+00:00
2019-11-08 05:00:00+00:00,26243.0,26072.548527223742,23818.76071073045,28326.336343717034,7,2019-08-07 23:00:00+00:00
2019-11-08 06:00:00+00:00,29795.0,28667.682122775328,26291.822486486308,31043.54175906435,8,2019-08-07 23:00:00+00:00
2019-11-08 07:00:00+00:00,31811.0,30133.307902455756,27653.154870033588,32613.460934877923,9,2019-08-07 23:00:00+00:00
2019-11-08 08:00:00+00:00,32892.0,31160.131097754685,28590.11037475858,33730.15182075079,10,2019-08-07 23:00:00+00:00
2019-11-08 09:00:00+00:00,33131.0,31565.47284750776,28917.508543584452,34213.43715143107,11,2019-08-07 23:00:00+00:00
2019-11-08 10:00:00+00:00,33201.0,31712.79990085847,28996.88744129076,34428.71236042618,12,2019-08-07 23:00:00+00:00
2019-11-08 11:00:00+00:00,33283.0,31807.088046201723,29031.69785933873,34582.47823306472,13,2019-08-07 23:00:00+00:00
2019-11-08 12:00:00+00:00,32992.0,31724.60436570108,28896.976841576332,34552.23188982583,14,2019-08-07 23:00:00+00:00
2019-11-08 13:00:00+00:00,31931.0,30802.76241707133,27929.129848618642,33676.39498552402,15,2019-08-07 23:00:00+00:00
2019-11-08 14:00:00+00:00,31171.0,30102.522192367476,27188.279861091032,33016.76452364392,16,2019-08-07 23:00:00+00:00
2019-11-08 15:00:00+00:00,30878.0,29756.304562085978,26806.145304218375,32706.46381995358,17,2019-08-07 23:00:00+00:00
2019-11-08 16:00:00+00:00,31048.0,29894.562488825068,26912.584346519765,32876.54063113037,18,2019-08-07 23:00:00+00:00
2019-11-08 17:00:00+00:00,32872.0,31501.309023836508,28491.102612277853,34511.51543539516,19,2019-08-07 23:00:00+00:00
2019-11-08 18:00:00+00:00,33595.0,32502.874187240992,29467.59447639847,35538.15389808352,20,2019-08-07 23:00:00+00:00
2019-11-08 19:00:00+00:00,33508.0,32567.934609501877,29510.360526960558,35625.5086920432,21,2019-08-07 23:00:00+00:00
2019-11-08 20:00:00+00:00,32329.0,31225.543190739347,28148.127565454084,34302.958816024606,22,2019-08-07 23:00:00+00:00
2019-11-08 21:00:00+00:00,29963.0,28757.304479089114,25662.21622380891,31852.392734369318,23,2019-08-07 23:00:00+00:00
2019-11-08 22:00:00+00:00,27800.0,26570.40754551605,23459.567530237757,29681.24756079434,24,2019-08-07 23:00:00+00:00
2019-11-08 23:00:00+00:00,25922.0,26228.54284800306,25652.639613793246,26804.446082212875,1,2019-08-07 23:00:00+00:00
2019-11-09 00:00:00+00:00,24352.0,24853.430228585847,23799.574354113982,25907.28610305771,2,2019-08-07 23:00:00+00:00
2019-11-09 01:00:00+00:00,23075.0,23952.99060208547,22509.528265310935,25396.452938860002,3,2019-08-07 23:00:00+00:00
2019-11-09 02:00:00+00:00,22423.0,23492.805909040933,21772.38545461722,25213.226363464648,4,2019-08-07 23:00:00+00:00
2019-11-09 03:00:00+00:00,22232.0,23397.513273496992,21462.271745686478,25332.754801307507,5,2019-08-07 23:00:00+00:00
2019-11-09 04:00:00+00:00,22118.0,23976.059360094114,21866.816103939927,26085.3026162483,6,2019-08-07 23:00:00+00:00
2019-11-09 05:00:00+00:00,22745.0,26176.282217398355,23922.494400905063,28430.070033891647,7,2019-08-07 23:00:00+00:00
2019-11-09 06:00:00+00:00,23861.0,28923.35283150155,26547.49319521253,31299.21246779057,8,2019-08-07 23:00:00+00:00
2019-11-09 07:00:00+00:00,25265.0,30516.39217755538,28036.23914513321,32996.54520997755,9,2019-08-07 23:00:00+00:00
2019-11-09 08:00:00+00:00,27765.0,31584.786678065895,29014.76595506979,34154.807401062004,10,2019-08-07 23:00:00+00:00
2019-11-09 09:00:00+00:00,29121.0,31957.198091631453,29309.233787708145,34605.16239555476,11,2019-08-07 23:00:00+00:00
2019-11-09 10:00:00+00:00,29417.0,32094.47338505817,29378.56092549046,34810.38584462588,12,2019-08-07 23:00:00+00:00
2019-11-09 11:00:00+00:00,29177.0,32169.20258077377,29393.81239391077,34944.592767636765,13,2019-08-07 23:00:00+00:00
2019-11-09 12:00:00+00:00,29276.0,31986.313799610445,29158.686275485696,34813.9413237352,14,2019-08-07 23:00:00+00:00
2019-11-09 13:00:00+00:00,28679.0,31052.173280457402,28178.540712004713,33925.80584891009,15,2019-08-07 23:00:00+00:00
2019-11-09 14:00:00+00:00,27733.0,30273.884405677167,27359.64207440072,33188.126736953614,16,2019-08-07 23:00:00+00:00
2019-11-09 15:00:00+00:00,27085.0,29905.834657842246,26955.675399974643,32855.99391570985,17,2019-08-07 23:00:00+00:00
2019-11-09 16:00:00+00:00,27284.0,29993.912844300525,27011.934701995222,32975.890986605824,18,2019-08-07 23:00:00+00:00
2019-11-09 17:00:00+00:00,29066.0,31634.842321075153,28624.6359095165,34645.048732633804,19,2019-08-07 23:00:00+00:00
2019-11-09 18:00:00+00:00,29783.0,32558.02446401466,29522.744753172137,35593.304174857185,20,2019-08-07 23:00:00+00:00
2019-11-09 19:00:00+00:00,29900.0,32532.349851067127,29474.775768525808,35589.92393360845,21,2019-08-07 23:00:00+00:00
2019-11-09 20:00:00+00:00,29426.0,31256.309131402275,28178.893506117012,34333.72475668754,22,2019-08-07 23:00:00+00:00
2019-11-09 21:00:00+00:00,27886.0,28897.250284728918,25802.162029448715,31992.33854000912,23,2019-08-07 23:00:00+00:00
2019-11-09 22:00:00+00:00,25934.0,26759.613674142613,23648.77365886432,29870.453689420905,24,2019-08-07 23:00:00+00:00
2019-11-09 23:00:00+00:00,23915.0,24317.1948691716,23741.291634961784,24893.098103381413,1,2019-08-07 23:00:00+00:00
2019-11-10 00:00:00+00:00,22248.0,22930.66661165449,21876.810737182626,23984.522486126356,2,2019-08-07 23:00:00+00:00
2019-11-10 01:00:00+00:00,21156.0,21983.13531741829,20539.672980643758,23426.597654192825,3,2019-08-07 23:00:00+00:00
2019-11-10 02:00:00+00:00,20524.0,21538.29351415043,19817.873059726717,23258.713968574146,4,2019-08-07 23:00:00+00:00
2019-11-10 03:00:00+00:00,20228.0,21490.43503237476,19555.193504564246,23425.676560185275,5,2019-08-07 23:00:00+00:00
2019-11-10 04:00:00+00:00,20328.0,21890.66784664499,19781.424590490802,23999.911102799175,6,2019-08-07 23:00:00+00:00
2019-11-10 05:00:00+00:00,20678.0,23536.048243398596,21282.260426905304,25789.836059891888,7,2019-08-07 23:00:00+00:00
2019-11-10 06:00:00+00:00,21166.0,25579.600682716227,23203.741046427207,27955.460319005248,8,2019-08-07 23:00:00+00:00
2019-11-10 07:00:00+00:00,21838.0,27074.895726015016,24594.74269359285,29555.048758437184,9,2019-08-07 23:00:00+00:00
2019-11-10 08:00:00+00:00,23986.0,28722.60193163286,26152.58120863675,31292.62265462897,10,2019-08-07 23:00:00+00:00
2019-11-10 09:00:00+00:00,25763.0,29543.580506961367,26895.61620303806,32191.544810884676,11,2019-08-07 23:00:00+00:00
2019-11-10 10:00:00+00:00,26483.0,29813.129379173675,27097.216919605966,32529.041838741385,12,2019-08-07 23:00:00+00:00
2019-11-10 11:00:00+00:00,26419.0,29828.743737949495,27053.353551086497,32604.133924812493,13,2019-08-07 23:00:00+00:00
2019-11-10 12:00:00+00:00,26731.0,29825.981725184032,26998.354201059283,32653.60924930878,14,2019-08-07 23:00:00+00:00
2019-11-10 13:00:00+00:00,26714.0,29093.463646227603,26219.831077774914,31967.096214680292,15,2019-08-07 23:00:00+00:00
2019-11-10 14:00:00+00:00,25686.0,28297.973896985557,25383.73156570911,31212.216228262005,16,2019-08-07 23:00:00+00:00
2019-11-10 15:00:00+00:00,24920.0,27856.376139871372,24906.21688200377,30806.535397738975,17,2019-08-07 23:00:00+00:00
2019-11-10 16:00:00+00:00,25219.0,28007.82059393074,25025.842451625438,30989.798736236044,18,2019-08-07 23:00:00+00:00
2019-11-10 17:00:00+00:00,27396.0,29696.939441976065,26686.73303041741,32707.14585353472,19,2019-08-07 23:00:00+00:00
2019-11-10 18:00:00+00:00,28764.0,30631.028684371024,27595.7489735285,33666.30839521355,20,2019-08-07 23:00:00+00:00
2019-11-10 19:00:00+00:00,29657.0,30707.370710618256,27649.796628076936,33764.94479315958,21,2019-08-07 23:00:00+00:00
2019-11-10 20:00:00+00:00,29348.0,29731.9362387243,26654.52061343904,32809.351864009564,22,2019-08-07 23:00:00+00:00
2019-11-10 21:00:00+00:00,28300.0,27702.231936955126,24607.143681674923,30797.32019223533,23,2019-08-07 23:00:00+00:00
2019-11-10 22:00:00+00:00,26214.0,25668.165265553424,22557.32525027513,28779.005280831716,24,2019-08-07 23:00:00+00:00
2019-11-10 23:00:00+00:00,24043.0,24408.820664898853,23832.917430689038,24984.723899108667,1,2019-08-07 23:00:00+00:00
2019-11-11 00:00:00+00:00,22742.0,22856.10152836248,21802.245653890615,23909.957402834345,2,2019-08-07 23:00:00+00:00
2019-11-11 01:00:00+00:00,21934.0,21905.51205682189,20462.04972004736,23348.974393596425,3,2019-08-07 23:00:00+00:00
2019-11-11 02:00:00+00:00,21495.0,21416.1299283285,19695.709473904786,23136.550382752215,4,2019-08-07 23:00:00+00:00
2019-11-11 03:00:00+00:00,21498.0,21288.088693405876,19352.84716559536,23223.33022121639,5,2019-08-07 23:00:00+00:00
2019-11-11 04:00:00+00:00,22441.0,21677.873789104593,19568.630532950407,23787.11704525878,6,2019-08-07 23:00:00+00:00
2019-11-11 05:00:00+00:00,25382.0,23073.717610085354,20819.929793592062,25327.505426578646,7,2019-08-07 23:00:00+00:00
2019-11-11 06:00:00+00:00,29636.0,24753.743752569877,22377.884116280857,27129.603388858897,8,2019-08-07 23:00:00+00:00
2019-11-11 07:00:00+00:00,32148.0,25954.09143585964,23473.93840343747,28434.244468281806,9,2019-08-07 23:00:00+00:00
2019-11-11 08:00:00+00:00,33573.0,27563.35360099336,24993.332877997254,30133.374323989465,10,2019-08-07 23:00:00+00:00
2019-11-11 09:00:00+00:00,34289.0,28585.760367912837,25937.79606398953,31233.724671836146,11,2019-08-07 23:00:00+00:00
2019-11-11 10:00:00+00:00,34343.0,28994.913979727018,26279.00152015931,31710.826439294728,12,2019-08-07 23:00:00+00:00
2019-11-11 11:00:00+00:00,34388.0,29026.1926306002,26250.8024437372,31801.582817463197,13,2019-08-07 23:00:00+00:00
2019-11-11 12:00:00+00:00,34208.0,29098.13470356481,26270.50717944006,31925.76222768956,14,2019-08-07 23:00:00+00:00
2019-11-11 13:00:00+00:00,33160.0,28577.67614497665,25704.04357652396,31451.30871342934,15,2019-08-07 23:00:00+00:00
2019-11-11 14:00:00+00:00,32526.0,27720.402789902364,24806.16045862592,30634.645121178808,16,2019-08-07 23:00:00+00:00
2019-11-11 15:00:00+00:00,32296.0,27197.736220588853,24247.57696272125,30147.895478456456,17,2019-08-07 23:00:00+00:00
2019-11-11 16:00:00+00:00,32629.0,27379.265545455597,24397.287403150294,30361.2436877609,18,2019-08-07 23:00:00+00:00
2019-11-11 17:00:00+00:00,34154.0,29211.160604198885,26200.95419264023,32221.36701575754,19,2019-08-07 23:00:00+00:00
2019-11-11 18:00:00+00:00,35010.0,30342.021699230223,27306.7419883877,33377.301410072745,20,2019-08-07 23:00:00+00:00
2019-11-11 19:00:00+00:00,35301.0,30693.130983311046,27635.556900769727,33750.705065852366,21,2019-08-07 23:00:00+00:00
2019-11-11 20:00:00+00:00,34201.0,29830.544202513374,26753.12857722811,32907.95982779864,22,2019-08-07 23:00:00+00:00
2019-11-11 21:00:00+00:00,31470.0,28030.629156521754,24935.54090124155,31125.717411801957,23,2019-08-07 23:00:00+00:00
2019-11-11 22:00:00+00:00,28428.0,25949.95652025617,22839.11650497788,29060.796535534464,24,2019-08-07 23:00:00+00:00
2019-11-11 23:00:00+00:00,26288.0,26132.957610241192,25557.054376031378,26708.860844451006,1,2019-08-07 23:00:00+00:00
2019-11-12 00:00:00+00:00,24725.0,24617.14464431189,23563.288769840026,25671.000518783756,2,2019-08-07 23:00:00+00:00
2019-11-12 01:00:00+00:00,23759.0,23662.595449082983,22219.13311230845,25106.057785857516,3,2019-08-07 23:00:00+00:00
2019-11-12 02:00:00+00:00,23334.0,23140.830919498258,21420.410465074543,24861.251373921972,4,2019-08-07 23:00:00+00:00
2019-11-12 03:00:00+00:00,23219.0,23019.92800632815,21084.686478517637,24955.169534138666,5,2019-08-07 23:00:00+00:00
2019-11-12 04:00:00+00:00,23981.0,23601.9484412729,21492.705185118713,25711.191697427086,6,2019-08-07 23:00:00+00:00
2019-11-12 05:00:00+00:00,26400.0,25729.395184180143,23475.60736768685,27983.183000673434,7,2019-08-07 23:00:00+00:00
2019-11-12 06:00:00+00:00,30553.0,28550.13488074568,26174.27524445666,30925.994517034702,8,2019-08-07 23:00:00+00:00
2019-11-12 07:00:00+00:00,32914.0,30283.674858862574,27803.521826440407,32763.82789128474,9,2019-08-07 23:00:00+00:00
2019-11-12 08:00:00+00:00,33929.0,31639.379794589822,29069.359071593717,34209.40051758593,10,2019-08-07 23:00:00+00:00
2019-11-12 09:00:00+00:00,34138.0,32316.684996919357,29668.72069299605,34964.64930084267,11,2019-08-07 23:00:00+00:00
2019-11-12 10:00:00+00:00,34023.0,32470.51016199376,29754.59770242605,35186.42262156147,12,2019-08-07 23:00:00+00:00
2019-11-12 11:00:00+00:00,33802.0,32477.805041789168,29702.41485492617,35253.19522865216,13,2019-08-07 23:00:00+00:00
2019-11-12 12:00:00+00:00,33608.0,32353.901011020145,29526.273486895396,35181.5285351449,14,2019-08-07 23:00:00+00:00
2019-11-12 13:00:00+00:00,32568.0,31478.912441374163,28605.279872921474,34352.54500982685,15,2019-08-07 23:00:00+00:00
2019-11-12 14:00:00+00:00,32117.0,30698.72824380753,27784.485912531083,33612.97057508398,16,2019-08-07 23:00:00+00:00
2019-11-12 15:00:00+00:00,31853.0,30297.55888599402,27347.39962812642,33247.718143861624,17,2019-08-07 23:00:00+00:00
2019-11-12 16:00:00+00:00,32220.0,30467.07590816176,27485.09776585646,33449.054050467064,18,2019-08-07 23:00:00+00:00
2019-11-12 17:00:00+00:00,34324.0,32070.272493632066,29060.066082073412,35080.47890519072,19,2019-08-07 23:00:00+00:00
2019-11-12 18:00:00+00:00,35197.0,33011.33107618173,29976.051365339204,36046.61078702425,20,2019-08-07 23:00:00+00:00
2019-11-12 19:00:00+00:00,35533.0,33180.3084103243,30122.734327782982,36237.882492865625,21,2019-08-07 23:00:00+00:00
2019-11-12 20:00:00+00:00,34380.0,32070.678483199656,28993.262857914393,35148.09410848492,22,2019-08-07 23:00:00+00:00
2019-11-12 21:00:00+00:00,31625.0,29728.670455555744,26633.58220027554,32823.75871083595,23,2019-08-07 23:00:00+00:00
2019-11-12 22:00:00+00:00,28552.0,27274.55712083501,24163.717105556716,30385.3971361133,24,2019-08-07 23:00:00+00:00
2019-11-12 23:00:00+00:00,26560.0,26368.889843790897,25792.986609581083,26944.793078000712,1,2019-08-07 23:00:00+00:00
2019-11-13 00:00:00+00:00,24932.0,24803.273707844022,23749.417833372157,25857.129582315887,2,2019-08-07 23:00:00+00:00
2019-11-13 01:00:00+00:00,23784.0,23825.56574641419,22382.103409639658,25269.028083188725,3,2019-08-07 23:00:00+00:00
2019-11-13 02:00:00+00:00,23451.0,23333.80852592195,21613.388071498237,25054.228980345666,4,2019-08-07 23:00:00+00:00
2019-11-13 03:00:00+00:00,23382.0,23199.705621784597,21264.464093974082,25134.94714959511,5,2019-08-07 23:00:00+00:00
2019-11-13 04:00:00+00:00,24007.0,23774.835000105468,21665.591743951278,25884.078256259658,6,2019-08-07 23:00:00+00:00
2019-11-13 05:00:00+00:00,26619.0,25828.55493777983,23574.76712128654,28082.342754273122,7,2019-08-07 23:00:00+00:00
2019-11-13 06:00:00+00:00,30910.0,28804.494407056965,26428.634770767945,31180.354043345986,8,2019-08-07 23:00:00+00:00
2019-11-13 07:00:00+00:00,33003.0,30592.3855587747,28112.23252635253,33072.53859119687,9,2019-08-07 23:00:00+00:00
2019-11-13 08:00:00+00:00,33960.0,31819.445446794496,29249.42472379839,34389.466169790605,10,2019-08-07 23:00:00+00:00
2019-11-13 09:00:00+00:00,34447.0,32328.73082471581,29680.766520792502,34976.69512863912,11,2019-08-07 23:00:00+00:00
2019-11-13 10:00:00+00:00,34610.0,32418.486848475703,29702.574388907993,35134.399308043416,12,2019-08-07 23:00:00+00:00
2019-11-13 11:00:00+00:00,34285.0,32343.501176065747,29568.11098920275,35118.89136292874,13,2019-08-07 23:00:00+00:00
2019-11-13 12:00:00+00:00,33984.0,32215.927823632646,29388.300299507897,35043.5553477574,14,2019-08-07 23:00:00+00:00
2019-11-13 13:00:00+00:00,32885.0,31330.076657924772,28456.444089472083,34203.70922637746,15,2019-08-07 23:00:00+00:00
2019-11-13 14:00:00+00:00,32255.0,30641.770496365672,27727.52816508923,33556.01282764212,16,2019-08-07 23:00:00+00:00
2019-11-13 15:00:00+00:00,31827.0,30256.971881539772,27306.81262367217,33207.13113940738,17,2019-08-07 23:00:00+00:00
2019-11-13 16:00:00+00:00,32185.0,30466.031594102504,27484.0534517972,33448.0097364078,18,2019-08-07 23:00:00+00:00
2019-11-13 17:00:00+00:00,34418.0,32274.57631399361,29264.369902434955,35284.782725552264,19,2019-08-07 23:00:00+00:00
2019-11-13 18:00:00+00:00,35200.0,33217.14660805854,30181.866897216016,36252.42631890106,20,2019-08-07 23:00:00+00:00
2019-11-13 19:00:00+00:00,35646.0,33423.40266000891,30365.828577467593,36480.976742550236,21,2019-08-07 23:00:00+00:00
2019-11-13 20:00:00+00:00,34026.0,32301.302172017484,29223.88654673222,35378.71779730274,22,2019-08-07 23:00:00+00:00
2019-11-13 21:00:00+00:00,31407.0,29906.951422702918,26811.863167422714,33002.03967798312,23,2019-08-07 23:00:00+00:00
2019-11-13 22:00:00+00:00,28529.0,27372.730137300732,24261.89012202244,30483.570152579025,24,2019-08-07 23:00:00+00:00
2019-11-13 23:00:00+00:00,26420.0,26564.001598212417,25988.098364002602,27139.90483242223,1,2019-08-07 23:00:00+00:00
2019-11-14 00:00:00+00:00,24776.0,24996.839140632102,23942.983266160238,26050.695015103967,2,2019-08-07 23:00:00+00:00
2019-11-14 01:00:00+00:00,23821.0,23948.26778211899,22504.805445344457,25391.730118893523,3,2019-08-07 23:00:00+00:00
2019-11-14 02:00:00+00:00,23360.0,23491.290291029592,21770.869836605878,25211.710745453307,4,2019-08-07 23:00:00+00:00
2019-11-14 03:00:00+00:00,23259.0,23369.754316097504,21434.51278828699,25304.99584390802,5,2019-08-07 23:00:00+00:00
2019-11-14 04:00:00+00:00,24013.0,23912.87052208593,21803.62726593174,26022.11377824012,6,2019-08-07 23:00:00+00:00
2019-11-14 05:00:00+00:00,26686.0,26076.281038551755,23822.493222058463,28330.068855045047,7,2019-08-07 23:00:00+00:00
2019-11-14 06:00:00+00:00,30702.0,29244.28920464293,26868.42956835391,31620.14884093195,8,2019-08-07 23:00:00+00:00
2019-11-14 07:00:00+00:00,32917.0,31002.33956786609,28522.18653544392,33482.49260028826,9,2019-08-07 23:00:00+00:00
2019-11-14 08:00:00+00:00,34164.0,32176.989320756933,29606.968597760828,34747.01004375304,10,2019-08-07 23:00:00+00:00
2019-11-14 09:00:00+00:00,34757.0,32744.197418412597,30096.23311448929,35392.161722335906,11,2019-08-07 23:00:00+00:00
2019-11-14 10:00:00+00:00,35182.0,32904.11425538736,30188.20179581965,35620.02671495507,12,2019-08-07 23:00:00+00:00
2019-11-14 11:00:00+00:00,35373.0,32769.163330463736,29993.773143600738,35544.553517326734,13,2019-08-07 23:00:00+00:00
2019-11-14 12:00:00+00:00,35259.0,32590.754411813366,29763.126887688617,35418.381935938116,14,2019-08-07 23:00:00+00:00
2019-11-14 13:00:00+00:00,34176.0,31660.571796072538,28786.93922761985,34534.20436452523,15,2019-08-07 23:00:00+00:00
2019-11-14 14:00:00+00:00,33868.0,30934.00406011361,28019.761728837162,33848.24639139006,16,2019-08-07 23:00:00+00:00
2019-11-14 15:00:00+00:00,33555.0,30501.91447140432,27551.75521353672,33452.07372927193,17,2019-08-07 23:00:00+00:00
2019-11-14 16:00:00+00:00,33993.0,30724.40934601511,27742.431203709806,33706.38748832041,18,2019-08-07 23:00:00+00:00
2019-11-14 17:00:00+00:00,35740.0,32613.57618157759,29603.369770018937,35623.782593136246,19,2019-08-07 23:00:00+00:00
2019-11-14 18:00:00+00:00,36353.0,33511.783470828304,30476.503759985782,36547.06318167083,20,2019-08-07 23:00:00+00:00
2019-11-14 19:00:00+00:00,36607.0,33771.31877896853,30713.744696427213,36828.892861509856,21,2019-08-07 23:00:00+00:00
2019-11-14 20:00:00+00:00,35177.0,32474.43265455483,29397.017029269566,35551.84827984009,22,2019-08-07 23:00:00+00:00
2019-11-14 21:00:00+00:00,32381.0,30081.454289894125,26986.366034613922,33176.54254517433,23,2019-08-07 23:00:00+00:00
2019-11-14 22:00:00+00:00,29330.0,27547.64549306366,24436.80547778537,30658.485508341953,24,2019-08-07 23:00:00+00:00
2019-11-14 23:00:00+00:00,27203.0,27149.75453622009,26573.851302010276,27725.657770429905,1,2019-08-07 23:00:00+00:00
2019-11-15 00:00:00+00:00,25542.0,25515.588773569994,24461.73289909813,26569.44464804186,2,2019-08-07 23:00:00+00:00
2019-11-15 01:00:00+00:00,24214.0,24492.445332659325,23048.98299588479,25935.90766943386,3,2019-08-07 23:00:00+00:00
2019-11-15 02:00:00+00:00,23797.0,23975.18468600454,22254.764231580826,25695.605140428255,4,2019-08-07 23:00:00+00:00
2019-11-15 03:00:00+00:00,23637.0,23820.60003955853,21885.358511748014,25755.841567369043,5,2019-08-07 23:00:00+00:00
2019-11-15 04:00:00+00:00,24372.0,24393.901064046164,22284.657807891977,26503.14432020035,6,2019-08-07 23:00:00+00:00
2019-11-15 05:00:00+00:00,27333.0,26610.430251578702,24356.64243508541,28864.218068071994,7,2019-08-07 23:00:00+00:00
2019-11-15 06:00:00+00:00,31540.0,29796.410547042622,27420.5509107536,32172.270183331642,8,2019-08-07 23:00:00+00:00
2019-11-15 07:00:00+00:00,33616.0,31617.92450191991,29137.771469497744,34098.07753434208,9,2019-08-07 23:00:00+00:00
2019-11-15 08:00:00+00:00,34880.0,32848.448585105136,30278.42786210903,35418.469308101245,10,2019-08-07 23:00:00+00:00
2019-11-15 09:00:00+00:00,35600.0,33423.58129410261,30775.6169901793,36071.54559802592,11,2019-08-07 23:00:00+00:00
2019-11-15 10:00:00+00:00,35453.0,33659.2044182763,30943.29195870859,36375.11687784401,12,2019-08-07 23:00:00+00:00
2019-11-15 11:00:00+00:00,35327.0,33668.31938035487,30892.929193491873,36443.70956721787,13,2019-08-07 23:00:00+00:00
2019-11-15 12:00:00+00:00,34924.0,33524.78784789639,30697.16032377164,36352.41537202114,14,2019-08-07 23:00:00+00:00
2019-11-15 13:00:00+00:00,33724.0,32562.939980722193,29689.307412269503,35436.57254917488,15,2019-08-07 23:00:00+00:00
2019-11-15 14:00:00+00:00,33022.0,31949.217866575433,29034.97553529899,34863.46019785188,16,2019-08-07 23:00:00+00:00
2019-11-15 15:00:00+00:00,33018.0,31544.55014423365,28594.390886366047,34494.70940210125,17,2019-08-07 23:00:00+00:00
2019-11-15 16:00:00+00:00,33488.0,31799.120453307172,28817.14231100187,34781.09859561248,18,2019-08-07 23:00:00+00:00
2019-11-15 17:00:00+00:00,35377.0,33543.17338886832,30532.96697730967,36553.37980042698,19,2019-08-07 23:00:00+00:00
2019-11-15 18:00:00+00:00,35703.0,34353.51116625415,31318.23145541163,37388.790877096675,20,2019-08-07 23:00:00+00:00
2019-11-15 19:00:00+00:00,35338.0,34555.5370743734,31497.962991832082,37613.111156914725,21,2019-08-07 23:00:00+00:00
2019-11-15 20:00:00+00:00,34182.0,33275.53144132216,30198.115816036894,36352.94706660742,22,2019-08-07 23:00:00+00:00
2019-11-15 21:00:00+00:00,31750.0,30779.887134937562,27684.79887965736,33874.97539021777,23,2019-08-07 23:00:00+00:00
2019-11-15 22:00:00+00:00,29200.0,28130.57982264972,25019.73980737143,31241.419837928013,24,2019-08-07 23:00:00+00:00
2019-11-15 23:00:00+00:00,27388.0,27240.435113719668,26664.531879509854,27816.338347929483,1,2019-08-07 23:00:00+00:00
2019-11-16 00:00:00+00:00,25515.0,25675.036734050605,24621.18085957874,26728.89260852247,2,2019-08-07 23:00:00+00:00
2019-11-16 01:00:00+00:00,24061.0,24528.063482997874,23084.60114622334,25971.525819772407,3,2019-08-07 23:00:00+00:00
2019-11-16 02:00:00+00:00,23202.0,24034.643206287492,22314.222751863777,25755.063660711206,4,2019-08-07 23:00:00+00:00
2019-11-16 03:00:00+00:00,22936.0,23866.360190935036,21931.118663124522,25801.60171874555,5,2019-08-07 23:00:00+00:00
2019-11-16 04:00:00+00:00,22993.0,24456.296185323517,22347.05292916933,26565.539441477704,6,2019-08-07 23:00:00+00:00
2019-11-16 05:00:00+00:00,23643.0,26834.726132754207,24580.938316260916,29088.5139492475,7,2019-08-07 23:00:00+00:00
2019-11-16 06:00:00+00:00,25005.0,30194.483754725905,27818.624118436885,32570.343391014925,8,2019-08-07 23:00:00+00:00
2019-11-16 07:00:00+00:00,26661.0,32015.954942206925,29535.801909784757,34496.10797462909,9,2019-08-07 23:00:00+00:00
2019-11-16 08:00:00+00:00,29450.0,33255.32125117305,30685.300528176944,35825.34197416916,10,2019-08-07 23:00:00+00:00
2019-11-16 09:00:00+00:00,31096.0,33879.097816236696,31231.133512313387,36527.06212016001,11,2019-08-07 23:00:00+00:00
2019-11-16 10:00:00+00:00,31221.0,33932.83173615675,31216.919276589044,36648.74419572447,12,2019-08-07 23:00:00+00:00
2019-11-16 11:00:00+00:00,30781.0,33851.02848243327,31075.638295570272,36626.41866929627,13,2019-08-07 23:00:00+00:00
2019-11-16 12:00:00+00:00,30686.0,33607.520397904125,30779.892873779376,36435.147922028875,14,2019-08-07 23:00:00+00:00
2019-11-16 13:00:00+00:00,30048.0,32588.769141406447,29715.136572953757,35462.401709859136,15,2019-08-07 23:00:00+00:00
2019-11-16 14:00:00+00:00,28998.0,31871.82806669275,28957.5857354163,34786.0703979692,16,2019-08-07 23:00:00+00:00
2019-11-16 15:00:00+00:00,28259.0,31590.518764949316,28640.359507081714,34540.67802281692,17,2019-08-07 23:00:00+00:00
2019-11-16 16:00:00+00:00,28654.0,31880.0683320446,28898.090189739298,34862.0464743499,18,2019-08-07 23:00:00+00:00
2019-11-16 17:00:00+00:00,30693.0,33676.08390765908,30665.877496100424,36686.29031921773,19,2019-08-07 23:00:00+00:00
2019-11-16 18:00:00+00:00,31488.0,34358.54246217734,31323.26275133482,37393.822173019864,20,2019-08-07 23:00:00+00:00
2019-11-16 19:00:00+00:00,31933.0,34344.25993752162,31286.685854980304,37401.83402006295,21,2019-08-07 23:00:00+00:00
2019-11-16 20:00:00+00:00,31586.0,33144.552312090396,30067.136686805134,36221.96793737566,22,2019-08-07 23:00:00+00:00
2019-11-16 21:00:00+00:00,29831.0,30742.76370279092,27647.675447510715,33837.85195807112,23,2019-08-07 23:00:00+00:00
2019-11-16 22:00:00+00:00,27807.0,28223.97092094154,25113.13090566325,31334.810936219834,24,2019-08-07 23:00:00+00:00
2019-11-16 23:00:00+00:00,25746.0,26154.15618101117,25578.252946801356,26730.059415220985,1,2019-08-07 23:00:00+00:00
2019-11-17 00:00:00+00:00,23700.0,24599.806314315483,23545.95043984362,25653.662188787348,2,2019-08-07 23:00:00+00:00
2019-11-17 01:00:00+00:00,22230.0,23440.965261084108,21997.502924309574,24884.42759785864,3,2019-08-07 23:00:00+00:00
2019-11-17 02:00:00+00:00,21396.0,22850.47061203783,21130.050157614114,24570.891066461543,4,2019-08-07 23:00:00+00:00
2019-11-17 03:00:00+00:00,21157.0,22694.8866270511,20759.645099240584,24630.128154861613,5,2019-08-07 23:00:00+00:00
2019-11-17 04:00:00+00:00,21101.0,23105.79109096449,20996.5478348103,25215.03434711868,6,2019-08-07 23:00:00+00:00
2019-11-17 05:00:00+00:00,21667.0,24768.798933095364,22515.011116602072,27022.586749588656,7,2019-08-07 23:00:00+00:00
2019-11-17 06:00:00+00:00,22392.0,27251.43572182233,24875.57608553331,29627.29535811135,8,2019-08-07 23:00:00+00:00
2019-11-17 07:00:00+00:00,23027.0,28993.47846009321,26513.325427671043,31473.63149251538,9,2019-08-07 23:00:00+00:00
2019-11-17 08:00:00+00:00,25320.0,30823.705633168942,28253.684910172837,33393.72635616505,10,2019-08-07 23:00:00+00:00
2019-11-17 09:00:00+00:00,27552.0,31829.332352134803,29181.368048211494,34477.29665605811,11,2019-08-07 23:00:00+00:00
2019-11-17 10:00:00+00:00,28713.0,31989.919635946007,29274.007176378298,34705.83209551372,12,2019-08-07 23:00:00+00:00
2019-11-17 11:00:00+00:00,29019.0,31821.519788473604,29046.129601610606,34596.9099753366,13,2019-08-07 23:00:00+00:00
2019-11-17 12:00:00+00:00,29611.0,31699.492919466342,28871.865395341592,34527.12044359109,14,2019-08-07 23:00:00+00:00
2019-11-17 13:00:00+00:00,29422.0,30889.448750193686,28015.816181740996,33763.08131864637,15,2019-08-07 23:00:00+00:00
2019-11-17 14:00:00+00:00,28109.0,30076.1966188133,27161.954287536857,32990.438950089745,16,2019-08-07 23:00:00+00:00
2019-11-17 15:00:00+00:00,27254.0,29590.519238905217,26640.359981037614,32540.67849677282,17,2019-08-07 23:00:00+00:00
2019-11-17 16:00:00+00:00,27562.0,29900.13203423236,26918.153891927057,32882.110176537666,18,2019-08-07 23:00:00+00:00
2019-11-17 17:00:00+00:00,29638.0,31785.05209928889,28774.845687730234,34795.25851084754,19,2019-08-07 23:00:00+00:00
2019-11-17 18:00:00+00:00,30794.0,32613.77985248062,29578.5001416381,35649.05956332314,20,2019-08-07 23:00:00+00:00
2019-11-17 19:00:00+00:00,31659.0,32868.26820558298,29810.69412304166,35925.8422881243,21,2019-08-07 23:00:00+00:00
2019-11-17 20:00:00+00:00,31286.0,31985.37585400954,28907.960228724278,35062.7914792948,22,2019-08-07 23:00:00+00:00
2019-11-17 21:00:00+00:00,29878.0,29842.482128523672,26747.39387324347,32937.570383803875,23,2019-08-07 23:00:00+00:00
2019-11-17 22:00:00+00:00,27578.0,27527.023121100636,24416.183105822343,30637.863136378928,24,2019-08-07 23:00:00+00:00
2019-11-17 23:00:00+00:00,25120.0,25607.843167389587,25031.939933179772,26183.7464015994,1,2019-08-07 23:00:00+00:00
2019-11-18 00:00:00+00:00,23303.0,23825.864173491274,22772.00829901941,24879.72004796314,2,2019-08-07 23:00:00+00:00
2019-11-18 01:00:00+00:00,22125.0,22634.427759791393,21190.96542301686,24077.890096565927,3,2019-08-07 23:00:00+00:00
2019-11-18 02:00:00+00:00,21666.0,22030.90627475746,20310.485820333746,23751.326729181175,4,2019-08-07 23:00:00+00:00
2019-11-18 03:00:00+00:00,21869.0,21882.269601763543,19947.028073953028,23817.511129574057,5,2019-08-07 23:00:00+00:00
2019-11-18 04:00:00+00:00,22917.0,22218.488098000496,20109.24484184631,24327.731354154683,6,2019-08-07 23:00:00+00:00
2019-11-18 05:00:00+00:00,26191.0,23733.970277216395,21480.182460723103,25987.758093709686,7,2019-08-07 23:00:00+00:00
2019-11-18 06:00:00+00:00,30910.0,25855.652908735072,23479.79327244605,28231.512545024092,8,2019-08-07 23:00:00+00:00
2019-11-18 07:00:00+00:00,33635.0,27227.65762239061,24747.50458996844,29707.810654812776,9,2019-08-07 23:00:00+00:00
2019-11-18 08:00:00+00:00,34987.0,29007.819819479526,26437.799096483417,31577.840542475635,10,2019-08-07 23:00:00+00:00
2019-11-18 09:00:00+00:00,35294.0,30313.087624150816,27665.123320227507,32961.05192807413,11,2019-08-07 23:00:00+00:00
2019-11-18 10:00:00+00:00,35117.0,30850.289190258045,28134.376730690336,33566.20164982576,12,2019-08-07 23:00:00+00:00
2019-11-18 11:00:00+00:00,34806.0,30923.912896777314,28148.522709914316,33699.30308364031,13,2019-08-07 23:00:00+00:00
2019-11-18 12:00:00+00:00,34964.0,31059.741997202713,28232.114473077963,33887.36952132746,14,2019-08-07 23:00:00+00:00
2019-11-18 13:00:00+00:00,34037.0,30439.5842155391,27565.95164708641,33313.21678399179,15,2019-08-07 23:00:00+00:00
2019-11-18 14:00:00+00:00,33583.0,29507.844590163077,26593.602258886633,32422.08692143952,16,2019-08-07 23:00:00+00:00
2019-11-18 15:00:00+00:00,33306.0,28954.277878956083,26004.11862108848,31904.437136823686,17,2019-08-07 23:00:00+00:00
2019-11-18 16:00:00+00:00,33841.0,29248.669441639115,26266.691299333812,32230.647583944417,18,2019-08-07 23:00:00+00:00
2019-11-18 17:00:00+00:00,35919.0,31171.410719690037,28161.204308131382,34181.61713124869,19,2019-08-07 23:00:00+00:00
2019-11-18 18:00:00+00:00,36679.0,32130.930915416215,29095.651204573693,35166.21062625874,20,2019-08-07 23:00:00+00:00
2019-11-18 19:00:00+00:00,36885.0,32565.37359902375,29507.79951648243,35622.94768156507,21,2019-08-07 23:00:00+00:00
2019-11-18 20:00:00+00:00,35686.0,31744.736351979423,28667.32072669416,34822.151977264686,22,2019-08-07 23:00:00+00:00
2019-11-18 21:00:00+00:00,32871.0,29779.775076900136,26684.686821619933,32874.86333218034,23,2019-08-07 23:00:00+00:00
2019-11-18 22:00:00+00:00,29675.0,27405.295433015348,24294.455417737056,30516.13544829364,24,2019-08-07 23:00:00+00:00
2019-11-18 23:00:00+00:00,27202.0,27164.69172108739,26588.788486877576,27740.594955297205,1,2019-08-07 23:00:00+00:00
2019-11-19 00:00:00+00:00,25434.0,25330.86906042287,24277.013185951004,26384.724934894733,2,2019-08-07 23:00:00+00:00
2019-11-19 01:00:00+00:00,24400.0,24120.594652605727,22677.132315831193,25564.05698938026,3,2019-08-07 23:00:00+00:00
2019-11-19 02:00:00+00:00,23907.0,23539.057883570378,21818.637429146664,25259.478337994093,4,2019-08-07 23:00:00+00:00
2019-11-19 03:00:00+00:00,23898.0,23458.650947264145,21523.40941945363,25393.89247507466,5,2019-08-07 23:00:00+00:00
2019-11-19 04:00:00+00:00,24620.0,24068.15439594322,21958.91113978903,26177.39765209741,6,2019-08-07 23:00:00+00:00
2019-11-19 05:00:00+00:00,27523.0,26369.33386801977,24115.54605152648,28623.121684513062,7,2019-08-07 23:00:00+00:00
2019-11-19 06:00:00+00:00,32188.0,29688.069823806833,27312.210187517812,32063.929460095853,8,2019-08-07 23:00:00+00:00
2019-11-19 07:00:00+00:00,34865.0,31657.046140125483,29176.893107703316,34137.199172547655,9,2019-08-07 23:00:00+00:00
2019-11-19 08:00:00+00:00,36175.0,33101.63959301647,30531.618870020364,35671.66031601258,10,2019-08-07 23:00:00+00:00
2019-11-19 09:00:00+00:00,36286.0,33771.74205630372,31123.777752380414,36419.706360227035,11,2019-08-07 23:00:00+00:00
2019-11-19 10:00:00+00:00,35968.0,33850.46264466435,31134.550185096643,36566.375104232065,12,2019-08-07 23:00:00+00:00
2019-11-19 11:00:00+00:00,35452.0,33679.33315390713,30903.94296704413,36454.72334077013,13,2019-08-07 23:00:00+00:00
2019-11-19 12:00:00+00:00,35337.0,33667.229503434384,30839.601979309635,36494.857027559134,14,2019-08-07 23:00:00+00:00
2019-11-19 13:00:00+00:00,34489.0,32788.9886686718,29915.356100219113,35662.62123712449,15,2019-08-07 23:00:00+00:00
2019-11-19 14:00:00+00:00,34028.0,32075.455301229445,29161.212969952998,34989.69763250589,16,2019-08-07 23:00:00+00:00
2019-11-19 15:00:00+00:00,33894.0,31651.127899397812,28700.96864153021,34601.28715726542,17,2019-08-07 23:00:00+00:00
2019-11-19 16:00:00+00:00,34741.0,31989.954754359955,29007.976612054652,34971.932896665254,18,2019-08-07 23:00:00+00:00
2019-11-19 17:00:00+00:00,36859.0,33895.62323891084,30885.416827352186,36905.829650469495,19,2019-08-07 23:00:00+00:00
2019-11-19 18:00:00+00:00,37398.0,34701.97001975655,31666.690308914025,37737.24973059907,20,2019-08-07 23:00:00+00:00
2019-11-19 19:00:00+00:00,37661.0,34919.666564647225,31862.092482105905,37977.24064718855,21,2019-08-07 23:00:00+00:00
2019-11-19 20:00:00+00:00,36283.0,33825.98471874311,30748.569093457845,36903.40034402837,22,2019-08-07 23:00:00+00:00
2019-11-19 21:00:00+00:00,33231.0,31393.89427103634,28298.806015756138,34488.98252631655,23,2019-08-07 23:00:00+00:00
2019-11-19 22:00:00+00:00,29935.0,28677.551839233693,25566.7118239554,31788.391854511985,24,2019-08-07 23:00:00+00:00
2019-11-19 23:00:00+00:00,27729.0,27506.940773167044,26931.03753895723,28082.844007376858,1,2019-08-07 23:00:00+00:00
2019-11-20 00:00:00+00:00,25958.0,25722.714590919924,24668.85871644806,26776.57046539179,2,2019-08-07 23:00:00+00:00
2019-11-20 01:00:00+00:00,24642.0,24574.99110610008,23131.528769325545,26018.453442874612,3,2019-08-07 23:00:00+00:00
2019-11-20 02:00:00+00:00,24161.0,24002.471768390347,22282.051313966633,25722.892222814062,4,2019-08-07 23:00:00+00:00
2019-11-20 03:00:00+00:00,24180.0,23886.777187274565,21951.53565946405,25822.01871508508,5,2019-08-07 23:00:00+00:00
2019-11-20 04:00:00+00:00,24859.0,24439.06010995718,22329.816853802993,26548.303366111366,6,2019-08-07 23:00:00+00:00
2019-11-20 05:00:00+00:00,27666.0,26733.585526407027,24479.797709913735,28987.37334290032,7,2019-08-07 23:00:00+00:00
2019-11-20 06:00:00+00:00,32363.0,30213.35426382844,27837.49462753942,32589.213900117462,8,2019-08-07 23:00:00+00:00
2019-11-20 07:00:00+00:00,34985.0,32264.40353524166,29784.250502819494,34744.55656766383,9,2019-08-07 23:00:00+00:00
2019-11-20 08:00:00+00:00,36015.0,33686.46836920949,31116.447646213386,36256.4890922056,10,2019-08-07 23:00:00+00:00
2019-11-20 09:00:00+00:00,36365.0,34244.3334607861,31596.369156862795,36892.297764709416,11,2019-08-07 23:00:00+00:00
2019-11-20 10:00:00+00:00,36399.0,34243.912840516015,31528.000380948306,36959.82530008373,12,2019-08-07 23:00:00+00:00
2019-11-20 11:00:00+00:00,36364.0,33984.90634753815,31209.51616067515,36760.296534401146,13,2019-08-07 23:00:00+00:00
2019-11-20 12:00:00+00:00,36060.0,33899.12668202855,31071.499157903803,36726.7542061533,14,2019-08-07 23:00:00+00:00
2019-11-20 13:00:00+00:00,35201.0,33046.47097465251,30172.838406199822,35920.1035431052,15,2019-08-07 23:00:00+00:00
2019-11-20 14:00:00+00:00,34806.0,32366.042511528805,29451.800180252358,35280.28484280525,16,2019-08-07 23:00:00+00:00
2019-11-20 15:00:00+00:00,34746.0,32014.655860342464,29064.49660247486,34964.81511821007,17,2019-08-07 23:00:00+00:00
2019-11-20 16:00:00+00:00,35361.0,32493.33525255848,29511.35711025318,35475.313394863784,18,2019-08-07 23:00:00+00:00
2019-11-20 17:00:00+00:00,36956.0,34437.6458997888,31427.439488230142,37447.85231134745,19,2019-08-07 23:00:00+00:00
2019-11-20 18:00:00+00:00,37400.0,35160.94073519032,32125.6610243478,38196.22044603284,20,2019-08-07 23:00:00+00:00
2019-11-20 19:00:00+00:00,37335.0,35400.03934370136,32342.465261160043,38457.613426242686,21,2019-08-07 23:00:00+00:00
2019-11-20 20:00:00+00:00,36072.0,34230.79197740681,31153.376352121544,37308.20760269207,22,2019-08-07 23:00:00+00:00
2019-11-20 21:00:00+00:00,33231.0,31667.260779187287,28572.172523907084,34762.349034467494,23,2019-08-07 23:00:00+00:00
2019-11-20 22:00:00+00:00,30022.0,28856.618481665013,25745.77846638672,31967.458496943305,24,2019-08-07 23:00:00+00:00
2019-11-20 23:00:00+00:00,27704.0,27686.843781506614,27110.9405472968,28262.747015716428,1,2019-08-07 23:00:00+00:00
2019-11-21 00:00:00+00:00,25752.0,25883.491729182493,24829.63585471063,26937.347603654358,2,2019-08-07 23:00:00+00:00
2019-11-21 01:00:00+00:00,24633.0,24647.38645056673,23203.924113792196,26090.848787341263,3,2019-08-07 23:00:00+00:00
2019-11-21 02:00:00+00:00,24274.0,24088.5259348818,22368.105480458085,25808.946389305514,4,2019-08-07 23:00:00+00:00
2019-11-21 03:00:00+00:00,24260.0,23995.709340226724,22060.46781241621,25930.95086803724,5,2019-08-07 23:00:00+00:00
2019-11-21 04:00:00+00:00,24961.0,24553.214454236997,22443.971198082807,26662.457710391187,6,2019-08-07 23:00:00+00:00
2019-11-21 05:00:00+00:00,27766.0,26888.96013764945,24635.17232115616,29142.747954142742,7,2019-08-07 23:00:00+00:00
2019-11-21 06:00:00+00:00,32247.0,30528.529436773082,28152.669800484062,32904.3890730621,8,2019-08-07 23:00:00+00:00
2019-11-21 07:00:00+00:00,34770.0,32637.83246351452,30157.679431092354,35117.98549593669,9,2019-08-07 23:00:00+00:00
2019-11-21 08:00:00+00:00,35912.0,33944.40936114147,31374.388638145367,36514.43008413758,10,2019-08-07 23:00:00+00:00
2019-11-21 09:00:00+00:00,36305.0,34531.913672801624,31883.949368878315,37179.877976724936,11,2019-08-07 23:00:00+00:00
2019-11-21 10:00:00+00:00,36211.0,34618.12786801735,31902.21540844964,37334.04032758506,12,2019-08-07 23:00:00+00:00
2019-11-21 11:00:00+00:00,36221.0,34499.89563834768,31724.505451484685,37275.28582521068,13,2019-08-07 23:00:00+00:00
2019-11-21 12:00:00+00:00,36068.0,34341.92963791824,31514.302113793492,37169.55716204299,14,2019-08-07 23:00:00+00:00
2019-11-21 13:00:00+00:00,35187.0,33485.53921337859,30611.906644925904,36359.17178183128,15,2019-08-07 23:00:00+00:00
2019-11-21 14:00:00+00:00,34645.0,32856.11802960035,29941.875698323907,35770.360360876795,16,2019-08-07 23:00:00+00:00
2019-11-21 15:00:00+00:00,34471.0,32558.384644008856,29608.225386141254,35508.54390187646,17,2019-08-07 23:00:00+00:00
2019-11-21 16:00:00+00:00,35011.0,32999.350068868895,30017.371926563592,35981.3282111742,18,2019-08-07 23:00:00+00:00
2019-11-21 17:00:00+00:00,36822.0,34776.60852989314,31766.40211833449,37786.8149414518,19,2019-08-07 23:00:00+00:00
2019-11-21 18:00:00+00:00,36907.0,35442.24766602832,32406.9679551858,38477.52737687084,20,2019-08-07 23:00:00+00:00
2019-11-21 19:00:00+00:00,37253.0,35565.829579638725,32508.255497097405,38623.40366218005,21,2019-08-07 23:00:00+00:00
2019-11-21 20:00:00+00:00,36193.0,34411.601371075914,31334.18574579065,37489.01699636118,22,2019-08-07 23:00:00+00:00
2019-11-21 21:00:00+00:00,33461.0,31862.603225879357,28767.514970599153,34957.69148115956,23,2019-08-07 23:00:00+00:00
2019-11-21 22:00:00+00:00,30202.0,29022.187489060532,25911.34747378224,32133.027504338825,24,2019-08-07 23:00:00+00:00
2019-11-21 23:00:00+00:00,27944.0,27816.573023003093,27240.66978879328,28392.476257212908,1,2019-08-07 23:00:00+00:00
2019-11-22 00:00:00+00:00,26020.0,25943.48304382451,24889.627169352647,26997.338918296377,2,2019-08-07 23:00:00+00:00
2019-11-22 01:00:00+00:00,24719.0,24761.429610789604,23317.96727401507,26204.891947564138,3,2019-08-07 23:00:00+00:00
2019-11-22 02:00:00+00:00,24319.0,24249.770201581803,22529.34974715809,25970.190656005518,4,2019-08-07 23:00:00+00:00
2019-11-22 03:00:00+00:00,24324.0,24152.881043337442,22217.639515526927,26088.122571147956,5,2019-08-07 23:00:00+00:00
2019-11-22 04:00:00+00:00,24941.0,24727.690546935937,22618.447290781747,26836.933803090127,6,2019-08-07 23:00:00+00:00
2019-11-22 05:00:00+00:00,27783.0,27116.30586207002,24862.51804557673,29370.093678563313,7,2019-08-07 23:00:00+00:00
2019-11-22 06:00:00+00:00,32279.0,30805.46449049123,28429.60485420221,33181.32412678025,8,2019-08-07 23:00:00+00:00
2019-11-22 07:00:00+00:00,34650.0,32938.44333840885,30458.29030598668,35418.596370831016,9,2019-08-07 23:00:00+00:00
2019-11-22 08:00:00+00:00,36088.0,34245.96310982652,31675.94238683042,36815.98383282263,10,2019-08-07 23:00:00+00:00
2019-11-22 09:00:00+00:00,36829.0,34814.68845064733,32166.72414672402,37462.65275457064,11,2019-08-07 23:00:00+00:00
2019-11-22 10:00:00+00:00,36786.0,34843.96602933948,32128.053569771768,37559.87848890719,12,2019-08-07 23:00:00+00:00
2019-11-22 11:00:00+00:00,36731.0,34748.40188279822,31973.011695935224,37523.79206966122,13,2019-08-07 23:00:00+00:00
2019-11-22 12:00:00+00:00,36460.0,34622.757233122866,31795.129708998116,37450.384757247615,14,2019-08-07 23:00:00+00:00
2019-11-22 13:00:00+00:00,35209.0,33754.517869755575,30880.885301302886,36628.150438208264,15,2019-08-07 23:00:00+00:00
2019-11-22 14:00:00+00:00,34492.0,33098.12374929546,30183.881418019017,36012.366080571905,16,2019-08-07 23:00:00+00:00
2019-11-22 15:00:00+00:00,34082.0,32785.91289523136,29835.75363736376,35736.07215309897,17,2019-08-07 23:00:00+00:00
2019-11-22 16:00:00+00:00,34426.0,33218.63816949687,30236.66002719157,36200.61631180218,18,2019-08-07 23:00:00+00:00
2019-11-22 17:00:00+00:00,35781.0,35048.0161588242,32037.809747265543,38058.22257038285,19,2019-08-07 23:00:00+00:00
2019-11-22 18:00:00+00:00,35842.0,35553.66443368529,32518.38472284277,38588.94414452781,20,2019-08-07 23:00:00+00:00
2019-11-22 19:00:00+00:00,35634.0,35799.180243149756,32741.606160608437,38856.75432569108,21,2019-08-07 23:00:00+00:00
2019-11-22 20:00:00+00:00,34467.0,34702.046196167335,31624.630570882073,37779.4618214526,22,2019-08-07 23:00:00+00:00
2019-11-22 21:00:00+00:00,32147.0,32153.379549460344,29058.29129418014,35248.46780474055,23,2019-08-07 23:00:00+00:00
2019-11-22 22:00:00+00:00,29448.0,29246.476800302287,26135.636785023995,32357.31681558058,24,2019-08-07 23:00:00+00:00
2019-11-22 23:00:00+00:00,27168.0,27375.926908563062,26800.023674353248,27951.830142772877,1,2019-08-07 23:00:00+00:00
2019-11-23 00:00:00+00:00,25275.0,25590.910053583833,24537.05417911197,26644.765928055698,2,2019-08-07 23:00:00+00:00
2019-11-23 01:00:00+00:00,23965.0,24374.50586809501,22931.043531320476,25817.968204869543,3,2019-08-07 23:00:00+00:00
2019-11-23 02:00:00+00:00,23194.0,23888.41391842639,22167.993464002677,25608.834372850106,4,2019-08-07 23:00:00+00:00
2019-11-23 03:00:00+00:00,22902.0,23828.822817846747,21893.581290036233,25764.06434565726,5,2019-08-07 23:00:00+00:00
2019-11-23 04:00:00+00:00,22704.0,24408.158887847163,22298.915631692973,26517.402144001353,6,2019-08-07 23:00:00+00:00
2019-11-23 05:00:00+00:00,23265.0,26880.34373112009,24626.5559146268,29134.131547613382,7,2019-08-07 23:00:00+00:00
2019-11-23 06:00:00+00:00,24600.0,30691.31201055012,28315.452374261098,33067.17164683914,8,2019-08-07 23:00:00+00:00
2019-11-23 07:00:00+00:00,26133.0,32834.54008979251,30354.38705737034,35314.693122214674,9,2019-08-07 23:00:00+00:00
2019-11-23 08:00:00+00:00,28843.0,34243.243742971135,31673.22301997503,36813.264465967244,10,2019-08-07 23:00:00+00:00
2019-11-23 09:00:00+00:00,30564.0,34929.80792934695,32281.84362542364,37577.77223327026,11,2019-08-07 23:00:00+00:00
2019-11-23 10:00:00+00:00,30740.0,34975.65281636608,32259.740356798367,37691.56527593379,12,2019-08-07 23:00:00+00:00
2019-11-23 11:00:00+00:00,30551.0,34882.82902802945,32107.438841166455,37658.21921489245,13,2019-08-07 23:00:00+00:00
2019-11-23 12:00:00+00:00,30636.0,34723.440279146605,31895.812755021856,37551.067803271355,14,2019-08-07 23:00:00+00:00
2019-11-23 13:00:00+00:00,29902.0,33731.775455686926,30858.142887234237,36605.408024139615,15,2019-08-07 23:00:00+00:00
2019-11-23 14:00:00+00:00,28664.0,33037.60825116582,30123.365919889373,35951.85058244226,16,2019-08-07 23:00:00+00:00
2019-11-23 15:00:00+00:00,27842.0,32668.034938535056,29717.875680667454,35618.19419640266,17,2019-08-07 23:00:00+00:00
2019-11-23 16:00:00+00:00,28055.0,33053.38286531731,30071.40472301201,36035.36100762262,18,2019-08-07 23:00:00+00:00
2019-11-23 17:00:00+00:00,30038.0,34725.34113806156,31715.134726502904,37735.54754962021,19,2019-08-07 23:00:00+00:00
2019-11-23 18:00:00+00:00,30707.0,35178.337801130445,32143.058090287923,38213.61751197297,20,2019-08-07 23:00:00+00:00
2019-11-23 19:00:00+00:00,31058.0,35245.053758560694,32187.479676019375,38302.62784110202,21,2019-08-07 23:00:00+00:00
2019-11-23 20:00:00+00:00,30767.0,34121.89218419626,31044.476558910996,37199.30780948152,22,2019-08-07 23:00:00+00:00
2019-11-23 21:00:00+00:00,29453.0,31706.23145846885,28611.143203188647,34801.31971374906,23,2019-08-07 23:00:00+00:00
2019-11-23 22:00:00+00:00,27436.0,28964.113872362424,25853.273857084132,32074.953887640717,24,2019-08-07 23:00:00+00:00
2019-11-23 23:00:00+00:00,25273.0,25572.57291235058,24996.669678140766,26148.476146560395,1,2019-08-07 23:00:00+00:00
2019-11-24 00:00:00+00:00,23316.0,23887.277012539842,22833.421138067977,24941.132887011707,2,2019-08-07 23:00:00+00:00
2019-11-24 01:00:00+00:00,21976.0,22736.50932573356,21293.046988959028,24179.971662508095,3,2019-08-07 23:00:00+00:00
2019-11-24 02:00:00+00:00,21303.0,22202.395186655896,20481.974732232182,23922.81564107961,4,2019-08-07 23:00:00+00:00
2019-11-24 03:00:00+00:00,20925.0,22114.760860899863,20179.51933308935,24050.002388710378,5,2019-08-07 23:00:00+00:00
2019-11-24 04:00:00+00:00,20897.0,22472.11974447077,20362.87648831658,24581.36300062496,6,2019-08-07 23:00:00+00:00
2019-11-24 05:00:00+00:00,21240.0,24231.861377039426,21978.073560546134,26485.649193532718,7,2019-08-07 23:00:00+00:00
2019-11-24 06:00:00+00:00,21853.0,27049.272692437367,24673.413056148347,29425.132328726388,8,2019-08-07 23:00:00+00:00
2019-11-24 07:00:00+00:00,22600.0,28975.909604699424,26495.756572277256,31456.06263712159,9,2019-08-07 23:00:00+00:00
2019-11-24 08:00:00+00:00,24794.0,30900.845301767647,28330.824578771542,33470.86602476375,10,2019-08-07 23:00:00+00:00
2019-11-24 09:00:00+00:00,26866.0,31998.637150532915,29350.672846609606,34646.60145445623,11,2019-08-07 23:00:00+00:00
2019-11-24 10:00:00+00:00,27470.0,32160.61559462511,29444.7031350574,34876.52805419282,12,2019-08-07 23:00:00+00:00
2019-11-24 11:00:00+00:00,27422.0,32069.97065666416,29294.580469801163,34845.36084352716,13,2019-08-07 23:00:00+00:00
2019-11-24 12:00:00+00:00,27751.0,32068.23486229569,29240.60733817094,34895.86238642044,14,2019-08-07 23:00:00+00:00
2019-11-24 13:00:00+00:00,27654.0,31271.418594301183,28397.786025848494,34145.05116275387,15,2019-08-07 23:00:00+00:00
2019-11-24 14:00:00+00:00,26569.0,30425.341519711572,27511.099188435124,33339.58385098802,16,2019-08-07 23:00:00+00:00
2019-11-24 15:00:00+00:00,26014.0,29938.880010991412,26988.72075312381,32889.039268859015,17,2019-08-07 23:00:00+00:00
2019-11-24 16:00:00+00:00,26466.0,30306.5807439929,27324.6026016876,33288.558886298204,18,2019-08-07 23:00:00+00:00
2019-11-24 17:00:00+00:00,28897.0,32198.102610034195,29187.89619847554,35208.309021592846,19,2019-08-07 23:00:00+00:00
2019-11-24 18:00:00+00:00,30226.0,32852.275694686265,29816.995983843743,35887.55540552879,20,2019-08-07 23:00:00+00:00
2019-11-24 19:00:00+00:00,31208.0,33115.56006812688,30057.985985585558,36173.1341506682,21,2019-08-07 23:00:00+00:00
2019-11-24 20:00:00+00:00,30951.0,32330.671489599245,29253.255864313982,35408.0871148845,22,2019-08-07 23:00:00+00:00
2019-11-24 21:00:00+00:00,29679.0,30316.17737402446,27221.089118744258,33411.26562930467,23,2019-08-07 23:00:00+00:00
2019-11-24 22:00:00+00:00,27333.0,27850.399382905805,24739.559367627513,30961.239398184098,24,2019-08-07 23:00:00+00:00
2019-11-24 23:00:00+00:00,24809.0,25233.22354855859,24657.320314348777,25809.126782768406,1,2019-08-07 23:00:00+00:00
2019-11-25 00:00:00+00:00,23212.0,23398.585269209,22344.729394737136,24452.441143680866,2,2019-08-07 23:00:00+00:00
2019-11-25 01:00:00+00:00,22271.0,22213.006122165454,20769.54378539092,23656.468458939988,3,2019-08-07 23:00:00+00:00
2019-11-25 02:00:00+00:00,21853.0,21682.098266198293,19961.677811774578,23402.518720622007,4,2019-08-07 23:00:00+00:00
2019-11-25 03:00:00+00:00,21876.0,21535.55903979535,19600.317511984835,23470.800567605864,5,2019-08-07 23:00:00+00:00
2019-11-25 04:00:00+00:00,22870.0,21882.37602225171,19773.132766097522,23991.619278405895,6,2019-08-07 23:00:00+00:00
2019-11-25 05:00:00+00:00,26100.0,23411.029408189126,21157.241591695834,25664.817224682418,7,2019-08-07 23:00:00+00:00
2019-11-25 06:00:00+00:00,30761.0,25780.12979127079,23404.27015498177,28155.98942755981,8,2019-08-07 23:00:00+00:00
2019-11-25 07:00:00+00:00,33350.0,27372.154337340566,24892.001304918398,29852.307369762733,9,2019-08-07 23:00:00+00:00
2019-11-25 08:00:00+00:00,34282.0,29207.885558891237,26637.864835895132,31777.906281887343,10,2019-08-07 23:00:00+00:00
2019-11-25 09:00:00+00:00,34538.0,30508.849910420406,27860.885606497097,33156.814214343714,11,2019-08-07 23:00:00+00:00
2019-11-25 10:00:00+00:00,34197.0,30825.379347591144,28109.466888023435,33541.29180715886,12,2019-08-07 23:00:00+00:00
2019-11-25 11:00:00+00:00,34259.0,30771.780300196184,27996.390113333186,33547.17048705918,13,2019-08-07 23:00:00+00:00
2019-11-25 12:00:00+00:00,34174.0,30867.539294511585,28039.911770386836,33695.16681863634,14,2019-08-07 23:00:00+00:00
2019-11-25 13:00:00+00:00,33273.0,30306.987506729412,27433.354938276723,33180.6200751821,15,2019-08-07 23:00:00+00:00
2019-11-25 14:00:00+00:00,32845.0,29465.65112084811,26551.408789571666,32379.893452124554,16,2019-08-07 23:00:00+00:00
2019-11-25 15:00:00+00:00,32701.0,29032.177242279777,26082.01798441217,31982.336500147383,17,2019-08-07 23:00:00+00:00
2019-11-25 16:00:00+00:00,33389.0,29465.5323408817,26483.554198576396,32447.510483187,18,2019-08-07 23:00:00+00:00
2019-11-25 17:00:00+00:00,35147.0,31529.026413120548,28518.820001561893,34539.2328246792,19,2019-08-07 23:00:00+00:00
2019-11-25 18:00:00+00:00,35450.0,32422.043552409676,29386.76384156715,35457.3232632522,20,2019-08-07 23:00:00+00:00
2019-11-25 19:00:00+00:00,35728.0,32922.91802286268,29865.34394032136,35980.492105404,21,2019-08-07 23:00:00+00:00
2019-11-25 20:00:00+00:00,34547.0,32211.402760114186,29133.987134828923,35288.81838539945,22,2019-08-07 23:00:00+00:00
2019-11-25 21:00:00+00:00,31847.0,30299.148520715433,27204.06026543523,33394.23677599564,23,2019-08-07 23:00:00+00:00
2019-11-25 22:00:00+00:00,28803.0,27770.290374286902,24659.45035900861,30881.130389565194,24,2019-08-07 23:00:00+00:00
2019-11-25 23:00:00+00:00,26619.0,26336.446642228257,25760.543408018442,26912.34987643807,1,2019-08-07 23:00:00+00:00
2019-11-26 00:00:00+00:00,24963.0,24588.92157856814,23535.065704096276,25642.777453040006,2,2019-08-07 23:00:00+00:00
2019-11-26 01:00:00+00:00,23930.0,23462.112555235537,22018.650218461004,24905.57489201007,3,2019-08-07 23:00:00+00:00
2019-11-26 02:00:00+00:00,23510.0,22942.493913670256,21222.07345924654,24662.91436809397,4,2019-08-07 23:00:00+00:00
2019-11-26 03:00:00+00:00,23500.0,22852.009161067082,20916.767633256568,24787.250688877597,5,2019-08-07 23:00:00+00:00
2019-11-26 04:00:00+00:00,24158.0,23463.964840434885,21354.721584280698,25573.20809658907,6,2019-08-07 23:00:00+00:00
2019-11-26 05:00:00+00:00,27015.0,25831.417819773545,23577.630003280254,28085.205636266837,7,2019-08-07 23:00:00+00:00
2019-11-26 06:00:00+00:00,31562.0,29389.16153337426,27013.30189708524,31765.02116966328,8,2019-08-07 23:00:00+00:00
2019-11-26 07:00:00+00:00,33628.0,31491.49723658098,29011.344204158813,33971.65026900315,9,2019-08-07 23:00:00+00:00
2019-11-26 08:00:00+00:00,34450.0,32871.964633626434,30301.943910630325,35441.98535662254,10,2019-08-07 23:00:00+00:00
2019-11-26 09:00:00+00:00,34555.0,33572.142712916204,30924.178408992895,36220.107016839516,11,2019-08-07 23:00:00+00:00
2019-11-26 10:00:00+00:00,34389.0,33543.51399007961,30827.601530511904,36259.426449647326,12,2019-08-07 23:00:00+00:00
2019-11-26 11:00:00+00:00,34199.0,33491.924080520286,30716.533893657288,36267.314267383284,13,2019-08-07 23:00:00+00:00
2019-11-26 12:00:00+00:00,34302.0,33431.38204668084,30603.75452255609,36259.00957080559,14,2019-08-07 23:00:00+00:00
2019-11-26 13:00:00+00:00,33341.0,32604.759638150997,29731.12706969831,35478.39220660368,15,2019-08-07 23:00:00+00:00
2019-11-26 14:00:00+00:00,32742.0,31937.185518633567,29022.943187357123,34851.42784991001,16,2019-08-07 23:00:00+00:00
2019-11-26 15:00:00+00:00,32398.0,31605.844542123283,28655.685284255676,34556.00379999089,17,2019-08-07 23:00:00+00:00
2019-11-26 16:00:00+00:00,33252.0,32097.473886219155,29115.495743913852,35079.45202852446,18,2019-08-07 23:00:00+00:00
2019-11-26 17:00:00+00:00,34769.0,33936.84305077282,30926.636639214164,36947.04946233147,19,2019-08-07 23:00:00+00:00
2019-11-26 18:00:00+00:00,35308.0,34488.526947027014,31453.24723618449,37523.806657869536,20,2019-08-07 23:00:00+00:00
2019-11-26 19:00:00+00:00,35403.0,34771.22867514064,31713.654592599323,37828.802757681966,21,2019-08-07 23:00:00+00:00
2019-11-26 20:00:00+00:00,34275.0,33760.197360285296,30682.781735000033,36837.61298557056,22,2019-08-07 23:00:00+00:00
2019-11-26 21:00:00+00:00,31859.0,31391.27090082119,28296.182645540986,34486.3591561014,23,2019-08-07 23:00:00+00:00
2019-11-26 22:00:00+00:00,28793.0,28612.7139835348,25501.873968256506,31723.55399881309,24,2019-08-07 23:00:00+00:00
2019-11-26 23:00:00+00:00,26840.0,26451.6963826079,25875.793148398086,27027.599616817715,1,2019-08-07 23:00:00+00:00
2019-11-27 00:00:00+00:00,25168.0,24659.933237316254,23606.07736284439,25713.78911178812,2,2019-08-07 23:00:00+00:00
2019-11-27 01:00:00+00:00,23863.0,23542.760048343862,22099.29771156933,24986.222385118395,3,2019-08-07 23:00:00+00:00
2019-11-27 02:00:00+00:00,23286.0,23054.530780236502,21334.110325812788,24774.951234660217,4,2019-08-07 23:00:00+00:00
2019-11-27 03:00:00+00:00,23202.0,22984.72901972551,21049.487491914995,24919.970547536024,5,2019-08-07 23:00:00+00:00
2019-11-27 04:00:00+00:00,23830.0,23540.852568621372,21431.609312467182,25650.095824775563,6,2019-08-07 23:00:00+00:00
2019-11-27 05:00:00+00:00,26671.0,25898.52366331136,23644.73584681807,28152.31147980465,7,2019-08-07 23:00:00+00:00
2019-11-27 06:00:00+00:00,30936.0,29569.20924228959,27193.34960600057,31945.06887857861,8,2019-08-07 23:00:00+00:00
2019-11-27 07:00:00+00:00,32951.0,31558.78853871604,29078.63550629387,34038.94157113821,9,2019-08-07 23:00:00+00:00
2019-11-27 08:00:00+00:00,33669.0,32857.238116259745,30287.217393263636,35427.258839255854,10,2019-08-07 23:00:00+00:00
2019-11-27 09:00:00+00:00,33733.0,33460.410196770106,30812.445892846798,36108.37450069342,11,2019-08-07 23:00:00+00:00
2019-11-27 10:00:00+00:00,33580.0,33468.15884793298,30752.24638836527,36184.07130750069,12,2019-08-07 23:00:00+00:00
2019-11-27 11:00:00+00:00,33512.0,33351.792100496794,30576.4019136338,36127.18228735979,13,2019-08-07 23:00:00+00:00
2019-11-27 12:00:00+00:00,33461.0,33367.158736772704,30539.531212647955,36194.786260897454,14,2019-08-07 23:00:00+00:00
2019-11-27 13:00:00+00:00,32597.0,32520.163026463288,29646.5304580106,35393.79559491597,15,2019-08-07 23:00:00+00:00
2019-11-27 14:00:00+00:00,32143.0,31831.038327610404,28916.79599633396,34745.28065888685,16,2019-08-07 23:00:00+00:00
2019-11-27 15:00:00+00:00,31852.0,31460.598588785444,28510.439330917838,34410.75784665305,17,2019-08-07 23:00:00+00:00
2019-11-27 16:00:00+00:00,32462.0,32045.720152937145,29063.742010631842,35027.698295242444,18,2019-08-07 23:00:00+00:00
2019-11-27 17:00:00+00:00,34231.0,33796.49045673217,30786.284045173517,36806.69686829083,19,2019-08-07 23:00:00+00:00
2019-11-27 18:00:00+00:00,34434.0,34410.10468447528,31374.824973632753,37445.3843953178,20,2019-08-07 23:00:00+00:00
2019-11-27 19:00:00+00:00,35012.0,34633.86002281035,31576.285940269034,37691.43410535168,21,2019-08-07 23:00:00+00:00
2019-11-27 20:00:00+00:00,34066.0,33627.821285750746,30550.405660465483,36705.23691103601,22,2019-08-07 23:00:00+00:00
2019-11-27 21:00:00+00:00,31459.0,31326.567756846714,28231.47950156651,34421.65601212692,23,2019-08-07 23:00:00+00:00
2019-11-27 22:00:00+00:00,28528.0,28513.22696950318,25402.386954224887,31624.06698478147,24,2019-08-07 23:00:00+00:00
2019-11-27 23:00:00+00:00,26482.0,26419.30533864769,25843.402104437875,26995.208572857504,1,2019-08-07 23:00:00+00:00
2019-11-28 00:00:00+00:00,24889.0,24741.302304662404,23687.44643019054,25795.15817913427,2,2019-08-07 23:00:00+00:00
2019-11-28 01:00:00+00:00,23707.0,23539.463865107857,22096.001528333323,24982.92620188239,3,2019-08-07 23:00:00+00:00
2019-11-28 02:00:00+00:00,23282.0,23004.428745325717,21284.008290902002,24724.84919974943,4,2019-08-07 23:00:00+00:00
2019-11-28 03:00:00+00:00,23221.0,22916.60115749416,20981.359629683644,24851.842685304673,5,2019-08-07 23:00:00+00:00
2019-11-28 04:00:00+00:00,23930.0,23475.783387885385,21366.5401317312,25585.02664403957,6,2019-08-07 23:00:00+00:00
2019-11-28 05:00:00+00:00,26527.0,25891.39477834719,23637.606961853897,28145.18259484048,7,2019-08-07 23:00:00+00:00
2019-11-28 06:00:00+00:00,30813.0,29571.37997778108,27195.520341492058,31947.2396140701,8,2019-08-07 23:00:00+00:00
2019-11-28 07:00:00+00:00,32763.0,31553.085930943704,29072.932898521536,34033.238963365875,9,2019-08-07 23:00:00+00:00
2019-11-28 08:00:00+00:00,33619.0,32755.102150916005,30185.081427919897,35325.122873912114,10,2019-08-07 23:00:00+00:00
2019-11-28 09:00:00+00:00,33825.0,33281.78263971599,30633.81833579268,35929.7469436393,11,2019-08-07 23:00:00+00:00
2019-11-28 10:00:00+00:00,33748.0,33273.19027968938,30557.277820121668,35989.10273925709,12,2019-08-07 23:00:00+00:00
2019-11-28 11:00:00+00:00,33692.0,33192.308974096835,30416.91878723384,35967.69916095983,13,2019-08-07 23:00:00+00:00
2019-11-28 12:00:00+00:00,33693.0,33163.851214241375,30336.223690116625,35991.478738366124,14,2019-08-07 23:00:00+00:00
2019-11-28 13:00:00+00:00,32695.0,32338.182352554148,29464.54978410146,35211.81492100684,15,2019-08-07 23:00:00+00:00
2019-11-28 14:00:00+00:00,32324.0,31713.27997885704,28799.037647580597,34627.522310133485,16,2019-08-07 23:00:00+00:00
2019-11-28 15:00:00+00:00,32131.0,31365.86341795984,28415.704160092235,34316.022675827444,17,2019-08-07 23:00:00+00:00
2019-11-28 16:00:00+00:00,32748.0,31897.32383811046,28915.345695805157,34879.30198041577,18,2019-08-07 23:00:00+00:00
2019-11-28 17:00:00+00:00,34302.0,33710.14266118792,30699.936249629267,36720.349072746576,19,2019-08-07 23:00:00+00:00
2019-11-28 18:00:00+00:00,34867.0,34193.74766662381,31158.46795578128,37229.02737746633,20,2019-08-07 23:00:00+00:00
2019-11-28 19:00:00+00:00,35134.0,34575.96745905126,31518.39337650994,37633.54154159258,21,2019-08-07 23:00:00+00:00
2019-11-28 20:00:00+00:00,34119.0,33620.69263953197,30543.277014246705,36698.10826481723,22,2019-08-07 23:00:00+00:00
2019-11-28 21:00:00+00:00,31662.0,31236.59649870662,28141.50824342642,34331.684753986825,23,2019-08-07 23:00:00+00:00
2019-11-28 22:00:00+00:00,28751.0,28440.62007453364,25329.780059255347,31551.46008981193,24,2019-08-07 23:00:00+00:00
2019-11-28 23:00:00+00:00,26700.0,26572.476473200055,25996.57323899024,27148.37970740987,1,2019-08-07 23:00:00+00:00
2019-11-29 00:00:00+00:00,24920.0,24859.582742103816,23805.72686763195,25913.43861657568,2,2019-08-07 23:00:00+00:00
2019-11-29 01:00:00+00:00,23936.0,23679.260640155957,22235.798303381423,25122.72297693049,3,2019-08-07 23:00:00+00:00
2019-11-29 02:00:00+00:00,23516.0,23185.19075249939,21464.770298075677,24905.611206923106,4,2019-08-07 23:00:00+00:00
2019-11-29 03:00:00+00:00,23319.0,23098.034150253057,21162.792622442543,25033.275678063572,5,2019-08-07 23:00:00+00:00
2019-11-29 04:00:00+00:00,24086.0,23687.39036731224,21578.147111158054,25796.633623466427,6,2019-08-07 23:00:00+00:00
2019-11-29 05:00:00+00:00,26541.0,26061.163659324127,23807.375842830836,28314.95147581742,7,2019-08-07 23:00:00+00:00
2019-11-29 06:00:00+00:00,30666.0,29815.28369982445,27439.42406353543,32191.14333611347,8,2019-08-07 23:00:00+00:00
2019-11-29 07:00:00+00:00,32638.0,31771.22629602087,29291.073263598704,34251.37932844304,9,2019-08-07 23:00:00+00:00
2019-11-29 08:00:00+00:00,33411.0,32956.082123614084,30386.061400617975,35526.10284661019,10,2019-08-07 23:00:00+00:00
2019-11-29 09:00:00+00:00,33701.0,33470.05134078177,30822.087036858462,36118.01564470508,11,2019-08-07 23:00:00+00:00
2019-11-29 10:00:00+00:00,33515.0,33465.214463528304,30749.302003960594,36181.12692309602,12,2019-08-07 23:00:00+00:00
2019-11-29 11:00:00+00:00,33344.0,33385.05176440154,30609.661577538543,36160.44195126454,13,2019-08-07 23:00:00+00:00
2019-11-29 12:00:00+00:00,32964.0,33367.567031715735,30539.939507590985,36195.194555840484,14,2019-08-07 23:00:00+00:00
2019-11-29 13:00:00+00:00,31949.0,32484.089388332246,29610.456819879557,35357.72195678493,15,2019-08-07 23:00:00+00:00
2019-11-29 14:00:00+00:00,31320.0,31906.133988944977,28991.89165766853,34820.376320221425,16,2019-08-07 23:00:00+00:00
2019-11-29 15:00:00+00:00,30956.0,31596.93798368722,28646.778725819615,34547.097241554824,17,2019-08-07 23:00:00+00:00
2019-11-29 16:00:00+00:00,31570.0,32136.80915988402,29154.831017578716,35118.78730218932,18,2019-08-07 23:00:00+00:00
2019-11-29 17:00:00+00:00,33235.0,33862.84730937114,30852.64089781249,36873.0537209298,19,2019-08-07 23:00:00+00:00
2019-11-29 18:00:00+00:00,33462.0,34438.190614237,31402.910903394473,37473.47032507952,20,2019-08-07 23:00:00+00:00
2019-11-29 19:00:00+00:00,33361.0,34729.483360268336,31671.909277727016,37787.05744280966,21,2019-08-07 23:00:00+00:00
2019-11-29 20:00:00+00:00,32513.0,33747.30444970525,30669.888824419984,36824.72007499051,22,2019-08-07 23:00:00+00:00
2019-11-29 21:00:00+00:00,30502.0,31386.291427717042,28291.20317243684,34481.37968299725,23,2019-08-07 23:00:00+00:00
2019-11-29 22:00:00+00:00,28262.0,28577.718243835476,25466.878228557183,31688.558259113768,24,2019-08-07 23:00:00+00:00
2019-11-29 23:00:00+00:00,26542.0,26423.74671344736,25847.843479237545,26999.649947657173,1,2019-08-07 23:00:00+00:00
2019-11-30 00:00:00+00:00,24688.0,24780.974983068678,23727.119108596813,25834.830857540543,2,2019-08-07 23:00:00+00:00
2019-11-30 01:00:00+00:00,23419.0,23678.26878274989,22234.806445975355,25121.731119524422,3,2019-08-07 23:00:00+00:00
2019-11-30 02:00:00+00:00,22707.0,23199.07628530649,21478.655830882777,24919.496739730206,4,2019-08-07 23:00:00+00:00
2019-11-30 03:00:00+00:00,22179.0,23070.310532274012,21135.069004463498,25005.552060084527,5,2019-08-07 23:00:00+00:00
2019-11-30 04:00:00+00:00,22251.0,23699.519699544646,21590.27644339046,25808.762955698832,6,2019-08-07 23:00:00+00:00
2019-11-30 05:00:00+00:00,22867.0,26053.82777402517,23800.039957531877,28307.61559051846,7,2019-08-07 23:00:00+00:00
2019-11-30 06:00:00+00:00,24310.0,29820.17884131269,27444.31920502367,32196.03847760171,8,2019-08-07 23:00:00+00:00
2019-11-30 07:00:00+00:00,25748.0,31786.63470634132,29306.481673919152,34266.78773876349,9,2019-08-07 23:00:00+00:00
2019-11-30 08:00:00+00:00,27980.0,32903.4327429766,30333.41201998049,35473.45346597271,10,2019-08-07 23:00:00+00:00
2019-11-30 09:00:00+00:00,29246.0,33412.011161351555,30764.046857428246,36059.97546527487,11,2019-08-07 23:00:00+00:00
2019-11-30 10:00:00+00:00,29480.0,33361.63724723586,30645.724787668154,36077.54970680358,12,2019-08-07 23:00:00+00:00
2019-11-30 11:00:00+00:00,29009.0,33245.71525896969,30470.325072106694,36021.10544583269,13,2019-08-07 23:00:00+00:00
2019-11-30 12:00:00+00:00,29097.0,33095.70754830382,30268.08002417907,35923.33507242857,14,2019-08-07 23:00:00+00:00
2019-11-30 13:00:00+00:00,28472.0,32194.118787333697,29320.486218881008,35067.751355786386,15,2019-08-07 23:00:00+00:00
2019-11-30 14:00:00+00:00,27253.0,31551.384862227653,28637.142530951205,34465.6271935041,16,2019-08-07 23:00:00+00:00
2019-11-30 15:00:00+00:00,26549.0,31197.26499676987,28247.105738902264,34147.42425463747,17,2019-08-07 23:00:00+00:00
2019-11-30 16:00:00+00:00,26821.0,31747.767487193567,28765.789344888264,34729.745629498866,18,2019-08-07 23:00:00+00:00
2019-11-30 17:00:00+00:00,28888.0,33494.15449484739,30483.948083288735,36504.360906406044,19,2019-08-07 23:00:00+00:00
2019-11-30 18:00:00+00:00,29307.0,33948.15098987452,30912.871279031995,36983.43070071704,20,2019-08-07 23:00:00+00:00
2019-11-30 19:00:00+00:00,29526.0,34105.43201677708,31047.85793423576,37163.0060993184,21,2019-08-07 23:00:00+00:00
2019-11-30 20:00:00+00:00,29391.0,33180.97734440781,30103.561719122546,36258.39296969307,22,2019-08-07 23:00:00+00:00
2019-11-30 21:00:00+00:00,28047.0,30970.268019895473,27875.17976461527,34065.356275175676,23,2019-08-07 23:00:00+00:00
2019-11-30 22:00:00+00:00,26172.0,28392.233276818,25281.393261539706,31503.07329209629,24,2019-08-07 23:00:00+00:00
2019-11-30 23:00:00+00:00,24270.0,24511.280609354424,23935.37737514461,25087.18384356424,1,2019-08-07 23:00:00+00:00
2019-12-01 00:00:00+00:00,22541.0,22900.45368535431,21846.597810882446,23954.309559826175,2,2019-08-07 23:00:00+00:00
2019-12-01 01:00:00+00:00,21482.0,21806.047208943564,20362.58487216903,23249.509545718098,3,2019-08-07 23:00:00+00:00
2019-12-01 02:00:00+00:00,20881.0,21320.404640187844,19599.98418576413,23040.82509461156,4,2019-08-07 23:00:00+00:00
2019-12-01 03:00:00+00:00,20583.0,21150.260218140098,19215.018690329583,23085.501745950613,5,2019-08-07 23:00:00+00:00
2019-12-01 04:00:00+00:00,20562.0,21628.092896774106,19518.84964061992,23737.336152928292,6,2019-08-07 23:00:00+00:00
2019-12-01 05:00:00+00:00,21080.0,23409.51868927791,21155.730872784618,25663.3065057712,7,2019-08-07 23:00:00+00:00
2019-12-01 06:00:00+00:00,21709.0,26327.280861720395,23951.421225431375,28703.140498009416,8,2019-08-07 23:00:00+00:00
2019-12-01 07:00:00+00:00,22363.0,28171.38450522863,25691.231472806463,30651.5375376508,9,2019-08-07 23:00:00+00:00
2019-12-01 08:00:00+00:00,24466.0,29836.861825740772,27266.841102744664,32406.88254873688,10,2019-08-07 23:00:00+00:00
2019-12-01 09:00:00+00:00,26469.0,30732.178911650804,28084.214607727496,33380.14321557411,11,2019-08-07 23:00:00+00:00
2019-12-01 10:00:00+00:00,27300.0,30875.163829622372,28159.251370054662,33591.07628919008,12,2019-08-07 23:00:00+00:00
2019-12-01 11:00:00+00:00,27347.0,30699.964828902368,27924.57464203937,33475.355015765366,13,2019-08-07 23:00:00+00:00
2019-12-01 12:00:00+00:00,27783.0,30742.654218438078,27915.02669431333,33570.28174256283,14,2019-08-07 23:00:00+00:00
2019-12-01 13:00:00+00:00,27715.0,30017.45471953664,27143.82215108395,32891.08728798933,15,2019-08-07 23:00:00+00:00
2019-12-01 14:00:00+00:00,26477.0,29211.055539624223,26296.813208347776,32125.29787090067,16,2019-08-07 23:00:00+00:00
2019-12-01 15:00:00+00:00,25808.0,28777.919759807657,25827.760501940054,31728.07901767526,17,2019-08-07 23:00:00+00:00
2019-12-01 16:00:00+00:00,26491.0,29255.505141938567,26273.526999633264,32237.48328424387,18,2019-08-07 23:00:00+00:00
2019-12-01 17:00:00+00:00,28395.0,31176.779347055854,28166.5729354972,34186.98575861451,19,2019-08-07 23:00:00+00:00
2019-12-01 18:00:00+00:00,29313.0,31709.524933097917,28674.245222255395,34744.80464394044,20,2019-08-07 23:00:00+00:00
2019-12-01 19:00:00+00:00,30303.0,31985.7509198906,28928.17683734928,35043.32500243192,21,2019-08-07 23:00:00+00:00
2019-12-01 20:00:00+00:00,30005.0,31362.039283525246,28284.623658239983,34439.454908810505,22,2019-08-07 23:00:00+00:00
2019-12-01 21:00:00+00:00,28652.0,29449.141630108374,26354.05337482817,32544.229885388577,23,2019-08-07 23:00:00+00:00
2019-12-01 22:00:00+00:00,26431.0,27075.673191456564,23964.833176178272,30186.513206734857,24,2019-08-07 23:00:00+00:00
2019-12-01 23:00:00+00:00,24121.0,24529.798725293887,23953.895491084073,25105.7019595037,1,2019-08-07 23:00:00+00:00
2019-12-02 00:00:00+00:00,22667.0,22825.556705472343,21771.70083100048,23879.412579944208,2,2019-08-07 23:00:00+00:00
2019-12-02 01:00:00+00:00,21655.0,21758.168567122535,20314.706230348,23201.63090389707,3,2019-08-07 23:00:00+00:00
2019-12-02 02:00:00+00:00,21423.0,21259.942807699674,19539.52235327596,22980.36326212339,4,2019-08-07 23:00:00+00:00
2019-12-02 03:00:00+00:00,21426.0,21104.92339038459,19169.681862574074,23040.164918195103,5,2019-08-07 23:00:00+00:00
2019-12-02 04:00:00+00:00,22388.0,21476.619547210772,19367.376291056586,23585.86280336496,6,2019-08-07 23:00:00+00:00
2019-12-02 05:00:00+00:00,25471.0,23055.910814353432,20802.12299786014,25309.698630846724,7,2019-08-07 23:00:00+00:00
2019-12-02 06:00:00+00:00,30090.0,25475.642437204653,23099.782800915633,27851.502073493673,8,2019-08-07 23:00:00+00:00
2019-12-02 07:00:00+00:00,32708.0,26967.715593337434,24487.562560915267,29447.868625759602,9,2019-08-07 23:00:00+00:00
2019-12-02 08:00:00+00:00,33862.0,28640.401052236797,26070.38032924069,31210.421775232906,10,2019-08-07 23:00:00+00:00
2019-12-02 09:00:00+00:00,34231.0,29831.51392329114,27183.54961936783,32479.478227214448,11,2019-08-07 23:00:00+00:00
2019-12-02 10:00:00+00:00,34163.0,30185.588711493103,27469.676251925393,32901.501171060816,12,2019-08-07 23:00:00+00:00
2019-12-02 11:00:00+00:00,34021.0,30145.270603691242,27369.880416828244,32920.66079055424,13,2019-08-07 23:00:00+00:00
2019-12-02 12:00:00+00:00,33947.0,30305.152797530394,27477.525273405645,33132.78032165515,14,2019-08-07 23:00:00+00:00
2019-12-02 13:00:00+00:00,33117.0,29780.13817626332,26906.50560781063,32653.77074471601,15,2019-08-07 23:00:00+00:00
2019-12-02 14:00:00+00:00,32737.0,28902.576819663744,25988.3344883873,31816.819150940188,16,2019-08-07 23:00:00+00:00
2019-12-02 15:00:00+00:00,32576.0,28436.20896216915,25486.049704301546,31386.36822003675,17,2019-08-07 23:00:00+00:00
2019-12-02 16:00:00+00:00,33232.0,29024.95868674715,26042.98054444185,32006.936829052454,18,2019-08-07 23:00:00+00:00
2019-12-02 17:00:00+00:00,34775.0,30895.135320867983,27884.92890930933,33905.341732426634,19,2019-08-07 23:00:00+00:00
2019-12-02 18:00:00+00:00,35119.0,31583.468058105864,28548.18834726334,34618.747768948386,20,2019-08-07 23:00:00+00:00
2019-12-02 19:00:00+00:00,35366.0,32120.984157603656,29063.410075062337,35178.55824014498,21,2019-08-07 23:00:00+00:00
2019-12-02 20:00:00+00:00,34416.0,31490.84037192419,28413.424746638928,34568.25599720945,22,2019-08-07 23:00:00+00:00
2019-12-02 21:00:00+00:00,31361.0,29637.582815751808,26542.494560471605,32732.67107103201,23,2019-08-07 23:00:00+00:00
2019-12-02 22:00:00+00:00,28286.0,27193.86059614471,24083.020580866418,30304.700611423003,24,2019-08-07 23:00:00+00:00
2019-12-02 23:00:00+00:00,26100.0,25881.08967388151,25305.186439671696,26456.992908091324,1,2019-08-07 23:00:00+00:00
2019-12-03 00:00:00+00:00,24354.0,24232.735605521117,23178.879731049252,25286.59147999298,2,2019-08-07 23:00:00+00:00
2019-12-03 01:00:00+00:00,23176.0,23109.084356758594,21665.62201998406,24552.546693533128,3,2019-08-07 23:00:00+00:00
2019-12-03 02:00:00+00:00,22785.0,22660.144594456797,20939.724140033082,24380.56504888051,4,2019-08-07 23:00:00+00:00
2019-12-03 03:00:00+00:00,22859.0,22528.61830988636,20593.376782075844,24463.859837696873,5,2019-08-07 23:00:00+00:00
2019-12-03 04:00:00+00:00,23583.0,23141.940847263537,21032.697591109347,25251.184103417727,6,2019-08-07 23:00:00+00:00
2019-12-03 05:00:00+00:00,26317.0,25452.72142401825,23198.93360752496,27706.509240511543,7,2019-08-07 23:00:00+00:00
2019-12-03 06:00:00+00:00,30840.0,29029.379067280548,26653.519430991528,31405.23870356957,8,2019-08-07 23:00:00+00:00
2019-12-03 07:00:00+00:00,33312.0,31070.510866719877,28590.35783429771,33550.66389914205,9,2019-08-07 23:00:00+00:00
2019-12-03 08:00:00+00:00,34487.0,32404.04394088329,29834.02321788718,34974.0646638794,10,2019-08-07 23:00:00+00:00
2019-12-03 09:00:00+00:00,34905.0,33059.64188707398,30411.67758315067,35707.60619099729,11,2019-08-07 23:00:00+00:00
2019-12-03 10:00:00+00:00,34822.0,33103.74029907289,30387.82783950518,35819.6527586406,12,2019-08-07 23:00:00+00:00
2019-12-03 11:00:00+00:00,34707.0,32962.973418854235,30187.583231991237,35738.36360571723,13,2019-08-07 23:00:00+00:00
2019-12-03 12:00:00+00:00,34796.0,32932.676023408814,30105.048499284065,35760.303547533564,14,2019-08-07 23:00:00+00:00
2019-12-03 13:00:00+00:00,33977.0,32151.51427805334,29277.88170960065,35025.146846506024,15,2019-08-07 23:00:00+00:00
2019-12-03 14:00:00+00:00,33424.0,31501.36406430595,28587.121733029504,34415.6063955824,16,2019-08-07 23:00:00+00:00
2019-12-03 15:00:00+00:00,33385.0,31157.97967128655,28207.820413418947,34108.138929154156,17,2019-08-07 23:00:00+00:00
2019-12-03 16:00:00+00:00,33990.0,31715.935555297656,28733.957412992353,34697.913697602955,18,2019-08-07 23:00:00+00:00
2019-12-03 17:00:00+00:00,35374.0,33429.06157889065,30418.855167331996,36439.267990449305,19,2019-08-07 23:00:00+00:00
2019-12-03 18:00:00+00:00,35850.0,33909.79021711206,30874.510506269537,36945.06992795458,20,2019-08-07 23:00:00+00:00
2019-12-03 19:00:00+00:00,36129.0,34208.310497559076,31150.736415017756,37265.8845801004,21,2019-08-07 23:00:00+00:00
2019-12-03 20:00:00+00:00,35286.0,33358.36418172074,30280.948556435476,36435.779807006,22,2019-08-07 23:00:00+00:00
2019-12-03 21:00:00+00:00,32458.0,30929.230782522707,27834.142527242504,34024.31903780291,23,2019-08-07 23:00:00+00:00
2019-12-03 22:00:00+00:00,29174.0,28181.881112177845,25071.041096899553,31292.721127456138,24,2019-08-07 23:00:00+00:00
2019-12-03 23:00:00+00:00,26951.0,26746.626763651795,26170.72352944198,27322.52999786161,1,2019-08-07 23:00:00+00:00
2019-12-04 00:00:00+00:00,25115.0,24912.827392320763,23858.9715178489,25966.68326679263,2,2019-08-07 23:00:00+00:00
2019-12-04 01:00:00+00:00,23804.0,23727.45223970515,22283.989902930618,25170.914576479685,3,2019-08-07 23:00:00+00:00
2019-12-04 02:00:00+00:00,23298.0,23234.657807686417,21514.237353262703,24955.07826211013,4,2019-08-07 23:00:00+00:00
2019-12-04 03:00:00+00:00,23118.0,23132.613705552387,21197.372177741872,25067.8552333629,5,2019-08-07 23:00:00+00:00
2019-12-04 04:00:00+00:00,23853.0,23691.582401276624,21582.339145122438,25800.82565743081,6,2019-08-07 23:00:00+00:00
2019-12-04 05:00:00+00:00,26734.0,25961.810841030812,23708.02302453752,28215.598657524104,7,2019-08-07 23:00:00+00:00
2019-12-04 06:00:00+00:00,31212.0,29623.667519561197,27247.807883272177,31999.527155850217,8,2019-08-07 23:00:00+00:00
2019-12-04 07:00:00+00:00,33728.0,31674.128563338567,29193.9755309164,34154.28159576074,9,2019-08-07 23:00:00+00:00
2019-12-04 08:00:00+00:00,34993.0,32982.810948641854,30412.790225645746,35552.83167163796,10,2019-08-07 23:00:00+00:00
2019-12-04 09:00:00+00:00,35472.0,33610.74154758053,30962.777243657223,36258.705851503844,11,2019-08-07 23:00:00+00:00
2019-12-04 10:00:00+00:00,35443.0,33626.50098526664,30910.58852569893,36342.413444834354,12,2019-08-07 23:00:00+00:00
2019-12-04 11:00:00+00:00,35384.0,33486.92805051354,30711.53786365054,36262.31823737654,13,2019-08-07 23:00:00+00:00
2019-12-04 12:00:00+00:00,35466.0,33501.97677676981,30674.349252645057,36329.604300894556,14,2019-08-07 23:00:00+00:00
2019-12-04 13:00:00+00:00,34436.0,32711.135275083478,29837.50270663079,35584.76784353617,15,2019-08-07 23:00:00+00:00
2019-12-04 14:00:00+00:00,34025.0,32025.405949234704,29111.163617958257,34939.64828051115,16,2019-08-07 23:00:00+00:00
2019-12-04 15:00:00+00:00,33931.0,31742.169442820843,28792.01018495324,34692.32870068845,17,2019-08-07 23:00:00+00:00
2019-12-04 16:00:00+00:00,34470.0,32287.668894254915,29305.690751949613,35269.647036560214,18,2019-08-07 23:00:00+00:00
2019-12-04 17:00:00+00:00,35676.0,33916.075275425435,30905.86886386678,36926.28168698409,19,2019-08-07 23:00:00+00:00
2019-12-04 18:00:00+00:00,35870.0,34421.52095761474,31386.241246772217,37456.80066845726,20,2019-08-07 23:00:00+00:00
2019-12-04 19:00:00+00:00,36278.0,34719.70345043217,31662.12936789085,37777.277532973494,21,2019-08-07 23:00:00+00:00
2019-12-04 20:00:00+00:00,35241.0,33890.65740418308,30813.24177889782,36968.073029468345,22,2019-08-07 23:00:00+00:00
2019-12-04 21:00:00+00:00,32381.0,31459.959621246453,28364.87136596625,34555.04787652666,23,2019-08-07 23:00:00+00:00
2019-12-04 22:00:00+00:00,29150.0,28591.53573292162,25480.695717643328,31702.375748199913,24,2019-08-07 23:00:00+00:00
2019-12-04 23:00:00+00:00,27004.0,26847.121432247197,26271.218198037383,27423.02466645701,1,2019-08-07 23:00:00+00:00
2019-12-05 00:00:00+00:00,24990.0,25039.82677782353,23985.970903351666,26093.682652295396,2,2019-08-07 23:00:00+00:00
2019-12-05 01:00:00+00:00,23891.0,23811.91799413989,22368.455657365357,25255.380330914424,3,2019-08-07 23:00:00+00:00
2019-12-05 02:00:00+00:00,23365.0,23294.06231148238,21573.641857058665,25014.482765906094,4,2019-08-07 23:00:00+00:00
2019-12-05 03:00:00+00:00,23393.0,23125.956788094976,21190.71526028446,25061.19831590549,5,2019-08-07 23:00:00+00:00
2019-12-05 04:00:00+00:00,24099.0,23712.84675026879,21603.6034941146,25822.09000642298,6,2019-08-07 23:00:00+00:00
2019-12-05 05:00:00+00:00,26929.0,26097.36006794104,23843.57225144775,28351.147884434333,7,2019-08-07 23:00:00+00:00
2019-12-05 06:00:00+00:00,31446.0,29853.99260078718,27478.13296449816,32229.8522370762,8,2019-08-07 23:00:00+00:00
2019-12-05 07:00:00+00:00,33756.0,31975.98118728475,29495.828154862582,34456.13421970692,9,2019-08-07 23:00:00+00:00
2019-12-05 08:00:00+00:00,34859.0,33302.93379705142,30732.91307405531,35872.954520047526,10,2019-08-07 23:00:00+00:00
2019-12-05 09:00:00+00:00,35388.0,33928.96830059072,31281.003996667412,36576.93260451403,11,2019-08-07 23:00:00+00:00
2019-12-05 10:00:00+00:00,35118.0,33954.131565666474,31238.219106098764,36670.04402523419,12,2019-08-07 23:00:00+00:00
2019-12-05 11:00:00+00:00,34885.0,33840.04099597124,31064.650809108243,36615.43118283424,13,2019-08-07 23:00:00+00:00
2019-12-05 12:00:00+00:00,34646.0,33863.9376256933,31036.310101568553,36691.56514981805,14,2019-08-07 23:00:00+00:00
2019-12-05 13:00:00+00:00,33680.0,32995.461042009425,30121.828473556736,35869.093610462114,15,2019-08-07 23:00:00+00:00
2019-12-05 14:00:00+00:00,33229.0,32379.464135805843,29465.2218045294,35293.70646708229,16,2019-08-07 23:00:00+00:00
2019-12-05 15:00:00+00:00,33229.0,32108.827665044333,29158.66840717673,35058.986922911936,17,2019-08-07 23:00:00+00:00
2019-12-05 16:00:00+00:00,33650.0,32639.676752609994,29657.69861030469,35621.65489491529,18,2019-08-07 23:00:00+00:00
2019-12-05 17:00:00+00:00,34942.0,34174.811660948486,31164.60524938983,37185.01807250714,19,2019-08-07 23:00:00+00:00
2019-12-05 18:00:00+00:00,34939.0,34576.386930216606,31541.107219374084,37611.66664105913,20,2019-08-07 23:00:00+00:00
2019-12-05 19:00:00+00:00,34871.0,34920.09640638299,31862.52232384167,37977.67048892431,21,2019-08-07 23:00:00+00:00
2019-12-05 20:00:00+00:00,34162.0,34020.69756946144,30943.281944176175,37098.1131947467,22,2019-08-07 23:00:00+00:00
2019-12-05 21:00:00+00:00,31901.0,31529.864171038316,28434.775915758113,34624.95242631852,23,2019-08-07 23:00:00+00:00
2019-12-05 22:00:00+00:00,29293.0,28629.5901413383,25518.750126060007,31740.430156616592,24,2019-08-07 23:00:00+00:00
2019-12-05 23:00:00+00:00,27557.0,27245.723505688722,26669.820271478908,27821.626739898536,1,2019-08-07 23:00:00+00:00
2019-12-06 00:00:00+00:00,25517.0,25416.219571772333,24362.36369730047,26470.0754462442,2,2019-08-07 23:00:00+00:00
2019-12-06 01:00:00+00:00,24005.0,24233.076312388563,22789.61397561403,25676.538649163096,3,2019-08-07 23:00:00+00:00
2019-12-06 02:00:00+00:00,23270.0,23688.396236731918,21967.975782308204,25408.816691155633,4,2019-08-07 23:00:00+00:00
2019-12-06 03:00:00+00:00,22862.0,23573.80276691276,21638.561239102244,25509.044294723273,5,2019-08-07 23:00:00+00:00
2019-12-06 04:00:00+00:00,22808.0,24149.904179248264,22040.660923094074,26259.147435402454,6,2019-08-07 23:00:00+00:00
2019-12-06 05:00:00+00:00,23251.0,26560.43777647135,24306.649959978058,28814.22559296464,7,2019-08-07 23:00:00+00:00
2019-12-06 06:00:00+00:00,24364.0,30404.725713735246,28028.866077446226,32780.58535002427,8,2019-08-07 23:00:00+00:00
2019-12-06 07:00:00+00:00,25204.0,32485.845217862963,30005.692185440796,34965.998250285134,9,2019-08-07 23:00:00+00:00
2019-12-06 08:00:00+00:00,27193.0,33731.413165768616,31161.392442772507,36301.433888764725,10,2019-08-07 23:00:00+00:00
2019-12-06 09:00:00+00:00,28979.0,34342.63190154938,31694.66759762607,36990.59620547269,11,2019-08-07 23:00:00+00:00
2019-12-06 10:00:00+00:00,29591.0,34260.48271132746,31544.57025175975,36976.39517089517,12,2019-08-07 23:00:00+00:00
2019-12-06 11:00:00+00:00,29318.0,34077.67823985031,31302.288052987315,36853.06842671331,13,2019-08-07 23:00:00+00:00
2019-12-06 12:00:00+00:00,29455.0,33980.92504194476,31153.297517820014,36808.55256606951,14,2019-08-07 23:00:00+00:00
2019-12-06 13:00:00+00:00,29105.0,33103.695050187365,30230.062481734676,35977.327618640054,15,2019-08-07 23:00:00+00:00
2019-12-06 14:00:00+00:00,27714.0,32488.07208309736,29573.829751820915,35402.3144143738,16,2019-08-07 23:00:00+00:00
2019-12-06 15:00:00+00:00,27156.0,32263.147790338673,29312.98853247107,35213.307048206276,17,2019-08-07 23:00:00+00:00
2019-12-06 16:00:00+00:00,27520.0,32742.673380688197,29760.695238382894,35724.6515229935,18,2019-08-07 23:00:00+00:00
2019-12-06 17:00:00+00:00,29406.0,34258.222377005724,31248.01596544707,37268.42878856438,19,2019-08-07 23:00:00+00:00
2019-12-06 18:00:00+00:00,30066.0,34553.928157621915,31518.648446779393,37589.20786846444,20,2019-08-07 23:00:00+00:00
2019-12-06 19:00:00+00:00,30486.0,34725.76816693625,31668.19408439493,37783.34224947757,21,2019-08-07 23:00:00+00:00
2019-12-06 20:00:00+00:00,30470.0,33919.48872346589,30842.073098180626,36996.90434875115,22,2019-08-07 23:00:00+00:00
2019-12-06 21:00:00+00:00,29590.0,31590.837663903723,28495.74940862352,34685.92591918393,23,2019-08-07 23:00:00+00:00
2019-12-06 22:00:00+00:00,27729.0,28866.622315053377,25755.782299775085,31977.46233033167,24,2019-08-07 23:00:00+00:00
2019-12-06 23:00:00+00:00,25704.0,26076.647266811182,25500.744032601368,26652.550501020996,1,2019-08-07 23:00:00+00:00
2019-12-07 00:00:00+00:00,23712.0,24264.536991349974,23210.68111687811,25318.39286582184,2,2019-08-07 23:00:00+00:00
2019-12-07 01:00:00+00:00,22349.0,23011.185592933787,21567.723256159254,24454.64792970832,3,2019-08-07 23:00:00+00:00
2019-12-07 02:00:00+00:00,21606.0,22458.319783559265,20737.89932913555,24178.74023798298,4,2019-08-07 23:00:00+00:00
2019-12-07 03:00:00+00:00,21303.0,22265.79477385894,20330.553246048425,24201.036301669454,5,2019-08-07 23:00:00+00:00
2019-12-07 04:00:00+00:00,21504.0,22642.275832614436,20533.032576460246,24751.519088768626,6,2019-08-07 23:00:00+00:00
2019-12-07 05:00:00+00:00,22429.0,24299.810767146297,22046.022950653005,26553.59858363959,7,2019-08-07 23:00:00+00:00
2019-12-07 06:00:00+00:00,23747.0,27053.26792709303,24677.40829080401,29429.12756338205,8,2019-08-07 23:00:00+00:00
2019-12-07 07:00:00+00:00,25118.0,28682.38389661998,26202.230864197812,31162.536929042148,9,2019-08-07 23:00:00+00:00
2019-12-07 08:00:00+00:00,27552.0,30276.1653594228,27706.144636426696,32846.186082418906,10,2019-08-07 23:00:00+00:00
2019-12-07 09:00:00+00:00,29270.0,31374.45077972915,28726.486475805843,34022.415083652464,11,2019-08-07 23:00:00+00:00
2019-12-07 10:00:00+00:00,29351.0,31628.54265364509,28912.63019407738,34344.4551132128,12,2019-08-07 23:00:00+00:00
2019-12-07 11:00:00+00:00,28926.0,31464.593839591504,28689.203652728505,34239.9840264545,13,2019-08-07 23:00:00+00:00
2019-12-07 12:00:00+00:00,28948.0,31523.021477962164,28695.393953837414,34350.64900208692,14,2019-08-07 23:00:00+00:00
2019-12-07 13:00:00+00:00,28609.0,30892.219989384805,28018.587420932115,33765.85255783749,15,2019-08-07 23:00:00+00:00
2019-12-07 14:00:00+00:00,27667.0,29991.91325166948,27077.670920393037,32906.155582945925,16,2019-08-07 23:00:00+00:00
2019-12-07 15:00:00+00:00,26956.0,29625.816382656394,26675.65712478879,32575.975640523997,17,2019-08-07 23:00:00+00:00
2019-12-07 16:00:00+00:00,27395.0,30107.5318168026,27125.553674497296,33089.509959107905,18,2019-08-07 23:00:00+00:00
2019-12-07 17:00:00+00:00,29514.0,31837.67319499475,28827.466783436095,34847.879606553404,19,2019-08-07 23:00:00+00:00
2019-12-07 18:00:00+00:00,29998.0,32361.895756340138,29326.616045497616,35397.175467182664,20,2019-08-07 23:00:00+00:00
2019-12-07 19:00:00+00:00,30597.0,32705.10563573134,29647.53155319002,35762.67971827266,21,2019-08-07 23:00:00+00:00
2019-12-07 20:00:00+00:00,30349.0,32185.066796236413,29107.65117095115,35262.48242152167,22,2019-08-07 23:00:00+00:00
2019-12-07 21:00:00+00:00,29154.0,30385.711690176013,27290.62343489581,33480.799945456216,23,2019-08-07 23:00:00+00:00
2019-12-07 22:00:00+00:00,27326.0,27967.07441437529,24856.234399096997,31077.91442965358,24,2019-08-07 23:00:00+00:00
2019-12-07 23:00:00+00:00,25309.0,25577.14798644133,25001.244752231516,26153.051220651145,1,2019-08-07 23:00:00+00:00
2019-12-08 00:00:00+00:00,23356.0,23812.00550479919,22758.149630327323,24865.861379271053,2,2019-08-07 23:00:00+00:00
2019-12-08 01:00:00+00:00,21931.0,22578.340640326092,21134.87830355156,24021.802977100626,3,2019-08-07 23:00:00+00:00
2019-12-08 02:00:00+00:00,21144.0,21997.36779079414,20276.947336370424,23717.788245217853,4,2019-08-07 23:00:00+00:00
2019-12-08 03:00:00+00:00,20661.0,21813.40595114938,19878.164423338865,23748.647478959894,5,2019-08-07 23:00:00+00:00
2019-12-08 04:00:00+00:00,20677.0,22225.6640466159,20116.420790461714,24334.907302770087,6,2019-08-07 23:00:00+00:00
2019-12-08 05:00:00+00:00,21120.0,23902.51465883276,21648.726842339467,26156.30247532605,7,2019-08-07 23:00:00+00:00
2019-12-08 06:00:00+00:00,21875.0,26522.054838041717,24146.195201752696,28897.914474330737,8,2019-08-07 23:00:00+00:00
2019-12-08 07:00:00+00:00,22628.0,28241.765403220998,25761.61237079883,30721.918435643165,9,2019-08-07 23:00:00+00:00
2019-12-08 08:00:00+00:00,24608.0,30043.89809597242,27473.877372976312,32613.91881896853,10,2019-08-07 23:00:00+00:00
2019-12-08 09:00:00+00:00,26660.0,31202.376460764743,28554.412156841434,33850.34076468805,11,2019-08-07 23:00:00+00:00
2019-12-08 10:00:00+00:00,27515.0,31308.409016669793,28592.496557102084,34024.32147623751,12,2019-08-07 23:00:00+00:00
2019-12-08 11:00:00+00:00,27481.0,31074.517059750793,28299.126872887795,33849.90724661379,13,2019-08-07 23:00:00+00:00
2019-12-08 12:00:00+00:00,27621.0,31099.971717454144,28272.344193329394,33927.59924157889,14,2019-08-07 23:00:00+00:00
2019-12-08 13:00:00+00:00,27517.0,30507.08635602228,27633.45378756959,33380.71892447497,15,2019-08-07 23:00:00+00:00
2019-12-08 14:00:00+00:00,26451.0,29705.844416288783,26791.60208501234,32620.086747565227,16,2019-08-07 23:00:00+00:00
2019-12-08 15:00:00+00:00,25931.0,29259.32894756165,26309.16968969405,32209.488205429254,17,2019-08-07 23:00:00+00:00
2019-12-08 16:00:00+00:00,26438.0,29752.207774675455,26770.229632370152,32734.185916980758,18,2019-08-07 23:00:00+00:00
2019-12-08 17:00:00+00:00,28296.0,31584.88094516866,28574.674533610007,34595.087356727316,19,2019-08-07 23:00:00+00:00
2019-12-08 18:00:00+00:00,29316.0,32061.702019566732,29026.42230872421,35096.98173040926,20,2019-08-07 23:00:00+00:00
2019-12-08 19:00:00+00:00,30293.0,32478.156505972373,29420.582423431053,35535.730588513696,21,2019-08-07 23:00:00+00:00
2019-12-08 20:00:00+00:00,30189.0,31936.85497063919,28859.439345353927,35014.27059592445,22,2019-08-07 23:00:00+00:00
2019-12-08 21:00:00+00:00,29145.0,30138.492308141605,27043.404052861402,33233.58056342181,23,2019-08-07 23:00:00+00:00
2019-12-08 22:00:00+00:00,26708.0,27800.960218376666,24690.120203098373,30911.800233654958,24,2019-08-07 23:00:00+00:00
2019-12-08 23:00:00+00:00,24530.0,24577.575387069126,24001.67215285931,25153.47862127894,1,2019-08-07 23:00:00+00:00
2019-12-09 00:00:00+00:00,22726.0,22650.35853983166,21596.502665359796,23704.214414303526,2,2019-08-07 23:00:00+00:00
2019-12-09 01:00:00+00:00,21753.0,21429.309699183512,19985.84736240898,22872.772035958045,3,2019-08-07 23:00:00+00:00
2019-12-09 02:00:00+00:00,21133.0,20863.551072791193,19143.13061836748,22583.971527214908,4,2019-08-07 23:00:00+00:00
2019-12-09 03:00:00+00:00,21018.0,20648.465881443015,18713.2243536325,22583.70740925353,5,2019-08-07 23:00:00+00:00
2019-12-09 04:00:00+00:00,21775.0,21013.622761510647,18904.37950535646,23122.866017664834,6,2019-08-07 23:00:00+00:00
2019-12-09 05:00:00+00:00,24178.0,22465.965619571984,20212.17780307869,24719.753436065275,7,2019-08-07 23:00:00+00:00
2019-12-09 06:00:00+00:00,27269.0,24760.46134537008,22384.60170908106,27136.3209816591,8,2019-08-07 23:00:00+00:00
2019-12-09 07:00:00+00:00,28966.0,26252.699275862746,23772.546243440578,28732.852308284913,9,2019-08-07 23:00:00+00:00
2019-12-09 08:00:00+00:00,30760.0,28007.49419378975,25437.473470793644,30577.514916785854,10,2019-08-07 23:00:00+00:00
2019-12-09 09:00:00+00:00,31716.0,29391.696689358403,26743.732385435094,32039.660993281712,11,2019-08-07 23:00:00+00:00
2019-12-09 10:00:00+00:00,32072.0,29806.84957560221,27090.9371160345,32522.76203516992,12,2019-08-07 23:00:00+00:00
2019-12-09 11:00:00+00:00,31947.0,29721.366071851204,26945.975884988206,32496.756258714202,13,2019-08-07 23:00:00+00:00
2019-12-09 12:00:00+00:00,32064.0,29818.67638730548,26991.04886318073,32646.30391143023,14,2019-08-07 23:00:00+00:00
2019-12-09 13:00:00+00:00,31536.0,29370.548587613735,26496.916019161046,32244.181156066425,15,2019-08-07 23:00:00+00:00
2019-12-09 14:00:00+00:00,30799.0,28533.58243280324,25619.340101526795,31447.824764079684,16,2019-08-07 23:00:00+00:00
2019-12-09 15:00:00+00:00,30287.0,28147.965046730453,25197.80578886285,31098.124304598055,17,2019-08-07 23:00:00+00:00
2019-12-09 16:00:00+00:00,30818.0,28682.48418223171,25700.506039926408,31664.462324537013,18,2019-08-07 23:00:00+00:00
2019-12-09 17:00:00+00:00,32678.0,30479.60535548796,27469.398943929307,33489.811767046616,19,2019-08-07 23:00:00+00:00
2019-12-09 18:00:00+00:00,33450.0,31171.991426749206,28136.711715906684,34207.27113759173,20,2019-08-07 23:00:00+00:00
2019-12-09 19:00:00+00:00,34033.0,31767.914284020015,28710.340201478695,34825.48836656134,21,2019-08-07 23:00:00+00:00
2019-12-09 20:00:00+00:00,33539.0,31334.53253520484,28257.116909919576,34411.9481604901,22,2019-08-07 23:00:00+00:00
2019-12-09 21:00:00+00:00,31179.0,29684.51176910699,26589.423513826787,32779.6000243872,23,2019-08-07 23:00:00+00:00
2019-12-09 22:00:00+00:00,28220.0,27208.550311165276,24097.710295886984,30319.39032644357,24,2019-08-07 23:00:00+00:00
2019-12-09 23:00:00+00:00,26047.0,25897.167811488012,25321.264577278198,26473.071045697827,1,2019-08-07 23:00:00+00:00
2019-12-10 00:00:00+00:00,24205.0,24037.35593282162,22983.500058349757,25091.211807293486,2,2019-08-07 23:00:00+00:00
2019-12-10 01:00:00+00:00,23077.0,22873.518424123562,21430.05608734903,24316.980760898095,3,2019-08-07 23:00:00+00:00
2019-12-10 02:00:00+00:00,22578.0,22262.836137886567,20542.415683462852,23983.25659231028,4,2019-08-07 23:00:00+00:00
2019-12-10 03:00:00+00:00,22581.0,22073.545563430158,20138.304035619643,24008.787091240672,5,2019-08-07 23:00:00+00:00
2019-12-10 04:00:00+00:00,23352.0,22592.695393454433,20483.452137300243,24701.938649608623,6,2019-08-07 23:00:00+00:00
2019-12-10 05:00:00+00:00,26215.0,24559.379027243194,22305.591210749903,26813.166843736486,7,2019-08-07 23:00:00+00:00
2019-12-10 06:00:00+00:00,31060.0,27440.73859199722,25064.8789557082,29816.59822828624,8,2019-08-07 23:00:00+00:00
2019-12-10 07:00:00+00:00,33826.0,29121.715373255745,26641.562340833578,31601.868405677913,9,2019-08-07 23:00:00+00:00
2019-12-10 08:00:00+00:00,34963.0,30782.02338567703,28212.00266268092,33352.04410867314,10,2019-08-07 23:00:00+00:00
2019-12-10 09:00:00+00:00,35173.0,31802.161078360645,29154.196774437336,34450.12538228396,11,2019-08-07 23:00:00+00:00
2019-12-10 10:00:00+00:00,34821.0,32042.700815744844,29326.788356177134,34758.61327531256,12,2019-08-07 23:00:00+00:00
2019-12-10 11:00:00+00:00,34589.0,31883.623784393454,29108.23359753046,34659.01397125645,13,2019-08-07 23:00:00+00:00
2019-12-10 12:00:00+00:00,34401.0,31933.275458398704,29105.647934273955,34760.902982523454,14,2019-08-07 23:00:00+00:00
2019-12-10 13:00:00+00:00,33587.0,31333.13087655504,28459.49830810235,34206.763445007724,15,2019-08-07 23:00:00+00:00
2019-12-10 14:00:00+00:00,33204.0,30545.958594902513,27631.71626362607,33460.20092617896,16,2019-08-07 23:00:00+00:00
2019-12-10 15:00:00+00:00,33090.0,30108.415962310264,27158.25670444266,33058.57522017787,17,2019-08-07 23:00:00+00:00
2019-12-10 16:00:00+00:00,33698.0,30612.217614416488,27630.239472111185,33594.19575672179,18,2019-08-07 23:00:00+00:00
2019-12-10 17:00:00+00:00,35370.0,32383.701899166997,29373.495487608343,35393.90831072565,19,2019-08-07 23:00:00+00:00
2019-12-10 18:00:00+00:00,35968.0,32995.6087211324,29960.329010289875,36030.88843197492,20,2019-08-07 23:00:00+00:00
2019-12-10 19:00:00+00:00,36531.0,33466.83938460678,30409.265302065458,36524.4134671481,21,2019-08-07 23:00:00+00:00
2019-12-10 20:00:00+00:00,35612.0,32905.344090148836,29827.928464863573,35982.7597154341,22,2019-08-07 23:00:00+00:00
2019-12-10 21:00:00+00:00,32822.0,30829.59838225224,27734.510126972036,33924.686637532446,23,2019-08-07 23:00:00+00:00
2019-12-10 22:00:00+00:00,29527.0,28144.469359240597,25033.629343962304,31255.30937451889,24,2019-08-07 23:00:00+00:00
2019-12-10 23:00:00+00:00,27221.0,27127.39226073399,26551.489026524174,27703.295494943803,1,2019-08-07 23:00:00+00:00
2019-12-11 00:00:00+00:00,25152.0,25182.374866418235,24128.51899194637,26236.2307408901,2,2019-08-07 23:00:00+00:00
2019-12-11 01:00:00+00:00,24045.0,23944.413284972386,22500.950948197853,25387.87562174692,3,2019-08-07 23:00:00+00:00
2019-12-11 02:00:00+00:00,23578.0,23336.742135996457,21616.321681572743,25057.162590420172,4,2019-08-07 23:00:00+00:00
2019-12-11 03:00:00+00:00,23528.0,23161.988647128943,21226.74711931843,25097.230174939457,5,2019-08-07 23:00:00+00:00
2019-12-11 04:00:00+00:00,24185.0,23680.701152158494,21571.457896004307,25789.94440831268,6,2019-08-07 23:00:00+00:00
2019-12-11 05:00:00+00:00,27054.0,25834.555244836447,23580.767428343155,28088.34306132974,7,2019-08-07 23:00:00+00:00
2019-12-11 06:00:00+00:00,31916.0,29342.97782158221,26967.11818529319,31718.837457871232,8,2019-08-07 23:00:00+00:00
2019-12-11 07:00:00+00:00,34494.0,31381.420781823166,28901.267749401,33861.573814245334,9,2019-08-07 23:00:00+00:00
2019-12-11 08:00:00+00:00,35446.0,32793.24267976075,30223.22195676464,35363.26340275686,10,2019-08-07 23:00:00+00:00
2019-12-11 09:00:00+00:00,35612.0,33509.48559361325,30861.521289689943,36157.449897536564,11,2019-08-07 23:00:00+00:00
2019-12-11 10:00:00+00:00,35337.0,33483.8100450094,30767.89758544169,36199.72250457711,12,2019-08-07 23:00:00+00:00
2019-12-11 11:00:00+00:00,34935.0,33266.35409103269,30490.963904169694,36041.74427789569,13,2019-08-07 23:00:00+00:00
2019-12-11 12:00:00+00:00,34687.0,33191.69755096308,30364.07002683833,36019.32507508783,14,2019-08-07 23:00:00+00:00
2019-12-11 13:00:00+00:00,33738.0,32475.91352823793,29602.28095978524,35349.54609669062,15,2019-08-07 23:00:00+00:00
2019-12-11 14:00:00+00:00,33689.0,31802.25188148467,28888.009550208226,34716.494212761114,16,2019-08-07 23:00:00+00:00
2019-12-11 15:00:00+00:00,33344.0,31479.52958838153,28529.370330513928,34429.68884624913,17,2019-08-07 23:00:00+00:00
2019-12-11 16:00:00+00:00,33916.0,31996.204899401633,29014.22675709633,34978.183041706936,18,2019-08-07 23:00:00+00:00
2019-12-11 17:00:00+00:00,35683.0,33693.68872473876,30683.482313180102,36703.89513629741,19,2019-08-07 23:00:00+00:00
2019-12-11 18:00:00+00:00,36304.0,34246.55243828835,31211.27272744583,37281.832149130874,20,2019-08-07 23:00:00+00:00
2019-12-11 19:00:00+00:00,36763.0,34709.07502467687,31651.500942135553,37766.649107218196,21,2019-08-07 23:00:00+00:00
2019-12-11 20:00:00+00:00,35903.0,33988.11652324705,30910.70089796179,37065.532148532315,22,2019-08-07 23:00:00+00:00
2019-12-11 21:00:00+00:00,33054.0,31707.734315392096,28612.646060111892,34802.8225706723,23,2019-08-07 23:00:00+00:00
2019-12-11 22:00:00+00:00,29651.0,28853.907058580964,25743.06704330267,31964.747073859256,24,2019-08-07 23:00:00+00:00
2019-12-11 23:00:00+00:00,27311.0,27192.20213147645,26616.298897266635,27768.105365686264,1,2019-08-07 23:00:00+00:00
2019-12-12 00:00:00+00:00,25380.0,25175.474040485,24121.618166013137,26229.329914956867,2,2019-08-07 23:00:00+00:00
2019-12-12 01:00:00+00:00,24144.0,23970.439280675353,22526.97694390082,25413.901617449887,3,2019-08-07 23:00:00+00:00
2019-12-12 02:00:00+00:00,23606.0,23399.101617522214,21678.6811630985,25119.52207194593,4,2019-08-07 23:00:00+00:00
2019-12-12 03:00:00+00:00,23504.0,23238.114260946546,21302.87273313603,25173.35578875706,5,2019-08-07 23:00:00+00:00
2019-12-12 04:00:00+00:00,24298.0,23757.39152788202,21648.148271727834,25866.634784036207,6,2019-08-07 23:00:00+00:00
2019-12-12 05:00:00+00:00,27259.0,26011.8927949141,23758.104978420808,28265.68061140739,7,2019-08-07 23:00:00+00:00
2019-12-12 06:00:00+00:00,31911.0,29703.184488640727,27327.324852351707,32079.044124929747,8,2019-08-07 23:00:00+00:00
2019-12-12 07:00:00+00:00,34610.0,31773.6544003838,29293.50136796163,34253.80743280597,9,2019-08-07 23:00:00+00:00
2019-12-12 08:00:00+00:00,35605.0,33092.304721307315,30522.283998311206,35662.325444303424,10,2019-08-07 23:00:00+00:00
2019-12-12 09:00:00+00:00,35974.0,33736.736231081944,31088.771927158636,36384.70053500526,11,2019-08-07 23:00:00+00:00
2019-12-12 10:00:00+00:00,35942.0,33705.05618455041,30989.143724982703,36420.968644118126,12,2019-08-07 23:00:00+00:00
2019-12-12 11:00:00+00:00,35754.0,33431.291490231364,30655.90130336837,36206.68167709436,13,2019-08-07 23:00:00+00:00
2019-12-12 12:00:00+00:00,35843.0,33327.22193073273,30499.594406607983,36154.84945485748,14,2019-08-07 23:00:00+00:00
2019-12-12 13:00:00+00:00,35211.0,32556.53792983527,29682.90536138258,35430.17049828796,15,2019-08-07 23:00:00+00:00
2019-12-12 14:00:00+00:00,34889.0,32045.567647895783,29131.32531661934,34959.80997917223,16,2019-08-07 23:00:00+00:00
2019-12-12 15:00:00+00:00,34919.0,31671.22745245831,28721.06819459071,34621.38671032592,17,2019-08-07 23:00:00+00:00
2019-12-12 16:00:00+00:00,35695.0,32191.56496537002,29209.586823064717,35173.54310767532,18,2019-08-07 23:00:00+00:00
2019-12-12 17:00:00+00:00,36981.0,33925.004916005644,30914.79850444699,36935.2113275643,19,2019-08-07 23:00:00+00:00
2019-12-12 18:00:00+00:00,37254.0,34496.4679054472,31461.188194604678,37531.74761628972,20,2019-08-07 23:00:00+00:00
2019-12-12 19:00:00+00:00,37368.0,34938.49823716003,31880.924154618708,37996.07231970135,21,2019-08-07 23:00:00+00:00
2019-12-12 20:00:00+00:00,36328.0,34218.1112410113,31140.695615726036,37295.52686629656,22,2019-08-07 23:00:00+00:00
2019-12-12 21:00:00+00:00,33500.0,31856.420971340838,28761.332716060635,34951.50922662104,23,2019-08-07 23:00:00+00:00
2019-12-12 22:00:00+00:00,30207.0,28912.000111802427,25801.160096524134,32022.84012708072,24,2019-08-07 23:00:00+00:00
2019-12-12 23:00:00+00:00,27842.0,27820.17137850749,27244.268144297675,28396.074612717304,1,2019-08-07 23:00:00+00:00
2019-12-13 00:00:00+00:00,25918.0,25840.29308544787,24786.437210976004,26894.148959919734,2,2019-08-07 23:00:00+00:00
2019-12-13 01:00:00+00:00,24595.0,24569.936264306674,23126.47392753214,26013.398601081208,3,2019-08-07 23:00:00+00:00
2019-12-13 02:00:00+00:00,23874.0,23956.253269714838,22235.832815291124,25676.673724138553,4,2019-08-07 23:00:00+00:00
2019-12-13 03:00:00+00:00,23890.0,23762.192256115104,21826.95072830459,25697.43378392562,5,2019-08-07 23:00:00+00:00
2019-12-13 04:00:00+00:00,24585.0,24321.404942433463,22212.161686279273,26430.648198587653,6,2019-08-07 23:00:00+00:00
2019-12-13 05:00:00+00:00,27445.0,26660.892968647444,24407.105152154152,28914.680785140736,7,2019-08-07 23:00:00+00:00
2019-12-13 06:00:00+00:00,31895.0,30399.45446262806,28023.59482633904,32775.31409891708,8,2019-08-07 23:00:00+00:00
2019-12-13 07:00:00+00:00,34173.0,32554.569719302675,30074.416686880508,35034.72275172485,9,2019-08-07 23:00:00+00:00
2019-12-13 08:00:00+00:00,34949.0,33821.21763838474,31251.19691538863,36391.23836138085,10,2019-08-07 23:00:00+00:00
2019-12-13 09:00:00+00:00,35170.0,34458.4503708443,31810.486066920992,37106.41467476761,11,2019-08-07 23:00:00+00:00
2019-12-13 10:00:00+00:00,35047.0,34464.59217341396,31748.679713846253,37180.504632981676,12,2019-08-07 23:00:00+00:00
2019-12-13 11:00:00+00:00,34741.0,34233.66671552701,31458.276528664013,37009.05690239001,13,2019-08-07 23:00:00+00:00
2019-12-13 12:00:00+00:00,34815.0,34215.78711489804,31388.15959077329,37043.41463902279,14,2019-08-07 23:00:00+00:00
2019-12-13 13:00:00+00:00,33545.0,33520.685955745335,30647.053387292646,36394.318524198025,15,2019-08-07 23:00:00+00:00
2019-12-13 14:00:00+00:00,32777.0,32953.81519539966,30039.572864123213,35868.0575266761,16,2019-08-07 23:00:00+00:00
2019-12-13 15:00:00+00:00,32624.0,32703.733207433797,29753.573949566195,35653.892465301404,17,2019-08-07 23:00:00+00:00
2019-12-13 16:00:00+00:00,33110.0,33290.25644650518,30308.278304199874,36272.234588810476,18,2019-08-07 23:00:00+00:00
2019-12-13 17:00:00+00:00,34341.0,34841.36677507502,31831.160363516363,37851.57318663367,19,2019-08-07 23:00:00+00:00
2019-12-13 18:00:00+00:00,34519.0,35281.159622206025,32245.879911363503,38316.43933304855,20,2019-08-07 23:00:00+00:00
2019-12-13 19:00:00+00:00,34375.0,35589.17572048616,32531.601637944837,38646.74980302748,21,2019-08-07 23:00:00+00:00
2019-12-13 20:00:00+00:00,33616.0,34775.23790847341,31697.82228318815,37852.653533758676,22,2019-08-07 23:00:00+00:00
2019-12-13 21:00:00+00:00,31309.0,32349.4165116886,29254.328256408397,35444.50476696881,23,2019-08-07 23:00:00+00:00
2019-12-13 22:00:00+00:00,28780.0,29377.122606216297,26266.282590938004,32487.96262149459,24,2019-08-07 23:00:00+00:00
2019-12-13 23:00:00+00:00,26967.0,26761.898166151335,26185.99493194152,27337.80140036115,1,2019-08-07 23:00:00+00:00
2019-12-14 00:00:00+00:00,25120.0,24956.5494640007,23902.693589528833,26010.405338472563,2,2019-08-07 23:00:00+00:00
2019-12-14 01:00:00+00:00,23748.0,23714.876494434804,22271.41415766027,25158.338831209338,3,2019-08-07 23:00:00+00:00
2019-12-14 02:00:00+00:00,22957.0,23095.91612316694,21375.495668743224,24816.336577590653,4,2019-08-07 23:00:00+00:00
2019-12-14 03:00:00+00:00,22627.0,23004.405430289058,21069.163902478544,24939.646958099573,5,2019-08-07 23:00:00+00:00
2019-12-14 04:00:00+00:00,22523.0,23603.25829819297,21494.01504203878,25712.50155434716,6,2019-08-07 23:00:00+00:00
2019-12-14 05:00:00+00:00,23102.0,26027.763481848608,23773.975665355316,28281.5512983419,7,2019-08-07 23:00:00+00:00
2019-12-14 06:00:00+00:00,24628.0,29849.254540897808,27473.394904608787,32225.114177186828,8,2019-08-07 23:00:00+00:00
2019-12-14 07:00:00+00:00,26217.0,31959.754589125292,29479.601556703125,34439.90762154746,9,2019-08-07 23:00:00+00:00
2019-12-14 08:00:00+00:00,28547.0,33150.17109945973,30580.15037646362,35720.19182245584,10,2019-08-07 23:00:00+00:00
2019-12-14 09:00:00+00:00,30166.0,33735.23560571851,31087.2713017952,36383.19990964182,11,2019-08-07 23:00:00+00:00
2019-12-14 10:00:00+00:00,30301.0,33736.783784209634,31020.871324641925,36452.69624377735,12,2019-08-07 23:00:00+00:00
2019-12-14 11:00:00+00:00,30006.0,33499.944911784805,30724.554724921807,36275.3350986478,13,2019-08-07 23:00:00+00:00
2019-12-14 12:00:00+00:00,30063.0,33519.65039419963,30692.022870074878,36347.27791832438,14,2019-08-07 23:00:00+00:00
2019-12-14 13:00:00+00:00,29495.0,32630.433208307306,29756.800639854617,35504.06577675999,15,2019-08-07 23:00:00+00:00
2019-12-14 14:00:00+00:00,28401.0,31959.996972093104,29045.75464081666,34874.23930336955,16,2019-08-07 23:00:00+00:00
2019-12-14 15:00:00+00:00,27696.0,31704.182049999592,28754.02279213199,34654.341307867195,17,2019-08-07 23:00:00+00:00
2019-12-14 16:00:00+00:00,28249.0,32233.680339013787,29251.702196708484,35215.658481319086,18,2019-08-07 23:00:00+00:00
2019-12-14 17:00:00+00:00,30165.0,33754.16563673228,30743.959225173625,36764.372048290934,19,2019-08-07 23:00:00+00:00
2019-12-14 18:00:00+00:00,30574.0,34160.053138796,31124.773427953478,37195.33284963852,20,2019-08-07 23:00:00+00:00
2019-12-14 19:00:00+00:00,30927.0,34370.839972727044,31313.265890185725,37428.41405526837,21,2019-08-07 23:00:00+00:00
2019-12-14 20:00:00+00:00,30579.0,33648.91577086865,30571.500145583384,36726.33139615391,22,2019-08-07 23:00:00+00:00
2019-12-14 21:00:00+00:00,29344.0,31378.516424045007,28283.428168764804,34473.60467932521,23,2019-08-07 23:00:00+00:00
2019-12-14 22:00:00+00:00,27336.0,28658.523861889706,25547.683846611413,31769.363877167998,24,2019-08-07 23:00:00+00:00
2019-12-14 23:00:00+00:00,25171.0,25627.203776859253,25051.30054264944,26203.107011069067,1,2019-08-07 23:00:00+00:00
2019-12-15 00:00:00+00:00,23212.0,23848.217050555446,22794.36117608358,24902.07292502731,2,2019-08-07 23:00:00+00:00
2019-12-15 01:00:00+00:00,21799.0,22628.0522749522,21184.589938177665,24071.514611726732,3,2019-08-07 23:00:00+00:00
2019-12-15 02:00:00+00:00,21058.0,22018.357761232946,20297.93730680923,23738.77821565666,4,2019-08-07 23:00:00+00:00
2019-12-15 03:00:00+00:00,20669.0,21860.38782066616,19925.146292855647,23795.629348476676,5,2019-08-07 23:00:00+00:00
2019-12-15 04:00:00+00:00,20594.0,22225.63216722503,20116.38891107084,24334.87542337922,6,2019-08-07 23:00:00+00:00
2019-12-15 05:00:00+00:00,21331.0,23922.517362292823,21668.72954579953,26176.305178786115,7,2019-08-07 23:00:00+00:00
2019-12-15 06:00:00+00:00,22352.0,26806.636617429518,24430.776981140498,29182.49625371854,8,2019-08-07 23:00:00+00:00
2019-12-15 07:00:00+00:00,23191.0,28725.713937664,26245.560905241833,31205.86697008617,9,2019-08-07 23:00:00+00:00
2019-12-15 08:00:00+00:00,25077.0,30458.472055744907,27888.451332748802,33028.49277874101,10,2019-08-07 23:00:00+00:00
2019-12-15 09:00:00+00:00,27159.0,31534.134687042868,28886.17038311956,34182.09899096618,11,2019-08-07 23:00:00+00:00
2019-12-15 10:00:00+00:00,27964.0,31643.59115275733,28927.67869318962,34359.50361232504,12,2019-08-07 23:00:00+00:00
2019-12-15 11:00:00+00:00,27868.0,31430.927098962264,28655.536912099265,34206.31728582526,13,2019-08-07 23:00:00+00:00
2019-12-15 12:00:00+00:00,28226.0,31478.66756368117,28651.04003955642,34306.29508780592,14,2019-08-07 23:00:00+00:00
2019-12-15 13:00:00+00:00,28149.0,30820.652396150545,27947.019827697855,33694.284964603234,15,2019-08-07 23:00:00+00:00
2019-12-15 14:00:00+00:00,27056.0,30044.935546852776,27130.693215576328,32959.17787812922,16,2019-08-07 23:00:00+00:00
2019-12-15 15:00:00+00:00,26427.0,29626.199605675472,26676.04034780787,32576.358863543075,17,2019-08-07 23:00:00+00:00
2019-12-15 16:00:00+00:00,26832.0,30196.357732505014,27214.37959019971,33178.33587481032,18,2019-08-07 23:00:00+00:00
2019-12-15 17:00:00+00:00,29015.0,31948.277265016502,28938.070853457848,34958.48367657515,19,2019-08-07 23:00:00+00:00
2019-12-15 18:00:00+00:00,30044.0,32428.52872945531,29393.249018612787,35463.808440297835,20,2019-08-07 23:00:00+00:00
2019-12-15 19:00:00+00:00,31135.0,32792.60823321153,29735.034150670213,35850.182315752856,21,2019-08-07 23:00:00+00:00
2019-12-15 20:00:00+00:00,31077.0,32231.856571284876,29154.440945999613,35309.272196570135,22,2019-08-07 23:00:00+00:00
2019-12-15 21:00:00+00:00,29885.0,30360.07708109403,27264.988825813827,33455.16533637424,23,2019-08-07 23:00:00+00:00
2019-12-15 22:00:00+00:00,27401.0,27867.71570323521,24756.87568795692,30978.555718513504,24,2019-08-07 23:00:00+00:00
2019-12-15 23:00:00+00:00,24941.0,25234.66861777322,24658.765383563405,25810.571851983033,1,2019-08-07 23:00:00+00:00
2019-12-16 00:00:00+00:00,23159.0,23291.023470255368,22237.167595783503,24344.879344727233,2,2019-08-07 23:00:00+00:00
2019-12-16 01:00:00+00:00,22072.0,22036.582904402923,20593.12056762839,23480.045241177457,3,2019-08-07 23:00:00+00:00
2019-12-16 02:00:00+00:00,21605.0,21423.429367830267,19703.008913406553,23143.849822253982,4,2019-08-07 23:00:00+00:00
2019-12-16 03:00:00+00:00,21609.0,21223.821988684005,19288.58046087349,23159.06351649452,5,2019-08-07 23:00:00+00:00
2019-12-16 04:00:00+00:00,22566.0,21541.78373583079,19432.5404796766,23651.02699198498,6,2019-08-07 23:00:00+00:00
2019-12-16 05:00:00+00:00,25798.0,23156.41290726404,20902.625090770747,25410.20072375733,7,2019-08-07 23:00:00+00:00
2019-12-16 06:00:00+00:00,30706.0,25689.011107650167,23313.151471361147,28064.870743939187,8,2019-08-07 23:00:00+00:00
2019-12-16 07:00:00+00:00,33494.0,27297.224067095358,24817.07103467319,29777.377099517525,9,2019-08-07 23:00:00+00:00
2019-12-16 08:00:00+00:00,34433.0,28945.80123752619,26375.78051453008,31515.8219605223,10,2019-08-07 23:00:00+00:00
2019-12-16 09:00:00+00:00,34894.0,30257.492385531004,27609.528081607696,32905.45668945432,11,2019-08-07 23:00:00+00:00
2019-12-16 10:00:00+00:00,35032.0,30612.567448019458,27896.654988451748,33328.47990758717,12,2019-08-07 23:00:00+00:00
2019-12-16 11:00:00+00:00,35006.0,30462.112512314266,27686.72232545127,33237.50269917726,13,2019-08-07 23:00:00+00:00
2019-12-16 12:00:00+00:00,34911.0,30620.29453700421,27792.66701287946,33447.922061128964,14,2019-08-07 23:00:00+00:00
2019-12-16 13:00:00+00:00,33823.0,30151.324005392104,27277.691436939414,33024.95657384479,15,2019-08-07 23:00:00+00:00
2019-12-16 14:00:00+00:00,33325.0,29336.687225377278,26422.44489410083,32250.929556653726,16,2019-08-07 23:00:00+00:00
2019-12-16 15:00:00+00:00,33134.0,28910.0565925728,25959.897334705198,31860.215850440403,17,2019-08-07 23:00:00+00:00
2019-12-16 16:00:00+00:00,33722.0,29425.301661439127,26443.323519133824,32407.27980374443,18,2019-08-07 23:00:00+00:00
2019-12-16 17:00:00+00:00,35093.0,31294.658145940237,28284.451734381582,34304.86455749889,19,2019-08-07 23:00:00+00:00
2019-12-16 18:00:00+00:00,35472.0,31990.05202529683,28954.77231445431,35025.33173613936,20,2019-08-07 23:00:00+00:00
2019-12-16 19:00:00+00:00,35825.0,32619.344246306726,29561.770163765406,35676.91832884805,21,2019-08-07 23:00:00+00:00
2019-12-16 20:00:00+00:00,34817.0,32190.34538051446,29112.929755229197,35267.76100579972,22,2019-08-07 23:00:00+00:00
2019-12-16 21:00:00+00:00,31976.0,30414.462833832687,27319.374578552484,33509.551089112894,23,2019-08-07 23:00:00+00:00
2019-12-16 22:00:00+00:00,28878.0,27811.71151528384,24700.87150000555,30922.551530562134,24,2019-08-07 23:00:00+00:00
2019-12-16 23:00:00+00:00,26708.0,26458.78940086291,25882.886166653094,27034.692635072723,1,2019-08-07 23:00:00+00:00
2019-12-17 00:00:00+00:00,24865.0,24597.560207636518,23543.704333164653,25651.416082108382,2,2019-08-07 23:00:00+00:00
2019-12-17 01:00:00+00:00,23852.0,23370.632901432287,21927.170564657754,24814.09523820682,3,2019-08-07 23:00:00+00:00
2019-12-17 02:00:00+00:00,23369.0,22772.46006750632,21052.039613082605,24492.880521930034,4,2019-08-07 23:00:00+00:00
2019-12-17 03:00:00+00:00,23280.0,22626.6082733109,20691.366745500385,24561.849801121414,5,2019-08-07 23:00:00+00:00
2019-12-17 04:00:00+00:00,24144.0,23206.591738172316,21097.348482018126,25315.834994326506,6,2019-08-07 23:00:00+00:00
2019-12-17 05:00:00+00:00,26874.0,25553.14009302745,23299.35227653416,27806.927909520742,7,2019-08-07 23:00:00+00:00
2019-12-17 06:00:00+00:00,31285.0,29243.040725221505,26867.181088932484,31618.900361510525,8,2019-08-07 23:00:00+00:00
2019-12-17 07:00:00+00:00,33941.0,31405.890411771226,28925.73737934906,33886.0434441934,9,2019-08-07 23:00:00+00:00
2019-12-17 08:00:00+00:00,34684.0,32694.040324501133,30124.019601505024,35264.06104749724,10,2019-08-07 23:00:00+00:00
2019-12-17 09:00:00+00:00,35076.0,33471.7837160713,30823.819412147994,36119.748019994615,11,2019-08-07 23:00:00+00:00
2019-12-17 10:00:00+00:00,35046.0,33599.12969499537,30883.21723542766,36315.04215456308,12,2019-08-07 23:00:00+00:00
2019-12-17 11:00:00+00:00,34814.0,33439.36634880195,30663.976161938954,36214.75653566495,13,2019-08-07 23:00:00+00:00
2019-12-17 12:00:00+00:00,34796.0,33420.12353081888,30592.496006694128,36247.75105494363,14,2019-08-07 23:00:00+00:00
2019-12-17 13:00:00+00:00,33706.0,32598.747828282347,29725.115259829658,35472.38039673503,15,2019-08-07 23:00:00+00:00
2019-12-17 14:00:00+00:00,33213.0,31928.5941524388,29014.351821162352,34842.83648371525,16,2019-08-07 23:00:00+00:00
2019-12-17 15:00:00+00:00,32993.0,31601.25160221116,28651.092344343557,34551.410860078766,17,2019-08-07 23:00:00+00:00
2019-12-17 16:00:00+00:00,33296.0,32137.179959465204,29155.2018171599,35119.1581017705,18,2019-08-07 23:00:00+00:00
2019-12-17 17:00:00+00:00,34804.0,33723.35356244439,30713.147150885736,36733.559974003045,19,2019-08-07 23:00:00+00:00
2019-12-17 18:00:00+00:00,35343.0,34198.06982859109,31162.79011774857,37233.34953943361,20,2019-08-07 23:00:00+00:00
2019-12-17 19:00:00+00:00,35871.0,34592.54004743791,31534.965964896594,37650.114129979236,21,2019-08-07 23:00:00+00:00
2019-12-17 20:00:00+00:00,35177.0,33842.31828785513,30764.902662569868,36919.73391314039,22,2019-08-07 23:00:00+00:00
2019-12-17 21:00:00+00:00,32663.0,31521.253982412574,28426.16572713237,34616.34223769278,23,2019-08-07 23:00:00+00:00
2019-12-17 22:00:00+00:00,29289.0,28689.38688379765,25578.54686851936,31800.226899075944,24,2019-08-07 23:00:00+00:00
2019-12-17 23:00:00+00:00,26974.0,26801.95179776538,26226.048563555567,27377.855031975196,1,2019-08-07 23:00:00+00:00
2019-12-18 00:00:00+00:00,25020.0,24811.89499233054,23758.039117858676,25865.750866802406,2,2019-08-07 23:00:00+00:00
2019-12-18 01:00:00+00:00,23892.0,23638.81524747755,22195.352910703015,25082.277584252082,3,2019-08-07 23:00:00+00:00
2019-12-18 02:00:00+00:00,23409.0,23062.280674927562,21341.860220503848,24782.701129351277,4,2019-08-07 23:00:00+00:00
2019-12-18 03:00:00+00:00,23343.0,22912.09371118382,20976.852183373307,24847.335238994336,5,2019-08-07 23:00:00+00:00
2019-12-18 04:00:00+00:00,24046.0,23515.704053143225,21406.460796989035,25624.947309297415,6,2019-08-07 23:00:00+00:00
2019-12-18 05:00:00+00:00,26886.0,25801.70987169842,23547.922055205127,28055.49768819171,7,2019-08-07 23:00:00+00:00
2019-12-18 06:00:00+00:00,31469.0,29474.131070720574,27098.271434431554,31849.990707009594,8,2019-08-07 23:00:00+00:00
2019-12-18 07:00:00+00:00,34110.0,31676.20251640695,29196.04948398478,34156.35554882912,9,2019-08-07 23:00:00+00:00
2019-12-18 08:00:00+00:00,34781.0,32857.750522328235,30287.72979933213,35427.771245324344,10,2019-08-07 23:00:00+00:00
2019-12-18 09:00:00+00:00,34932.0,33578.32951815673,30930.36521423342,36226.29382208004,11,2019-08-07 23:00:00+00:00
2019-12-18 10:00:00+00:00,34953.0,33653.51492840003,30937.60246883232,36369.42738796774,12,2019-08-07 23:00:00+00:00
2019-12-18 11:00:00+00:00,34747.0,33442.96607018998,30667.57588332698,36218.356257052976,13,2019-08-07 23:00:00+00:00
2019-12-18 12:00:00+00:00,34588.0,33448.31731708952,30620.689792964768,36275.94484121427,14,2019-08-07 23:00:00+00:00
2019-12-18 13:00:00+00:00,33724.0,32598.753931108313,29725.121362655624,35472.386499561,15,2019-08-07 23:00:00+00:00
2019-12-18 14:00:00+00:00,33310.0,31957.695563093595,29043.453231817148,34871.93789437004,16,2019-08-07 23:00:00+00:00
2019-12-18 15:00:00+00:00,33149.0,31642.390837357674,28692.23157949007,34592.55009522528,17,2019-08-07 23:00:00+00:00
2019-12-18 16:00:00+00:00,33741.0,32087.188764144186,29105.210621838884,35069.166906449485,18,2019-08-07 23:00:00+00:00
2019-12-18 17:00:00+00:00,35243.0,33700.568626834836,30690.36221527618,36710.77503839349,19,2019-08-07 23:00:00+00:00
2019-12-18 18:00:00+00:00,35667.0,34225.52214651795,31190.242435675427,37260.80185736047,20,2019-08-07 23:00:00+00:00
2019-12-18 19:00:00+00:00,35782.0,34682.20396547114,31624.62988292982,37739.778048012464,21,2019-08-07 23:00:00+00:00
2019-12-18 20:00:00+00:00,34522.0,34016.92793583335,30939.51231054809,37094.343561118614,22,2019-08-07 23:00:00+00:00
2019-12-18 21:00:00+00:00,32379.0,31752.370066776326,28657.281811496123,34847.45832205653,23,2019-08-07 23:00:00+00:00
2019-12-18 22:00:00+00:00,29193.0,28791.246092686844,25680.406077408552,31902.086107965137,24,2019-08-07 23:00:00+00:00
2019-12-18 23:00:00+00:00,27080.0,26854.842229749356,26278.93899553954,27430.74546395917,1,2019-08-07 23:00:00+00:00
2019-12-19 00:00:00+00:00,25146.0,24846.001205594883,23792.145331123018,25899.857080066748,2,2019-08-07 23:00:00+00:00
2019-12-19 01:00:00+00:00,24001.0,23652.824683252496,22209.362346477963,25096.28702002703,3,2019-08-07 23:00:00+00:00
2019-12-19 02:00:00+00:00,23364.0,23089.215312299184,21368.79485787547,24809.6357667229,4,2019-08-07 23:00:00+00:00
2019-12-19 03:00:00+00:00,23199.0,22956.12232696956,21020.880799159044,24891.363854780073,5,2019-08-07 23:00:00+00:00
2019-12-19 04:00:00+00:00,24026.0,23535.429932521347,21426.186676367157,25644.673188675537,6,2019-08-07 23:00:00+00:00
2019-12-19 05:00:00+00:00,26782.0,25917.835289519047,23664.047473025756,28171.62310601234,7,2019-08-07 23:00:00+00:00
2019-12-19 06:00:00+00:00,31151.0,29745.93595234315,27370.07631605413,32121.79558863217,8,2019-08-07 23:00:00+00:00
2019-12-19 07:00:00+00:00,33548.0,32000.4799739215,29520.326941499334,34480.63300634367,9,2019-08-07 23:00:00+00:00
2019-12-19 08:00:00+00:00,34510.0,33101.86906808732,30531.84834509121,35671.88979108343,10,2019-08-07 23:00:00+00:00
2019-12-19 09:00:00+00:00,34758.0,33695.11373050087,31047.14942657756,36343.07803442418,11,2019-08-07 23:00:00+00:00
2019-12-19 10:00:00+00:00,34944.0,33776.24704775192,31060.334588184207,36492.15950731963,12,2019-08-07 23:00:00+00:00
2019-12-19 11:00:00+00:00,35005.0,33573.10250348855,30797.71231662556,36348.49269035155,13,2019-08-07 23:00:00+00:00
2019-12-19 12:00:00+00:00,35249.0,33525.36783418753,30697.740310062778,36352.99535831228,14,2019-08-07 23:00:00+00:00
2019-12-19 13:00:00+00:00,34143.0,32727.756256628443,29854.123688175754,35601.38882508113,15,2019-08-07 23:00:00+00:00
2019-12-19 14:00:00+00:00,33651.0,32134.38053001017,29220.138198733723,35048.62286128662,16,2019-08-07 23:00:00+00:00
2019-12-19 15:00:00+00:00,33567.0,31852.89247243513,28902.73321456753,34803.05173030274,17,2019-08-07 23:00:00+00:00
2019-12-19 16:00:00+00:00,33975.0,32384.6411537692,29402.663011463897,35366.6192960745,18,2019-08-07 23:00:00+00:00
2019-12-19 17:00:00+00:00,35023.0,33983.14942295182,30972.943011393167,36993.355834510476,19,2019-08-07 23:00:00+00:00
2019-12-19 18:00:00+00:00,35208.0,34468.894268839904,31433.61455799738,37504.173979682426,20,2019-08-07 23:00:00+00:00
2019-12-19 19:00:00+00:00,35364.0,34786.084172500385,31728.510089959065,37843.65825504171,21,2019-08-07 23:00:00+00:00
2019-12-19 20:00:00+00:00,34426.0,33913.56782491774,30836.15219963248,36990.983450203006,22,2019-08-07 23:00:00+00:00
2019-12-19 21:00:00+00:00,31925.0,31751.882270340804,28656.7940150606,34846.97052562101,23,2019-08-07 23:00:00+00:00
2019-12-19 22:00:00+00:00,28793.0,28807.110553498223,25696.27053821993,31917.950568776516,24,2019-08-07 23:00:00+00:00
2019-12-19 23:00:00+00:00,26722.0,26549.854136378704,25973.95090216889,27125.75737058852,1,2019-08-07 23:00:00+00:00
2019-12-20 00:00:00+00:00,24815.0,24649.98118789222,23596.125313420354,25703.837062364084,2,2019-08-07 23:00:00+00:00
2019-12-20 01:00:00+00:00,23242.0,23473.810661809428,22030.348325034895,24917.27299858396,3,2019-08-07 23:00:00+00:00
2019-12-20 02:00:00+00:00,22733.0,22877.79631287754,21157.375858453826,24598.216767301255,4,2019-08-07 23:00:00+00:00
2019-12-20 03:00:00+00:00,22628.0,22729.720802096253,20794.47927428574,24664.962329906768,5,2019-08-07 23:00:00+00:00
2019-12-20 04:00:00+00:00,23157.0,23380.899095545254,21271.655839391067,25490.14235169944,6,2019-08-07 23:00:00+00:00
2019-12-20 05:00:00+00:00,25702.0,25801.472744901595,23547.684928408304,28055.260561394887,7,2019-08-07 23:00:00+00:00
2019-12-20 06:00:00+00:00,29672.0,29657.601888418485,27281.742252129465,32033.461524707505,8,2019-08-07 23:00:00+00:00
2019-12-20 07:00:00+00:00,32120.0,31882.551035460365,29402.398003038197,34362.704067882536,9,2019-08-07 23:00:00+00:00
2019-12-20 08:00:00+00:00,32893.0,33044.179346208955,30474.158623212847,35614.200069205064,10,2019-08-07 23:00:00+00:00
2019-12-20 09:00:00+00:00,33205.0,33625.72827014823,30977.763966224924,36273.692574071545,11,2019-08-07 23:00:00+00:00
2019-12-20 10:00:00+00:00,33241.0,33767.17791682431,31051.2654572566,36483.09037639202,12,2019-08-07 23:00:00+00:00
2019-12-20 11:00:00+00:00,33012.0,33667.869896152224,30892.479709289226,36443.26008301522,13,2019-08-07 23:00:00+00:00
2019-12-20 12:00:00+00:00,33016.0,33758.976132720505,30931.348608595756,36586.603656845255,14,2019-08-07 23:00:00+00:00
2019-12-20 13:00:00+00:00,31985.0,32872.87866958199,29999.246101129298,35746.511238034676,15,2019-08-07 23:00:00+00:00
2019-12-20 14:00:00+00:00,31260.0,32280.620092496076,29366.377761219628,35194.86242377252,16,2019-08-07 23:00:00+00:00
2019-12-20 15:00:00+00:00,30972.0,32048.38478387547,29098.225526007867,34998.54404174307,17,2019-08-07 23:00:00+00:00
2019-12-20 16:00:00+00:00,31394.0,32527.379546292825,29545.401403987522,35509.35768859813,18,2019-08-07 23:00:00+00:00
2019-12-20 17:00:00+00:00,32459.0,33955.78391261545,30945.577501056796,36965.990324174105,19,2019-08-07 23:00:00+00:00
2019-12-20 18:00:00+00:00,32613.0,34353.004268770776,31317.724557928253,37388.2839796133,20,2019-08-07 23:00:00+00:00
2019-12-20 19:00:00+00:00,32470.0,34664.70784973514,31607.13376719382,37722.28193227646,21,2019-08-07 23:00:00+00:00
2019-12-20 20:00:00+00:00,31590.0,33864.4894653157,30787.07384003044,36941.905090600965,22,2019-08-07 23:00:00+00:00
2019-12-20 21:00:00+00:00,29526.0,31580.650375678953,28485.56212039875,34675.73863095916,23,2019-08-07 23:00:00+00:00
2019-12-20 22:00:00+00:00,27092.0,28629.403829330364,25518.56381405207,31740.243844608656,24,2019-08-07 23:00:00+00:00
2019-12-20 23:00:00+00:00,25221.0,25250.904811926055,24675.00157771624,25826.80804613587,1,2019-08-07 23:00:00+00:00
2019-12-21 00:00:00+00:00,23305.0,23501.818846752907,22447.962972281042,24555.674721224772,2,2019-08-07 23:00:00+00:00
2019-12-21 01:00:00+00:00,21976.0,22234.419504647136,20790.957167872602,23677.88184142167,3,2019-08-07 23:00:00+00:00
2019-12-21 02:00:00+00:00,21194.0,21734.22272596751,20013.802271543795,23454.643180391224,4,2019-08-07 23:00:00+00:00
2019-12-21 03:00:00+00:00,20862.0,21657.524090399467,19722.282562588953,23592.76561820998,5,2019-08-07 23:00:00+00:00
2019-12-21 04:00:00+00:00,20930.0,22272.427030797484,20163.183774643294,24381.670286951674,6,2019-08-07 23:00:00+00:00
2019-12-21 05:00:00+00:00,21758.0,24705.509071861878,22451.721255368586,26959.29688835517,7,2019-08-07 23:00:00+00:00
2019-12-21 06:00:00+00:00,23135.0,28526.156152065112,26150.296515776092,30902.015788354132,8,2019-08-07 23:00:00+00:00
2019-12-21 07:00:00+00:00,24656.0,30832.743785124836,28352.59075270267,33312.89681754701,9,2019-08-07 23:00:00+00:00
2019-12-21 08:00:00+00:00,27007.0,31940.597765271785,29370.577042275676,34510.61848826789,10,2019-08-07 23:00:00+00:00
2019-12-21 09:00:00+00:00,28639.0,32540.6787286839,29892.71442476059,35188.64303260721,11,2019-08-07 23:00:00+00:00
2019-12-21 10:00:00+00:00,28792.0,32668.97186728979,29953.05940772208,35384.8843268575,12,2019-08-07 23:00:00+00:00
2019-12-21 11:00:00+00:00,28705.0,32518.674856714322,29743.284669851324,35294.06504357732,13,2019-08-07 23:00:00+00:00
2019-12-21 12:00:00+00:00,28846.0,32574.104557384453,29746.477033259704,35401.7320815092,14,2019-08-07 23:00:00+00:00
2019-12-21 13:00:00+00:00,28329.0,31717.420026764878,28843.78745831219,34591.05259521757,15,2019-08-07 23:00:00+00:00
2019-12-21 14:00:00+00:00,27192.0,31082.112707562057,28167.87037628561,33996.355038838505,16,2019-08-07 23:00:00+00:00
2019-12-21 15:00:00+00:00,26632.0,30821.793278869263,27871.63402100166,33771.95253673687,17,2019-08-07 23:00:00+00:00
2019-12-21 16:00:00+00:00,26859.0,31322.352556915994,28340.37441461069,34304.3306992213,18,2019-08-07 23:00:00+00:00
2019-12-21 17:00:00+00:00,28321.0,32733.20646518116,29723.000053622505,35743.412876739814,19,2019-08-07 23:00:00+00:00
2019-12-21 18:00:00+00:00,28752.0,33115.397177033854,30080.117466191332,36150.676887876376,20,2019-08-07 23:00:00+00:00
2019-12-21 19:00:00+00:00,29107.0,33321.32025643801,30263.746173896692,36378.894338979335,21,2019-08-07 23:00:00+00:00
2019-12-21 20:00:00+00:00,28826.0,32545.139269055846,29467.723643770583,35622.554894341105,22,2019-08-07 23:00:00+00:00
2019-12-21 21:00:00+00:00,27403.0,30410.93503000658,27315.84677472638,33506.023285286785,23,2019-08-07 23:00:00+00:00
2019-12-21 22:00:00+00:00,25465.0,27706.967691821956,24596.127676543663,30817.807707100248,24,2019-08-07 23:00:00+00:00
2019-12-21 23:00:00+00:00,23435.0,23824.166601360284,23248.26336715047,24400.0698355701,1,2019-08-07 23:00:00+00:00
2019-12-22 00:00:00+00:00,21641.0,22128.00599052228,21074.150116050416,23181.861864994145,2,2019-08-07 23:00:00+00:00
2019-12-22 01:00:00+00:00,20456.0,20963.297343384416,19519.835006609883,22406.75968015895,3,2019-08-07 23:00:00+00:00
2019-12-22 02:00:00+00:00,19757.0,20413.516828959913,18693.0963745362,22133.937283383628,4,2019-08-07 23:00:00+00:00
2019-12-22 03:00:00+00:00,19414.0,20298.702723790342,18363.461195979828,22233.944251600857,5,2019-08-07 23:00:00+00:00
2019-12-22 04:00:00+00:00,19342.0,20781.366043670154,18672.122787515968,22890.60929982434,6,2019-08-07 23:00:00+00:00
2019-12-22 05:00:00+00:00,19787.0,22651.79180883766,20398.00399234437,24905.579625330953,7,2019-08-07 23:00:00+00:00
2019-12-22 06:00:00+00:00,20774.0,25596.37228153048,23220.51264524146,27972.2319178195,8,2019-08-07 23:00:00+00:00
2019-12-22 07:00:00+00:00,21922.0,27624.445693455807,25144.29266103364,30104.598725877975,9,2019-08-07 23:00:00+00:00
2019-12-22 08:00:00+00:00,23931.0,29295.171595085565,26725.150872089456,31865.192318081674,10,2019-08-07 23:00:00+00:00
2019-12-22 09:00:00+00:00,26047.0,30369.054013356643,27721.089709433334,33017.01831727995,11,2019-08-07 23:00:00+00:00
2019-12-22 10:00:00+00:00,26639.0,30560.158991852004,27844.246532284295,33276.07145141972,12,2019-08-07 23:00:00+00:00
2019-12-22 11:00:00+00:00,26430.0,30481.67501622921,27706.28482936621,33257.06520309221,13,2019-08-07 23:00:00+00:00
2019-12-22 12:00:00+00:00,26687.0,30608.911546014628,27781.28402188988,33436.53907013938,14,2019-08-07 23:00:00+00:00
2019-12-22 13:00:00+00:00,26289.0,29942.998229247096,27069.365660794407,32816.630797699785,15,2019-08-07 23:00:00+00:00
2019-12-22 14:00:00+00:00,25002.0,29173.75016111916,26259.50782984271,32087.992492395606,16,2019-08-07 23:00:00+00:00
2019-12-22 15:00:00+00:00,24205.0,28836.37217719055,25886.21291932295,31786.531435058154,17,2019-08-07 23:00:00+00:00
2019-12-22 16:00:00+00:00,24454.0,29279.94252252445,26297.964380219146,32261.92066482975,18,2019-08-07 23:00:00+00:00
2019-12-22 17:00:00+00:00,26399.0,30812.467649620736,27802.26123806208,33822.67406117939,19,2019-08-07 23:00:00+00:00
2019-12-22 18:00:00+00:00,27170.0,31286.661911729414,28251.382200886892,34321.94162257194,20,2019-08-07 23:00:00+00:00
2019-12-22 19:00:00+00:00,27988.0,31648.008014560422,28590.433932019103,34705.582097101746,21,2019-08-07 23:00:00+00:00
2019-12-22 20:00:00+00:00,28158.0,31093.38480173293,28015.969176447667,34170.80042701819,22,2019-08-07 23:00:00+00:00
2019-12-22 21:00:00+00:00,26958.0,29216.733456924645,26121.645201644442,32311.821712204848,23,2019-08-07 23:00:00+00:00
2019-12-22 22:00:00+00:00,24821.0,26742.173910757552,23631.33389547926,29853.013926035845,24,2019-08-07 23:00:00+00:00
2019-12-22 23:00:00+00:00,22716.0,22906.926361434824,22331.02312722501,23482.829595644638,1,2019-08-07 23:00:00+00:00
2019-12-23 00:00:00+00:00,21058.0,21169.584732006646,20115.72885753478,22223.44060647851,2,2019-08-07 23:00:00+00:00
2019-12-23 01:00:00+00:00,20024.0,20061.663236732038,18618.200899957505,21505.12557350657,3,2019-08-07 23:00:00+00:00
2019-12-23 02:00:00+00:00,19359.0,19538.02192421959,17817.601469795874,21258.442378643304,4,2019-08-07 23:00:00+00:00
2019-12-23 03:00:00+00:00,19278.0,19416.00746338922,17480.765935578707,21351.248991199736,5,2019-08-07 23:00:00+00:00
2019-12-23 04:00:00+00:00,20099.0,19818.887528142663,17709.644271988473,21928.130784296853,6,2019-08-07 23:00:00+00:00
2019-12-23 05:00:00+00:00,22218.0,21441.89840283647,19188.110586343177,23695.68621932976,7,2019-08-07 23:00:00+00:00
2019-12-23 06:00:00+00:00,25172.0,24069.468999541194,21693.609363252173,26445.328635830214,8,2019-08-07 23:00:00+00:00
2019-12-23 07:00:00+00:00,27565.0,25918.698765517824,23438.545733095656,28398.85179793999,9,2019-08-07 23:00:00+00:00
2019-12-23 08:00:00+00:00,29428.0,27569.775246903286,24999.754523907177,30139.795969899395,10,2019-08-07 23:00:00+00:00
2019-12-23 09:00:00+00:00,30072.0,28905.52016824351,26257.555864320202,31553.48447216682,11,2019-08-07 23:00:00+00:00
2019-12-23 10:00:00+00:00,29860.0,29266.49666545049,26550.58420588278,31982.4091250182,12,2019-08-07 23:00:00+00:00
2019-12-23 11:00:00+00:00,29445.0,29158.452097143243,26383.061910280245,31933.84228400624,13,2019-08-07 23:00:00+00:00
2019-12-23 12:00:00+00:00,29502.0,29343.910691542205,26516.283167417456,32171.538215666955,14,2019-08-07 23:00:00+00:00
2019-12-23 13:00:00+00:00,28871.0,28753.483622198444,25879.851053745755,31627.116190651133,15,2019-08-07 23:00:00+00:00
2019-12-23 14:00:00+00:00,28028.0,27897.134321915408,24982.891990638964,30811.37665319185,16,2019-08-07 23:00:00+00:00
2019-12-23 15:00:00+00:00,27722.0,27458.80316794713,24508.64391007953,30408.962425814734,17,2019-08-07 23:00:00+00:00
2019-12-23 16:00:00+00:00,27978.0,27894.900491159686,24912.922348854383,30876.87863346499,18,2019-08-07 23:00:00+00:00
2019-12-23 17:00:00+00:00,29534.0,29603.874104954786,26593.66769339613,32614.08051651344,19,2019-08-07 23:00:00+00:00
2019-12-23 18:00:00+00:00,29733.0,30205.79287137732,27170.5131605348,33241.072582219844,20,2019-08-07 23:00:00+00:00
2019-12-23 19:00:00+00:00,29892.0,30743.274326460236,27685.700243918916,33800.848409001555,21,2019-08-07 23:00:00+00:00
2019-12-23 20:00:00+00:00,29686.0,30395.07081354878,27317.655188263518,33472.48643883404,22,2019-08-07 23:00:00+00:00
2019-12-23 21:00:00+00:00,28012.0,28664.72595738557,25569.637702105367,31759.814212665773,23,2019-08-07 23:00:00+00:00
2019-12-23 22:00:00+00:00,25543.0,26194.24703318506,23083.407017906768,29305.087048463352,24,2019-08-07 23:00:00+00:00
2019-12-23 23:00:00+00:00,23251.0,23445.001448420913,22869.0982142111,24020.904682630728,1,2019-08-07 23:00:00+00:00
2019-12-24 00:00:00+00:00,21201.0,21700.80503506945,20646.949160597585,22754.660909541315,2,2019-08-07 23:00:00+00:00
2019-12-24 01:00:00+00:00,19813.0,20600.837158910355,19157.374822135822,22044.29949568489,3,2019-08-07 23:00:00+00:00
2019-12-24 02:00:00+00:00,19110.0,20032.73579010934,18312.315335685624,21753.156244533053,4,2019-08-07 23:00:00+00:00
2019-12-24 03:00:00+00:00,18860.0,19944.59499174602,18009.353463935506,21879.836519556535,5,2019-08-07 23:00:00+00:00
2019-12-24 04:00:00+00:00,19227.0,20578.742502635672,18469.499246481486,22687.98575878986,6,2019-08-07 23:00:00+00:00
2019-12-24 05:00:00+00:00,20710.0,22628.01254277007,20374.224726276778,24881.80035926336,7,2019-08-07 23:00:00+00:00
2019-12-24 06:00:00+00:00,22954.0,25730.991907429325,23355.132271140305,28106.851543718345,8,2019-08-07 23:00:00+00:00
2019-12-24 07:00:00+00:00,24950.0,27914.709187425135,25434.556155002967,30394.862219847302,9,2019-08-07 23:00:00+00:00
2019-12-24 08:00:00+00:00,27041.0,29533.09932964301,26963.0786066469,32103.12005263912,10,2019-08-07 23:00:00+00:00
2019-12-24 09:00:00+00:00,27959.0,30412.40562150729,27764.44131758398,33060.3699254306,11,2019-08-07 23:00:00+00:00
2019-12-24 10:00:00+00:00,27906.0,30490.113091797488,27774.20063222978,33206.0255513652,12,2019-08-07 23:00:00+00:00
2019-12-24 11:00:00+00:00,27164.0,30273.934249386115,27498.544062523117,33049.32443624911,13,2019-08-07 23:00:00+00:00
2019-12-24 12:00:00+00:00,26890.0,30376.2057013225,27548.57817719775,33203.83322544725,14,2019-08-07 23:00:00+00:00
2019-12-24 13:00:00+00:00,25952.0,29706.93785138574,26833.30528293305,32580.57041983843,15,2019-08-07 23:00:00+00:00
2019-12-24 14:00:00+00:00,24931.0,28938.644121802994,26024.40179052655,31852.886453079438,16,2019-08-07 23:00:00+00:00
2019-12-24 15:00:00+00:00,24392.0,28615.30953380061,25665.150275933007,31565.468791668212,17,2019-08-07 23:00:00+00:00
2019-12-24 16:00:00+00:00,24867.0,29014.33842892396,26032.360286618656,31996.31657122926,18,2019-08-07 23:00:00+00:00
2019-12-24 17:00:00+00:00,27122.0,30597.436366462018,27587.229954903363,33607.64277802067,19,2019-08-07 23:00:00+00:00
2019-12-24 18:00:00+00:00,27364.0,30999.9073256312,27964.627614788675,34035.187036473726,20,2019-08-07 23:00:00+00:00
2019-12-24 19:00:00+00:00,26361.0,31321.331160392372,28263.757077851053,34378.905242933695,21,2019-08-07 23:00:00+00:00
2019-12-24 20:00:00+00:00,24681.0,30889.673266493424,27812.25764120816,33967.08889177869,22,2019-08-07 23:00:00+00:00
2019-12-24 21:00:00+00:00,22504.0,29042.753569899967,25947.665314619764,32137.84182518017,23,2019-08-07 23:00:00+00:00
2019-12-24 22:00:00+00:00,21541.0,26482.839932850668,23371.999917572375,29593.67994812896,24,2019-08-07 23:00:00+00:00
2019-12-24 23:00:00+00:00,20946.0,20467.832154332234,19891.92892012242,21043.73538854205,1,2019-08-07 23:00:00+00:00
2019-12-25 00:00:00+00:00,19931.0,19134.81389633735,18080.958021865485,20188.669770809214,2,2019-08-07 23:00:00+00:00
2019-12-25 01:00:00+00:00,18740.0,18056.40247259909,16612.940135824556,19499.864809373623,3,2019-08-07 23:00:00+00:00
2019-12-25 02:00:00+00:00,17726.0,17590.098159188026,15869.677704764312,19310.51861361174,4,2019-08-07 23:00:00+00:00
2019-12-25 03:00:00+00:00,17208.0,17562.68139587491,15627.439868064397,19497.922923685426,5,2019-08-07 23:00:00+00:00
2019-12-25 04:00:00+00:00,17185.0,18170.908236667954,16061.664980513766,20280.151492822144,6,2019-08-07 23:00:00+00:00
2019-12-25 05:00:00+00:00,17491.0,20107.834266390022,17854.04644989673,22361.622082883314,7,2019-08-07 23:00:00+00:00
2019-12-25 06:00:00+00:00,18040.0,23038.559907390103,20662.700271101083,25414.419543679123,8,2019-08-07 23:00:00+00:00
2019-12-25 07:00:00+00:00,18269.0,25202.384356922863,22722.231324500695,27682.53738934503,9,2019-08-07 23:00:00+00:00
2019-12-25 08:00:00+00:00,19573.0,27025.49055348145,24455.469830485345,29595.511276477555,10,2019-08-07 23:00:00+00:00
2019-12-25 09:00:00+00:00,21514.0,28060.956906756874,25412.992602833565,30708.921210680182,11,2019-08-07 23:00:00+00:00
2019-12-25 10:00:00+00:00,22687.0,28241.89445108674,25525.98199151903,30957.80691065445,12,2019-08-07 23:00:00+00:00
2019-12-25 11:00:00+00:00,22983.0,27960.733936314657,25185.34374945166,30736.124123177655,13,2019-08-07 23:00:00+00:00
2019-12-25 12:00:00+00:00,22857.0,28011.70112808004,25184.07360395529,30839.32865220479,14,2019-08-07 23:00:00+00:00
2019-12-25 13:00:00+00:00,22080.0,27306.335424645295,24432.702856192605,30179.967993097984,15,2019-08-07 23:00:00+00:00
2019-12-25 14:00:00+00:00,20550.0,26530.55057037464,23616.308239098194,29444.792901651083,16,2019-08-07 23:00:00+00:00
2019-12-25 15:00:00+00:00,20088.0,26187.922949959022,23237.76369209142,29138.082207826625,17,2019-08-07 23:00:00+00:00
2019-12-25 16:00:00+00:00,20603.0,26707.163748908435,23725.185606603132,29689.141891213738,18,2019-08-07 23:00:00+00:00
2019-12-25 17:00:00+00:00,22832.0,28594.935155054944,25584.72874349629,31605.141566613598,19,2019-08-07 23:00:00+00:00
2019-12-25 18:00:00+00:00,23844.0,29040.423362809805,26005.14365196728,32075.70307365233,20,2019-08-07 23:00:00+00:00
2019-12-25 19:00:00+00:00,24680.0,28972.71405685237,25915.13997431105,32030.288139393688,21,2019-08-07 23:00:00+00:00
2019-12-25 20:00:00+00:00,24974.0,28085.46472919928,25008.049103914018,31162.880354484543,22,2019-08-07 23:00:00+00:00
2019-12-25 21:00:00+00:00,24339.0,26123.898315479564,23028.81006019936,29218.986570759767,23,2019-08-07 23:00:00+00:00
2019-12-25 22:00:00+00:00,22394.0,24161.003103696916,21050.163088418623,27271.84311897521,24,2019-08-07 23:00:00+00:00
2019-12-25 23:00:00+00:00,20425.0,20771.085722652242,20195.182488442428,21346.988956862057,1,2019-08-07 23:00:00+00:00
2019-12-26 00:00:00+00:00,18797.0,19194.95744344954,18141.101568977676,20248.813317921406,2,2019-08-07 23:00:00+00:00
2019-12-26 01:00:00+00:00,17873.0,18127.18171965341,16683.719382878877,19570.644056427944,3,2019-08-07 23:00:00+00:00
2019-12-26 02:00:00+00:00,17356.0,17505.996782962866,15785.576328539151,19226.41723738658,4,2019-08-07 23:00:00+00:00
2019-12-26 03:00:00+00:00,17168.0,17341.78367173649,15406.542143925977,19277.025199547006,5,2019-08-07 23:00:00+00:00
2019-12-26 04:00:00+00:00,17716.0,17767.539883517282,15658.296627363094,19876.78313967147,6,2019-08-07 23:00:00+00:00
2019-12-26 05:00:00+00:00,19544.0,19212.153818162904,16958.366001669612,21465.941634656196,7,2019-08-07 23:00:00+00:00
2019-12-26 06:00:00+00:00,22110.0,21435.15979913821,19059.30016284919,23811.01943542723,8,2019-08-07 23:00:00+00:00
2019-12-26 07:00:00+00:00,24434.0,22930.994878333644,20450.841845911476,25411.14791075581,9,2019-08-07 23:00:00+00:00
2019-12-26 08:00:00+00:00,26471.0,24494.677449711293,21924.656726715184,27064.6981727074,10,2019-08-07 23:00:00+00:00
2019-12-26 09:00:00+00:00,27882.0,25875.451837788078,23227.48753386477,28523.416141711386,11,2019-08-07 23:00:00+00:00
2019-12-26 10:00:00+00:00,28156.0,26460.739531753574,23744.827072185864,29176.651991321283,12,2019-08-07 23:00:00+00:00
2019-12-26 11:00:00+00:00,28005.0,26488.105860415475,23712.715673552477,29263.496047278473,13,2019-08-07 23:00:00+00:00
2019-12-26 12:00:00+00:00,28140.0,26544.179961197882,23716.552437073133,29371.80748532263,14,2019-08-07 23:00:00+00:00
2019-12-26 13:00:00+00:00,27404.0,25860.59706245914,22986.96449400645,28734.22963091183,15,2019-08-07 23:00:00+00:00
2019-12-26 14:00:00+00:00,26230.0,24863.818940921097,21949.576609644653,27778.06127219754,16,2019-08-07 23:00:00+00:00
2019-12-26 15:00:00+00:00,25715.0,24517.972961585583,21567.81370371798,27468.132219453186,17,2019-08-07 23:00:00+00:00
2019-12-26 16:00:00+00:00,26216.0,25040.08947695313,22058.111334647827,28022.067619258432,18,2019-08-07 23:00:00+00:00
2019-12-26 17:00:00+00:00,27989.0,26958.91088857419,23948.704477015537,29969.117300132846,19,2019-08-07 23:00:00+00:00
2019-12-26 18:00:00+00:00,28522.0,27651.11434435405,24615.834633511527,30686.39405519657,20,2019-08-07 23:00:00+00:00
2019-12-26 19:00:00+00:00,28964.0,28123.980744511155,25066.406661969835,31181.554827052474,21,2019-08-07 23:00:00+00:00
2019-12-26 20:00:00+00:00,28740.0,27844.146602655193,24766.73097736993,30921.562227940456,22,2019-08-07 23:00:00+00:00
2019-12-26 21:00:00+00:00,27136.0,26406.961211978003,23311.8729566978,29502.049467258206,23,2019-08-07 23:00:00+00:00
2019-12-26 22:00:00+00:00,24778.0,24211.2011238069,21100.361108528607,27322.04113908519,24,2019-08-07 23:00:00+00:00
2019-12-26 23:00:00+00:00,22848.0,22773.211865805926,22197.30863159611,23349.11510001574,1,2019-08-07 23:00:00+00:00
2019-12-27 00:00:00+00:00,21041.0,21064.039213197462,20010.183338725597,22117.895087669327,2,2019-08-07 23:00:00+00:00
2019-12-27 01:00:00+00:00,19999.0,19962.24263586869,18518.780299094156,21405.704972643223,3,2019-08-07 23:00:00+00:00
2019-12-27 02:00:00+00:00,19466.0,19360.22416473275,17639.803710309036,21080.644619156465,4,2019-08-07 23:00:00+00:00
2019-12-27 03:00:00+00:00,19413.0,19165.739942714772,17230.498414904258,21100.981470525287,5,2019-08-07 23:00:00+00:00
2019-12-27 04:00:00+00:00,20024.0,19641.791702047623,17532.548445893437,21751.03495820181,6,2019-08-07 23:00:00+00:00
2019-12-27 05:00:00+00:00,22027.0,21398.29018803826,19144.502371544968,23652.07800453155,7,2019-08-07 23:00:00+00:00
2019-12-27 06:00:00+00:00,24741.0,24049.462722048986,21673.603085759965,26425.322358338006,8,2019-08-07 23:00:00+00:00
2019-12-27 07:00:00+00:00,27053.0,26057.44523474244,23577.292202320274,28537.59826716461,9,2019-08-07 23:00:00+00:00
2019-12-27 08:00:00+00:00,29189.0,27773.114708540455,25203.09398554435,30343.13543153656,10,2019-08-07 23:00:00+00:00
2019-12-27 09:00:00+00:00,30154.0,28957.666405364544,26309.702101441235,31605.630709287852,11,2019-08-07 23:00:00+00:00
2019-12-27 10:00:00+00:00,30211.0,29221.16174461373,26505.249285046022,31937.07420418144,12,2019-08-07 23:00:00+00:00
2019-12-27 11:00:00+00:00,29837.0,29053.465244562285,26278.075057699287,31828.855431425283,13,2019-08-07 23:00:00+00:00
2019-12-27 12:00:00+00:00,29877.0,29116.782236644016,26289.154712519266,31944.409760768765,14,2019-08-07 23:00:00+00:00
2019-12-27 13:00:00+00:00,29011.0,28375.663698765566,25502.031130312876,31249.296267218255,15,2019-08-07 23:00:00+00:00
2019-12-27 14:00:00+00:00,27961.0,27382.95035773377,24468.708026457323,30297.19268901022,16,2019-08-07 23:00:00+00:00
2019-12-27 15:00:00+00:00,27525.0,26949.115562979845,23998.956305112242,29899.274820847448,17,2019-08-07 23:00:00+00:00
2019-12-27 16:00:00+00:00,27947.0,27413.889545947455,24431.911403642152,30395.867688252758,18,2019-08-07 23:00:00+00:00
2019-12-27 17:00:00+00:00,29726.0,29158.57417224837,26148.367760689714,32168.780583807024,19,2019-08-07 23:00:00+00:00
2019-12-27 18:00:00+00:00,30189.0,29672.151589334277,26636.871878491755,32707.4313001768,20,2019-08-07 23:00:00+00:00
2019-12-27 19:00:00+00:00,30324.0,30004.93714336113,26947.36306081981,33062.51122590245,21,2019-08-07 23:00:00+00:00
2019-12-27 20:00:00+00:00,29927.0,29569.088594778743,26491.67296949348,32646.504220064005,22,2019-08-07 23:00:00+00:00
2019-12-27 21:00:00+00:00,28212.0,27844.144360814986,24749.056105534783,30939.23261609519,23,2019-08-07 23:00:00+00:00
2019-12-27 22:00:00+00:00,25913.0,25493.96065938242,22383.12064410413,28604.800674660713,24,2019-08-07 23:00:00+00:00
2019-12-27 23:00:00+00:00,23971.0,23974.979779354624,23399.07654514481,24550.88301356444,1,2019-08-07 23:00:00+00:00
2019-12-28 00:00:00+00:00,22012.0,22198.164626740374,21144.30875226851,23252.02050121224,2,2019-08-07 23:00:00+00:00
2019-12-28 01:00:00+00:00,20787.0,21043.659518802746,19600.197182028212,22487.12185557728,3,2019-08-07 23:00:00+00:00
2019-12-28 02:00:00+00:00,20074.0,20415.489413230083,18695.06895880637,22135.909867653798,4,2019-08-07 23:00:00+00:00
2019-12-28 03:00:00+00:00,19699.0,20241.091710360684,18305.85018255017,22176.3332381712,5,2019-08-07 23:00:00+00:00
2019-12-28 04:00:00+00:00,19844.0,20721.056199669758,18611.81294351557,22830.299455823944,6,2019-08-07 23:00:00+00:00
2019-12-28 05:00:00+00:00,20739.0,22523.278929445787,20269.491112952495,24777.06674593908,7,2019-08-07 23:00:00+00:00
2019-12-28 06:00:00+00:00,22143.0,25192.17938418785,22816.31974789883,27568.03902047687,8,2019-08-07 23:00:00+00:00
2019-12-28 07:00:00+00:00,23846.0,27211.89240448714,24731.73937206497,29692.045436909306,9,2019-08-07 23:00:00+00:00
2019-12-28 08:00:00+00:00,26127.0,28981.241099151917,26411.220376155812,31551.261822148022,10,2019-08-07 23:00:00+00:00
2019-12-28 09:00:00+00:00,27937.0,30012.25015547276,27364.28585154945,32660.21445939607,11,2019-08-07 23:00:00+00:00
2019-12-28 10:00:00+00:00,28226.0,30178.79240935664,27462.87994978893,32894.70486892435,12,2019-08-07 23:00:00+00:00
2019-12-28 11:00:00+00:00,27909.0,29913.825490866722,27138.435304003724,32689.21567772972,13,2019-08-07 23:00:00+00:00
2019-12-28 12:00:00+00:00,27905.0,29933.93760289496,27106.31007877021,32761.56512701971,14,2019-08-07 23:00:00+00:00
2019-12-28 13:00:00+00:00,27402.0,29129.59664132129,26255.9640728686,32003.229209773977,15,2019-08-07 23:00:00+00:00
2019-12-28 14:00:00+00:00,26285.0,28142.749961306698,25228.507630030253,31056.99229258314,16,2019-08-07 23:00:00+00:00
2019-12-28 15:00:00+00:00,25643.0,27711.983144438247,24761.823886570644,30662.14240230585,17,2019-08-07 23:00:00+00:00
2019-12-28 16:00:00+00:00,25842.0,28138.40544863073,25156.427306325426,31120.38359093603,18,2019-08-07 23:00:00+00:00
2019-12-28 17:00:00+00:00,27859.0,29875.161927037534,26864.95551547888,32885.368338596185,19,2019-08-07 23:00:00+00:00
2019-12-28 18:00:00+00:00,28723.0,30353.020589023065,27317.740878180542,33388.30029986559,20,2019-08-07 23:00:00+00:00
2019-12-28 19:00:00+00:00,29310.0,30576.595905442267,27519.021822900948,33634.16998798359,21,2019-08-07 23:00:00+00:00
2019-12-28 20:00:00+00:00,29182.0,30093.387893694504,27015.97226840924,33170.80351897977,22,2019-08-07 23:00:00+00:00
2019-12-28 21:00:00+00:00,27887.0,28332.64531075081,25237.557055470606,31427.733566031013,23,2019-08-07 23:00:00+00:00
2019-12-28 22:00:00+00:00,25810.0,25992.379612751665,22881.539597473373,29103.219628029958,24,2019-08-07 23:00:00+00:00
2019-12-28 23:00:00+00:00,23642.0,23961.237848516186,23385.33461430637,24537.141082726,1,2019-08-07 23:00:00+00:00
2019-12-29 00:00:00+00:00,21734.0,22138.792875119558,21084.937000647693,23192.648749591423,2,2019-08-07 23:00:00+00:00
2019-12-29 01:00:00+00:00,20432.0,20946.235512806867,19502.773176032333,22389.6978495814,3,2019-08-07 23:00:00+00:00
2019-12-29 02:00:00+00:00,19581.0,20278.205743844577,18557.785289420863,21998.62619826829,4,2019-08-07 23:00:00+00:00
2019-12-29 03:00:00+00:00,19255.0,20015.343200525745,18080.10167271523,21950.58472833626,5,2019-08-07 23:00:00+00:00
2019-12-29 04:00:00+00:00,19374.0,20355.47095588022,18246.227699726034,22464.714212034407,6,2019-08-07 23:00:00+00:00
2019-12-29 05:00:00+00:00,19845.0,21794.50732562278,19540.71950912949,24048.295142116072,7,2019-08-07 23:00:00+00:00
2019-12-29 06:00:00+00:00,20697.0,24007.253969789926,21631.394333500906,26383.113606078947,8,2019-08-07 23:00:00+00:00
2019-12-29 07:00:00+00:00,21589.0,25854.03234088573,23373.87930846356,28334.185373307897,9,2019-08-07 23:00:00+00:00
2019-12-29 08:00:00+00:00,23309.0,27731.110739267217,25161.09001627111,30301.13146226332,10,2019-08-07 23:00:00+00:00
2019-12-29 09:00:00+00:00,25272.0,29067.425770004,26419.46146608069,31715.39007392731,11,2019-08-07 23:00:00+00:00
2019-12-29 10:00:00+00:00,26020.0,29312.311392441923,26596.398932874214,32028.223852009633,12,2019-08-07 23:00:00+00:00
2019-12-29 11:00:00+00:00,25924.0,29062.20356117286,26286.813374309862,31837.59374803586,13,2019-08-07 23:00:00+00:00
2019-12-29 12:00:00+00:00,26232.0,29076.515203773626,26248.887679648877,31904.142727898376,14,2019-08-07 23:00:00+00:00
2019-12-29 13:00:00+00:00,26081.0,28402.48053444469,25528.847965992,31276.11310289738,15,2019-08-07 23:00:00+00:00
2019-12-29 14:00:00+00:00,24938.0,27390.330467446038,24476.088136169594,30304.572798722482,16,2019-08-07 23:00:00+00:00
2019-12-29 15:00:00+00:00,24306.0,26891.051542521087,23940.892284653484,29841.21080038869,17,2019-08-07 23:00:00+00:00
2019-12-29 16:00:00+00:00,24635.0,27242.591512778545,24260.613370473242,30224.569655083847,18,2019-08-07 23:00:00+00:00
2019-12-29 17:00:00+00:00,26789.0,29076.216480663054,26066.0100691044,32086.422892221708,19,2019-08-07 23:00:00+00:00
2019-12-29 18:00:00+00:00,27812.0,29702.239626311573,26666.95991546905,32737.519337154095,20,2019-08-07 23:00:00+00:00
2019-12-29 19:00:00+00:00,28772.0,30082.823722510595,27025.249639969275,33140.397805051914,21,2019-08-07 23:00:00+00:00
2019-12-29 20:00:00+00:00,28895.0,29712.307708454864,26634.8920831696,32789.72333374013,22,2019-08-07 23:00:00+00:00
2019-12-29 21:00:00+00:00,27823.0,28113.361377062312,25018.27312178211,31208.449632342516,23,2019-08-07 23:00:00+00:00
2019-12-29 22:00:00+00:00,25629.0,25862.692997414168,22751.852982135875,28973.53301269246,24,2019-08-07 23:00:00+00:00
2019-12-29 23:00:00+00:00,23245.0,23588.55782432083,23012.654590111015,24164.461058530644,1,2019-08-07 23:00:00+00:00
2019-12-30 00:00:00+00:00,21284.0,21728.355257414434,20674.49938294257,22782.2111318863,2,2019-08-07 23:00:00+00:00
2019-12-30 01:00:00+00:00,20221.0,20518.590983958427,19075.128647183894,21962.05332073296,3,2019-08-07 23:00:00+00:00
2019-12-30 02:00:00+00:00,19619.0,19809.801862297227,18089.381407873512,21530.22231672094,4,2019-08-07 23:00:00+00:00
2019-12-30 03:00:00+00:00,19594.0,19564.403821358224,17629.16229354771,21499.64534916874,5,2019-08-07 23:00:00+00:00
2019-12-30 04:00:00+00:00,20156.0,19883.796496345734,17774.553240191548,21993.03975249992,6,2019-08-07 23:00:00+00:00
2019-12-30 05:00:00+00:00,22051.0,21114.096862688828,18860.309046195536,23367.88467918212,7,2019-08-07 23:00:00+00:00
2019-12-30 06:00:00+00:00,24961.0,23038.06391693604,20662.20428064702,25413.92355322506,8,2019-08-07 23:00:00+00:00
2019-12-30 07:00:00+00:00,27529.0,24585.523040784006,22105.37000836184,27065.676073206174,9,2019-08-07 23:00:00+00:00
2019-12-30 08:00:00+00:00,29989.0,26321.57941014368,23751.558687147575,28891.600133139786,10,2019-08-07 23:00:00+00:00
2019-12-30 09:00:00+00:00,31066.0,27782.50528605624,25134.54098213293,30430.469589979548,11,2019-08-07 23:00:00+00:00
2019-12-30 10:00:00+00:00,30952.0,28207.87616602901,25491.9637064613,30923.78862559672,12,2019-08-07 23:00:00+00:00
2019-12-30 11:00:00+00:00,30433.0,28038.001987066447,25262.61180020345,30813.392173929446,13,2019-08-07 23:00:00+00:00
2019-12-30 12:00:00+00:00,30547.0,28170.97891822909,25343.351394104342,30998.60644235384,14,2019-08-07 23:00:00+00:00
2019-12-30 13:00:00+00:00,29831.0,27653.34838290091,24779.71581444822,30526.9809513536,15,2019-08-07 23:00:00+00:00
2019-12-30 14:00:00+00:00,28776.0,26626.252262571976,23712.009931295528,29540.494593848423,16,2019-08-07 23:00:00+00:00
2019-12-30 15:00:00+00:00,28371.0,26119.84845908711,23169.689201219506,29070.00771695471,17,2019-08-07 23:00:00+00:00
2019-12-30 16:00:00+00:00,28664.0,26505.91456268693,23523.936420381626,29487.89270499223,18,2019-08-07 23:00:00+00:00
2019-12-30 17:00:00+00:00,30492.0,28418.393723002173,25408.18731144352,31428.600134560827,19,2019-08-07 23:00:00+00:00
2019-12-30 18:00:00+00:00,31076.0,29137.71389151777,26102.43418067525,32172.993602360293,20,2019-08-07 23:00:00+00:00
2019-12-30 19:00:00+00:00,31293.0,29684.46735105366,26626.89326851234,32742.04143359498,21,2019-08-07 23:00:00+00:00
2019-12-30 20:00:00+00:00,31077.0,29440.35638376778,26362.940758482517,32517.772009053042,22,2019-08-07 23:00:00+00:00
2019-12-30 21:00:00+00:00,29282.0,27965.139321753428,24870.051066473225,31060.22757703363,23,2019-08-07 23:00:00+00:00
2019-12-30 22:00:00+00:00,26713.0,25698.980992178003,22588.14097689971,28809.821007456296,24,2019-08-07 23:00:00+00:00
2019-12-30 23:00:00+00:00,24230.0,24395.230219616657,23819.326985406842,24971.13345382647,1,2019-08-07 23:00:00+00:00
2019-12-31 00:00:00+00:00,22065.0,22468.82723842313,21414.971363951267,23522.683112894996,2,2019-08-07 23:00:00+00:00
2019-12-31 01:00:00+00:00,20632.0,21285.410127819177,19841.947791044644,22728.87246459371,3,2019-08-07 23:00:00+00:00
2019-12-31 02:00:00+00:00,19906.0,20602.730612546864,18882.31015812315,22323.15106697058,4,2019-08-07 23:00:00+00:00
2019-12-31 03:00:00+00:00,19779.0,20412.367323786133,18477.12579597562,22347.608851596648,5,2019-08-07 23:00:00+00:00
2019-12-31 04:00:00+00:00,20068.0,20825.271057714934,18716.027801560747,22934.51431386912,6,2019-08-07 23:00:00+00:00
2019-12-31 05:00:00+00:00,21496.0,22434.82145815262,20181.033641659327,24688.60927464591,7,2019-08-07 23:00:00+00:00
2019-12-31 06:00:00+00:00,23724.0,24929.457441193936,22553.597804904915,27305.317077482956,8,2019-08-07 23:00:00+00:00
2019-12-31 07:00:00+00:00,25826.0,26964.09951939382,24483.946486971654,29444.25255181599,9,2019-08-07 23:00:00+00:00
2019-12-31 08:00:00+00:00,28323.0,28931.978833631278,26361.958110635172,31501.999556627383,10,2019-08-07 23:00:00+00:00
2019-12-31 09:00:00+00:00,29859.0,30105.260385328,27457.296081404693,32753.22468925131,11,2019-08-07 23:00:00+00:00
2019-12-31 10:00:00+00:00,30089.0,30230.780285937068,27514.86782636936,32946.69274550478,12,2019-08-07 23:00:00+00:00
2019-12-31 11:00:00+00:00,29472.0,29889.690704811692,27114.300517948694,32665.08089167469,13,2019-08-07 23:00:00+00:00
2019-12-31 12:00:00+00:00,29020.0,29948.209616414773,27120.582092290024,32775.83714053952,14,2019-08-07 23:00:00+00:00
2019-12-31 13:00:00+00:00,28102.0,29247.819278718405,26374.186710265716,32121.451847171094,15,2019-08-07 23:00:00+00:00
2019-12-31 14:00:00+00:00,27102.0,28214.173064819122,25299.93073354268,31128.415396095566,16,2019-08-07 23:00:00+00:00
2019-12-31 15:00:00+00:00,26594.0,27751.386175047795,24801.226917180193,30701.545432915398,17,2019-08-07 23:00:00+00:00
2019-12-31 16:00:00+00:00,26947.0,28096.043571996335,25114.065429691032,31078.021714301638,18,2019-08-07 23:00:00+00:00
2019-12-31 17:00:00+00:00,29322.0,29901.16819682646,26890.961785267806,32911.374608385115,19,2019-08-07 23:00:00+00:00
2019-12-31 18:00:00+00:00,30191.0,30481.26763697635,27445.98792613383,33516.54734781887,20,2019-08-07 23:00:00+00:00
2019-12-31 19:00:00+00:00,29362.0,30793.961361552236,27736.387279010916,33851.535444093555,21,2019-08-07 23:00:00+00:00
2019-12-31 20:00:00+00:00,27608.0,30456.62720197224,27379.211576686976,33534.0428272575,22,2019-08-07 23:00:00+00:00
2019-12-31 21:00:00+00:00,25241.0,28755.17626888369,25660.088013603487,31850.264524163893,23,2019-08-07 23:00:00+00:00
2019-12-31 22:00:00+00:00,23911.0,26347.563281455456,23236.723266177163,29458.403296733748,24,2019-08-07 23:00:00+00:00
2019-12-31 23:00:00+00:00,22963.0,22480.120310190938,21904.217075981123,23056.023544400752,1,2019-08-07 23:00:00+00:00
2020-01-01 00:00:00+00:00,22162.0,20908.434213011915,19854.57833854005,21962.29008748378,2,2019-08-07 23:00:00+00:00
2020-01-01 01:00:00+00:00,20891.0,19701.730327567882,18258.26799079335,21145.192664342416,3,2019-08-07 23:00:00+00:00
2020-01-01 02:00:00+00:00,19708.0,19069.555498365396,17349.135043941682,20789.97595278911,4,2019-08-07 23:00:00+00:00
2020-01-01 03:00:00+00:00,18960.0,18943.644825909214,17008.4032980987,20878.88635371973,5,2019-08-07 23:00:00+00:00
2020-01-01 04:00:00+00:00,18697.0,19353.008997942467,17243.76574178828,21462.252254096653,6,2019-08-07 23:00:00+00:00
2020-01-01 05:00:00+00:00,18933.0,20902.123395934013,18648.33557944072,23155.911212427305,7,2019-08-07 23:00:00+00:00
2020-01-01 06:00:00+00:00,19326.0,23271.263834885543,20895.404198596523,25647.123471174564,8,2019-08-07 23:00:00+00:00
2020-01-01 07:00:00+00:00,19259.0,25269.460181668586,22789.30714924642,27749.613214090754,9,2019-08-07 23:00:00+00:00
2020-01-01 08:00:00+00:00,20008.0,27373.62989362754,24803.609170631436,29943.650616623647,10,2019-08-07 23:00:00+00:00
2020-01-01 09:00:00+00:00,21791.0,28758.231687241714,26110.267383318405,31406.195991165023,11,2019-08-07 23:00:00+00:00
2020-01-01 10:00:00+00:00,23172.0,29032.537243626695,26316.624784058986,31748.449703194405,12,2019-08-07 23:00:00+00:00
2020-01-01 11:00:00+00:00,23768.0,28685.675523407786,25910.285336544788,31461.065710270785,13,2019-08-07 23:00:00+00:00
2020-01-01 12:00:00+00:00,24322.0,28596.20968870276,25768.58216457801,31423.837212827508,14,2019-08-07 23:00:00+00:00
2020-01-01 13:00:00+00:00,24285.0,27867.53250958882,24993.89994113613,30741.165078041508,15,2019-08-07 23:00:00+00:00
2020-01-01 14:00:00+00:00,23049.0,26895.060423403418,23980.818092126974,29809.302754679862,16,2019-08-07 23:00:00+00:00
2020-01-01 15:00:00+00:00,22610.0,26444.06502470208,23493.905766834476,29394.22428256968,17,2019-08-07 23:00:00+00:00
2020-01-01 16:00:00+00:00,23095.0,26843.32279321463,23861.344650909326,29825.300935519932,18,2019-08-07 23:00:00+00:00
2020-01-01 17:00:00+00:00,25336.0,28885.890508874632,25875.684097315978,31896.096920433287,19,2019-08-07 23:00:00+00:00
2020-01-01 18:00:00+00:00,26609.0,29604.592336310452,26569.31262546793,32639.872047152974,20,2019-08-07 23:00:00+00:00
2020-01-01 19:00:00+00:00,27554.0,29561.597652708795,26504.023570167476,32619.171735250115,21,2019-08-07 23:00:00+00:00
2020-01-01 20:00:00+00:00,27858.0,28716.638227445303,25639.22260216004,31794.053852730565,22,2019-08-07 23:00:00+00:00
2020-01-01 21:00:00+00:00,27007.0,26827.196413819333,23732.10815853913,29922.284669099536,23,2019-08-07 23:00:00+00:00
2020-01-01 22:00:00+00:00,24776.0,24874.44694629062,21763.606931012328,27985.286961568912,24,2019-08-07 23:00:00+00:00
2020-01-01 23:00:00+00:00,22419.0,22840.104629868896,22264.20139565908,23416.00786407871,1,2019-08-07 23:00:00+00:00
2020-01-02 00:00:00+00:00,20561.0,21212.99750985201,20159.141635380147,22266.853384323877,2,2019-08-07 23:00:00+00:00
2020-01-02 01:00:00+00:00,19370.0,20022.600902285245,18579.13856551071,21466.06323905978,3,2019-08-07 23:00:00+00:00
2020-01-02 02:00:00+00:00,18788.0,19207.595276790467,17487.174822366753,20928.015731214182,4,2019-08-07 23:00:00+00:00
2020-01-02 03:00:00+00:00,18836.0,18851.801422713266,16916.55989490275,20787.04295052378,5,2019-08-07 23:00:00+00:00
2020-01-02 04:00:00+00:00,19626.0,19041.501642914074,16932.258386759888,21150.74489906826,6,2019-08-07 23:00:00+00:00
2020-01-02 05:00:00+00:00,22245.0,20140.395810523427,17886.607994030135,22394.18362701672,7,2019-08-07 23:00:00+00:00
2020-01-02 06:00:00+00:00,25840.0,21825.24263376677,19449.38299747775,24201.10227005579,8,2019-08-07 23:00:00+00:00
2020-01-02 07:00:00+00:00,29000.0,23049.73089120962,20569.577858787452,25529.883923631787,9,2019-08-07 23:00:00+00:00
2020-01-02 08:00:00+00:00,31699.0,24568.518747224673,21998.498024228567,27138.539470220778,10,2019-08-07 23:00:00+00:00
2020-01-02 09:00:00+00:00,33289.0,26056.981663667313,23409.017359744004,28704.945967590622,11,2019-08-07 23:00:00+00:00
2020-01-02 10:00:00+00:00,33705.0,26736.75031184187,24020.837852274162,29452.66277140958,12,2019-08-07 23:00:00+00:00
2020-01-02 11:00:00+00:00,33466.0,26789.569931191203,24014.179744328205,29564.9601180542,13,2019-08-07 23:00:00+00:00
2020-01-02 12:00:00+00:00,33499.0,27013.752493512675,24186.124969387925,29841.380017637424,14,2019-08-07 23:00:00+00:00
2020-01-02 13:00:00+00:00,32702.0,26575.587200984402,23701.954632531713,29449.21976943709,15,2019-08-07 23:00:00+00:00
2020-01-02 14:00:00+00:00,31747.0,25511.37387212536,22597.131540848917,28425.616203401805,16,2019-08-07 23:00:00+00:00
2020-01-02 15:00:00+00:00,31416.0,25075.077614852347,22124.918356984745,28025.23687271995,17,2019-08-07 23:00:00+00:00
2020-01-02 16:00:00+00:00,31634.0,25513.260036393032,22531.28189408773,28495.238178698335,18,2019-08-07 23:00:00+00:00
2020-01-02 17:00:00+00:00,33142.0,27546.533321007075,24536.32690944842,30556.73973256573,19,2019-08-07 23:00:00+00:00
2020-01-02 18:00:00+00:00,33615.0,28427.202296215364,25391.922585372842,31462.482007057886,20,2019-08-07 23:00:00+00:00
2020-01-02 19:00:00+00:00,33969.0,28922.742626638646,25865.168544097327,31980.316709179966,21,2019-08-07 23:00:00+00:00
2020-01-02 20:00:00+00:00,33655.0,28703.40170618916,25625.9860809039,31780.817331474424,22,2019-08-07 23:00:00+00:00
2020-01-02 21:00:00+00:00,31581.0,27298.442240748496,24203.353985468293,30393.5304960287,23,2019-08-07 23:00:00+00:00
2020-01-02 22:00:00+00:00,28633.0,25096.94343152482,21986.10341624653,28207.783446803114,24,2019-08-07 23:00:00+00:00
2020-01-02 23:00:00+00:00,26015.0,26093.274440822177,25517.371206612363,26669.17767503199,1,2019-08-07 23:00:00+00:00
2020-01-03 00:00:00+00:00,23822.0,24098.846931260166,23044.9910567883,25152.70280573203,2,2019-08-07 23:00:00+00:00
2020-01-03 01:00:00+00:00,22332.0,22749.931566176776,21306.469229402242,24193.39390295131,3,2019-08-07 23:00:00+00:00
2020-01-03 02:00:00+00:00,21708.0,21936.218807094025,20215.79835267031,23656.63926151774,4,2019-08-07 23:00:00+00:00
2020-01-03 03:00:00+00:00,21564.0,21657.99372801235,19722.752200201834,23593.235255822863,5,2019-08-07 23:00:00+00:00
2020-01-03 04:00:00+00:00,22185.0,22018.879745834955,19909.636489680764,24128.123001989145,6,2019-08-07 23:00:00+00:00
2020-01-03 05:00:00+00:00,24347.0,23725.102099369815,21471.314282876523,25978.889915863107,7,2019-08-07 23:00:00+00:00
2020-01-03 06:00:00+00:00,27670.0,26266.387942416382,23890.528306127362,28642.247578705403,8,2019-08-07 23:00:00+00:00
2020-01-03 07:00:00+00:00,30618.0,28363.625427828254,25883.472395406086,30843.77846025042,9,2019-08-07 23:00:00+00:00
2020-01-03 08:00:00+00:00,33109.0,30367.083028324443,27797.062305328338,32937.10375132055,10,2019-08-07 23:00:00+00:00
2020-01-03 09:00:00+00:00,34426.0,31707.64197226365,29059.67766834034,34355.60627618696,11,2019-08-07 23:00:00+00:00
2020-01-03 10:00:00+00:00,34688.0,32018.35930166576,29302.446842098052,34734.271761233475,12,2019-08-07 23:00:00+00:00
2020-01-03 11:00:00+00:00,34285.0,31734.983313352797,28959.5931264898,34510.37350021579,13,2019-08-07 23:00:00+00:00
2020-01-03 12:00:00+00:00,34246.0,31714.914664013097,28887.287139888347,34542.54218813785,14,2019-08-07 23:00:00+00:00
2020-01-03 13:00:00+00:00,33289.0,30960.49940570108,28086.86683724839,33834.131974153766,15,2019-08-07 23:00:00+00:00
2020-01-03 14:00:00+00:00,32130.0,29888.39465527868,26974.152324002236,32802.636986555124,16,2019-08-07 23:00:00+00:00
2020-01-03 15:00:00+00:00,31545.0,29407.731619983882,26457.57236211628,32357.890877851485,17,2019-08-07 23:00:00+00:00
2020-01-03 16:00:00+00:00,31572.0,29676.981263816393,26695.00312151109,32658.959406121696,18,2019-08-07 23:00:00+00:00
2020-01-03 17:00:00+00:00,32975.0,31397.69120950564,28387.484797946985,34407.897621064294,19,2019-08-07 23:00:00+00:00
2020-01-03 18:00:00+00:00,33516.0,31968.77969844101,28933.499987598487,35004.05940928353,20,2019-08-07 23:00:00+00:00
2020-01-03 19:00:00+00:00,33758.0,32241.022801992363,29183.448719451044,35298.59688453368,21,2019-08-07 23:00:00+00:00
2020-01-03 20:00:00+00:00,33222.0,31801.478829559925,28724.063204274662,34878.894454845184,22,2019-08-07 23:00:00+00:00
2020-01-03 21:00:00+00:00,31340.0,29965.387650391192,26870.29939511099,33060.475905671396,23,2019-08-07 23:00:00+00:00
2020-01-03 22:00:00+00:00,28781.0,27445.143922989704,24334.30390771141,30555.983938267997,24,2019-08-07 23:00:00+00:00
2020-01-03 23:00:00+00:00,26631.0,26473.359996598003,25897.45676238819,27049.263230807817,1,2019-08-07 23:00:00+00:00
2020-01-04 00:00:00+00:00,24377.0,24461.556969742778,23407.701095270913,25515.412844214643,2,2019-08-07 23:00:00+00:00
2020-01-04 01:00:00+00:00,22912.0,23045.037858198757,21601.575521424224,24488.50019497329,3,2019-08-07 23:00:00+00:00
2020-01-04 02:00:00+00:00,22042.0,22263.616045699106,20543.19559127539,23984.03650012282,4,2019-08-07 23:00:00+00:00
2020-01-04 03:00:00+00:00,21752.0,21974.46874420347,20039.227216392956,23909.710272013985,5,2019-08-07 23:00:00+00:00
2020-01-04 04:00:00+00:00,21751.0,22344.71473452496,20235.471478370775,24453.957990679148,6,2019-08-07 23:00:00+00:00
2020-01-04 05:00:00+00:00,22446.0,24016.293677447426,21762.505860954134,26270.081493940717,7,2019-08-07 23:00:00+00:00
2020-01-04 06:00:00+00:00,23863.0,26606.501163078774,24230.641526789754,28982.360799367794,8,2019-08-07 23:00:00+00:00
2020-01-04 07:00:00+00:00,25516.0,28774.644100311994,26294.491067889827,31254.797132734162,9,2019-08-07 23:00:00+00:00
2020-01-04 08:00:00+00:00,27901.0,30803.609031235614,28233.58830823951,33373.62975423172,10,2019-08-07 23:00:00+00:00
2020-01-04 09:00:00+00:00,29976.0,32089.536486675373,29441.572182752065,34737.500790598686,11,2019-08-07 23:00:00+00:00
2020-01-04 10:00:00+00:00,30487.0,32369.766304442775,29653.853844875066,35085.67876401049,12,2019-08-07 23:00:00+00:00
2020-01-04 11:00:00+00:00,30063.0,32044.02087614554,29268.63068928254,34819.411063008534,13,2019-08-07 23:00:00+00:00
2020-01-04 12:00:00+00:00,30100.0,32015.248150469775,29187.620626345026,34842.87567459453,14,2019-08-07 23:00:00+00:00
2020-01-04 13:00:00+00:00,29800.0,31207.82717432567,28334.19460587298,34081.45974277836,15,2019-08-07 23:00:00+00:00
2020-01-04 14:00:00+00:00,28777.0,30086.362705492364,27172.120374215916,33000.60503676881,16,2019-08-07 23:00:00+00:00
2020-01-04 15:00:00+00:00,27880.0,29541.892503517753,26591.733245650146,32492.05176138536,17,2019-08-07 23:00:00+00:00
2020-01-04 16:00:00+00:00,27912.0,29744.35022179768,26762.372079492376,32726.32836410298,18,2019-08-07 23:00:00+00:00
2020-01-04 17:00:00+00:00,29895.0,31408.554316779693,28398.34790522104,34418.76072833835,19,2019-08-07 23:00:00+00:00
2020-01-04 18:00:00+00:00,30820.0,31999.472048079217,28964.19233723669,35034.75175892174,20,2019-08-07 23:00:00+00:00
2020-01-04 19:00:00+00:00,31528.0,32248.81299203698,29191.23890949566,35306.3870745783,21,2019-08-07 23:00:00+00:00
2020-01-04 20:00:00+00:00,31450.0,31751.816949675354,28674.40132439009,34829.23257496062,22,2019-08-07 23:00:00+00:00
2020-01-04 21:00:00+00:00,30291.0,29961.55623539479,26866.467980114587,33056.644490675,23,2019-08-07 23:00:00+00:00
2020-01-04 22:00:00+00:00,28291.0,27533.99641077842,24423.15639550013,30644.836426056714,24,2019-08-07 23:00:00+00:00
2020-01-04 23:00:00+00:00,26032.0,26316.466438547264,25740.56320433745,26892.36967275708,1,2019-08-07 23:00:00+00:00
2020-01-05 00:00:00+00:00,23822.0,24312.997943250055,23259.14206877819,25366.85381772192,2,2019-08-07 23:00:00+00:00
2020-01-05 01:00:00+00:00,22319.0,22910.88035264823,21467.418015873696,24354.342689422763,3,2019-08-07 23:00:00+00:00
2020-01-05 02:00:00+00:00,21429.0,22073.80499862471,20353.384544200995,23794.225453048424,4,2019-08-07 23:00:00+00:00
2020-01-05 03:00:00+00:00,20925.0,21762.80195345253,19827.560425642016,23698.043481263045,5,2019-08-07 23:00:00+00:00
2020-01-05 04:00:00+00:00,20902.0,21952.15279466913,19842.90953851494,24061.39605082332,6,2019-08-07 23:00:00+00:00
2020-01-05 05:00:00+00:00,21521.0,23167.615707053803,20913.82789056051,25421.403523547095,7,2019-08-07 23:00:00+00:00
2020-01-05 06:00:00+00:00,22449.0,25173.246111343342,22797.38647505432,27549.105747632362,8,2019-08-07 23:00:00+00:00
2020-01-05 07:00:00+00:00,23260.0,26982.45202621428,24502.298993792112,29462.605058636447,9,2019-08-07 23:00:00+00:00
2020-01-05 08:00:00+00:00,25292.0,29040.74893173905,26470.728208742945,31610.769654735155,10,2019-08-07 23:00:00+00:00
2020-01-05 09:00:00+00:00,27702.0,30612.922370616012,27964.958066692703,33260.886674539324,11,2019-08-07 23:00:00+00:00
2020-01-05 10:00:00+00:00,28670.0,30989.20287527617,28273.29041570846,33705.11533484388,12,2019-08-07 23:00:00+00:00
2020-01-05 11:00:00+00:00,28566.0,30654.291462471243,27878.901275608245,33429.68164933424,13,2019-08-07 23:00:00+00:00
2020-01-05 12:00:00+00:00,28713.0,30659.308365138415,27831.680841013665,33486.935889263164,14,2019-08-07 23:00:00+00:00
2020-01-05 13:00:00+00:00,28639.0,30077.259140631064,27203.626572178375,32950.89170908375,15,2019-08-07 23:00:00+00:00
2020-01-05 14:00:00+00:00,27315.0,29006.993036294793,26092.750705018345,31921.23536757124,16,2019-08-07 23:00:00+00:00
2020-01-05 15:00:00+00:00,26445.0,28351.448633267893,25401.28937540029,31301.607891135496,17,2019-08-07 23:00:00+00:00
2020-01-05 16:00:00+00:00,26203.0,28539.84440473207,25557.866262426767,31521.822547037373,18,2019-08-07 23:00:00+00:00
2020-01-05 17:00:00+00:00,27664.0,30386.214965719028,27376.008554160373,33396.42137727768,19,2019-08-07 23:00:00+00:00
2020-01-05 18:00:00+00:00,28118.0,31114.841238927464,28079.56152808494,34150.12094976999,20,2019-08-07 23:00:00+00:00
2020-01-05 19:00:00+00:00,28894.0,31536.506539083995,28478.932456542676,34594.08062162532,21,2019-08-07 23:00:00+00:00
2020-01-05 20:00:00+00:00,29334.0,31204.696930138758,28127.281304853495,34282.11255542402,22,2019-08-07 23:00:00+00:00
2020-01-05 21:00:00+00:00,28877.0,29668.286708094503,26573.1984528143,32763.374963374707,23,2019-08-07 23:00:00+00:00
2020-01-05 22:00:00+00:00,27264.0,27430.21240447272,24319.37238919443,30541.052419751013,24,2019-08-07 23:00:00+00:00
2020-01-05 23:00:00+00:00,25218.0,25327.35574193389,24751.452507724076,25903.258976143705,1,2019-08-07 23:00:00+00:00
2020-01-06 00:00:00+00:00,23170.0,23346.131032025136,22292.27515755327,24399.986906497,2,2019-08-07 23:00:00+00:00
2020-01-06 01:00:00+00:00,21553.0,21963.411074103595,20519.94873732906,23406.87341087813,3,2019-08-07 23:00:00+00:00
2020-01-06 02:00:00+00:00,20698.0,21153.87665771833,19433.456203294616,22874.297112142045,4,2019-08-07 23:00:00+00:00
2020-01-06 03:00:00+00:00,20348.0,20805.162292486784,18869.92076467627,22740.4038202973,5,2019-08-07 23:00:00+00:00
2020-01-06 04:00:00+00:00,20507.0,20997.53377593568,18888.29051978149,23106.77703208987,6,2019-08-07 23:00:00+00:00
2020-01-06 05:00:00+00:00,21098.0,22153.249246884974,19899.461430391682,24407.037063378266,7,2019-08-07 23:00:00+00:00
2020-01-06 06:00:00+00:00,21919.0,23939.904706446952,21564.045070157932,26315.764342735973,8,2019-08-07 23:00:00+00:00
2020-01-06 07:00:00+00:00,22452.0,25455.474363962527,22975.32133154036,27935.627396384694,9,2019-08-07 23:00:00+00:00
2020-01-06 08:00:00+00:00,24303.0,27455.489574546544,24885.46885155044,30025.51029754265,10,2019-08-07 23:00:00+00:00
2020-01-06 09:00:00+00:00,26132.0,29238.060569799753,26590.096265876444,31886.02487372306,11,2019-08-07 23:00:00+00:00
2020-01-06 10:00:00+00:00,26883.0,29821.10510214121,27105.1926425735,32537.01756170892,12,2019-08-07 23:00:00+00:00
2020-01-06 11:00:00+00:00,26585.0,29614.128831162852,26838.738644299854,32389.51901802585,13,2019-08-07 23:00:00+00:00
2020-01-06 12:00:00+00:00,26685.0,29685.295070774686,26857.667546649936,32512.922594899435,14,2019-08-07 23:00:00+00:00
2020-01-06 13:00:00+00:00,26166.0,29241.41136115457,26367.77879270188,32115.043929607258,15,2019-08-07 23:00:00+00:00
2020-01-06 14:00:00+00:00,24934.0,28088.689598703706,25174.447267427262,31002.93192998015,16,2019-08-07 23:00:00+00:00
2020-01-06 15:00:00+00:00,24584.0,27431.635027252916,24481.475769385313,30381.79428512052,17,2019-08-07 23:00:00+00:00
2020-01-06 16:00:00+00:00,25036.0,27519.652989864724,24537.67484755942,30501.631132170027,18,2019-08-07 23:00:00+00:00
2020-01-06 17:00:00+00:00,27324.0,29212.047626489722,26201.841214931068,32222.254038048377,19,2019-08-07 23:00:00+00:00
2020-01-06 18:00:00+00:00,28886.0,29811.674513177215,26776.394802334693,32846.95422401974,20,2019-08-07 23:00:00+00:00
2020-01-06 19:00:00+00:00,29805.0,30309.11089786554,27251.53681532422,33366.68498040686,21,2019-08-07 23:00:00+00:00
2020-01-06 20:00:00+00:00,30265.0,30210.423686255846,27133.008060970584,33287.83931154111,22,2019-08-07 23:00:00+00:00
2020-01-06 21:00:00+00:00,29477.0,28988.2206762674,25893.132420987196,32083.308931547603,23,2019-08-07 23:00:00+00:00
2020-01-06 22:00:00+00:00,27131.0,26932.555138613232,23821.71512333494,30043.395153891524,24,2019-08-07 23:00:00+00:00
2020-01-06 23:00:00+00:00,24914.0,24796.272793291984,24220.36955908217,25372.1760275018,1,2019-08-07 23:00:00+00:00
2020-01-07 00:00:00+00:00,22873.0,22706.878583876944,21653.02270940508,23760.73445834881,2,2019-08-07 23:00:00+00:00
2020-01-07 01:00:00+00:00,21795.0,21290.052961280267,19846.590624505734,22733.5152980548,3,2019-08-07 23:00:00+00:00
2020-01-07 02:00:00+00:00,21435.0,20506.307290029625,18785.88683560591,22226.72774445334,4,2019-08-07 23:00:00+00:00
2020-01-07 03:00:00+00:00,21447.0,20215.69063467403,18280.449106863514,22150.932162484543,5,2019-08-07 23:00:00+00:00
2020-01-07 04:00:00+00:00,22344.0,20467.536206710178,18358.292950555988,22576.779462864368,6,2019-08-07 23:00:00+00:00
2020-01-07 05:00:00+00:00,25522.0,21565.556142926474,19311.768326433183,23819.343959419766,7,2019-08-07 23:00:00+00:00
2020-01-07 06:00:00+00:00,30075.0,23224.564162490537,20848.704526201516,25600.423798779557,8,2019-08-07 23:00:00+00:00
2020-01-07 07:00:00+00:00,33505.0,24569.174483731542,22089.021451309374,27049.32751615371,9,2019-08-07 23:00:00+00:00
2020-01-07 08:00:00+00:00,35599.0,26524.717954271306,23954.697231275197,29094.738677267414,10,2019-08-07 23:00:00+00:00
2020-01-07 09:00:00+00:00,36581.0,28192.44457927895,25544.48027535564,30840.408883202257,11,2019-08-07 23:00:00+00:00
2020-01-07 10:00:00+00:00,36630.0,28760.603084114307,26044.690624546598,31476.515543682017,12,2019-08-07 23:00:00+00:00
2020-01-07 11:00:00+00:00,36244.0,28510.835005114794,25735.444818251795,31286.225191977792,13,2019-08-07 23:00:00+00:00
2020-01-07 12:00:00+00:00,36082.0,28588.04501501098,25760.41749088623,31415.67253913573,14,2019-08-07 23:00:00+00:00
2020-01-07 13:00:00+00:00,34950.0,28042.896107472225,25169.263539019536,30916.528675924914,15,2019-08-07 23:00:00+00:00
2020-01-07 14:00:00+00:00,33951.0,26913.916801173644,23999.674469897196,29828.15913245009,16,2019-08-07 23:00:00+00:00
2020-01-07 15:00:00+00:00,33650.0,26429.04891198552,23478.889654117917,29379.208169853122,17,2019-08-07 23:00:00+00:00
2020-01-07 16:00:00+00:00,33830.0,26736.68490075739,23754.70675845209,29718.663043062694,18,2019-08-07 23:00:00+00:00
2020-01-07 17:00:00+00:00,35637.0,28708.454652458808,25698.248240900153,31718.661064017462,19,2019-08-07 23:00:00+00:00
2020-01-07 18:00:00+00:00,36836.0,29698.993352696587,26663.713641854065,32734.27306353911,20,2019-08-07 23:00:00+00:00
2020-01-07 19:00:00+00:00,37430.0,30292.13420049964,27234.56011795832,33349.70828304096,21,2019-08-07 23:00:00+00:00
2020-01-07 20:00:00+00:00,36675.0,30276.96624798658,27199.550622701317,33354.38187327184,22,2019-08-07 23:00:00+00:00
2020-01-07 21:00:00+00:00,33717.0,29039.697477794525,25944.609222514322,32134.78573307473,23,2019-08-07 23:00:00+00:00
2020-01-07 22:00:00+00:00,30100.0,26783.095338221374,23672.25532294308,29893.935353499666,24,2019-08-07 23:00:00+00:00
2020-01-07 23:00:00+00:00,27671.0,27299.32048436092,26723.417250151106,27875.223718570734,1,2019-08-07 23:00:00+00:00
2020-01-08 00:00:00+00:00,25575.0,25101.764804710823,24047.90893023896,26155.620679182688,2,2019-08-07 23:00:00+00:00
2020-01-08 01:00:00+00:00,24336.0,23723.815385016216,22280.353048241683,25167.27772179075,3,2019-08-07 23:00:00+00:00
2020-01-08 02:00:00+00:00,23814.0,22985.900694745236,21265.48024032152,24706.32114916895,4,2019-08-07 23:00:00+00:00
2020-01-08 03:00:00+00:00,23739.0,22701.246261124095,20766.00473331358,24636.48778893461,5,2019-08-07 23:00:00+00:00
2020-01-08 04:00:00+00:00,24472.0,23096.671534390258,20987.428278236068,25205.914790544448,6,2019-08-07 23:00:00+00:00
2020-01-08 05:00:00+00:00,27365.0,24958.866633929956,22705.078817436664,27212.654450423248,7,2019-08-07 23:00:00+00:00
2020-01-08 06:00:00+00:00,32360.0,27758.939253948312,25383.079617659292,30134.798890237333,8,2019-08-07 23:00:00+00:00
2020-01-08 07:00:00+00:00,35871.0,29952.162607988914,27472.009575566746,32432.31564041108,9,2019-08-07 23:00:00+00:00
2020-01-08 08:00:00+00:00,36864.0,31893.173727633217,29323.15300463711,34463.19445062932,10,2019-08-07 23:00:00+00:00
2020-01-08 09:00:00+00:00,37475.0,33191.477685430946,30543.513381507637,35839.44198935426,11,2019-08-07 23:00:00+00:00
2020-01-08 10:00:00+00:00,37213.0,33449.698401599846,30733.785942032137,36165.61086116756,12,2019-08-07 23:00:00+00:00
2020-01-08 11:00:00+00:00,36493.0,33086.62528291187,30311.23509604887,35862.015469774866,13,2019-08-07 23:00:00+00:00
2020-01-08 12:00:00+00:00,36331.0,33000.73802760653,30173.11050348178,35828.36555173128,14,2019-08-07 23:00:00+00:00
2020-01-08 13:00:00+00:00,35137.0,32170.172224110825,29296.539655658136,35043.80479256351,15,2019-08-07 23:00:00+00:00
2020-01-08 14:00:00+00:00,34310.0,31048.204426551794,28133.962095275347,33962.44675782824,16,2019-08-07 23:00:00+00:00
2020-01-08 15:00:00+00:00,34064.0,30537.28565002213,27587.12639215453,33487.44490788974,17,2019-08-07 23:00:00+00:00
2020-01-08 16:00:00+00:00,34331.0,30707.559666755013,27725.58152444971,33689.53780906031,18,2019-08-07 23:00:00+00:00
2020-01-08 17:00:00+00:00,36215.0,32491.248339536018,29481.041927977363,35501.45475109467,19,2019-08-07 23:00:00+00:00
2020-01-08 18:00:00+00:00,37483.0,33371.19052405759,30335.910813215065,36406.47023490011,20,2019-08-07 23:00:00+00:00
2020-01-08 19:00:00+00:00,38004.0,33839.35098088988,30781.776898348562,36896.925063431205,21,2019-08-07 23:00:00+00:00
2020-01-08 20:00:00+00:00,37038.0,33399.647390719365,30322.231765434102,36477.06301600463,22,2019-08-07 23:00:00+00:00
2020-01-08 21:00:00+00:00,34032.0,31392.719141226928,28297.630885946724,34487.80739650713,23,2019-08-07 23:00:00+00:00
2020-01-08 22:00:00+00:00,30476.0,28625.30948041673,25514.469465138438,31736.149495695023,24,2019-08-07 23:00:00+00:00
2020-01-08 23:00:00+00:00,27794.0,27838.436421769446,27262.53318755963,28414.33965597926,1,2019-08-07 23:00:00+00:00
2020-01-09 00:00:00+00:00,25752.0,25671.1720562681,24617.316181796235,26725.027930739965,2,2019-08-07 23:00:00+00:00
2020-01-09 01:00:00+00:00,24548.0,24279.57669051563,22836.114353741097,25723.039027290164,3,2019-08-07 23:00:00+00:00
2020-01-09 02:00:00+00:00,24077.0,23536.741602857386,21816.32114843367,25257.1620572811,4,2019-08-07 23:00:00+00:00
2020-01-09 03:00:00+00:00,24046.0,23263.67999895879,21328.438471148274,25198.921526769303,5,2019-08-07 23:00:00+00:00
2020-01-09 04:00:00+00:00,24830.0,23668.353168061138,21559.109911906948,25777.596424215328,6,2019-08-07 23:00:00+00:00
2020-01-09 05:00:00+00:00,27765.0,25598.08911571254,23344.30129921925,27851.876932205832,7,2019-08-07 23:00:00+00:00
2020-01-09 06:00:00+00:00,32775.0,28782.4260594665,26406.56642317748,31158.28569575552,8,2019-08-07 23:00:00+00:00
2020-01-09 07:00:00+00:00,36044.0,31164.70145517224,28684.54842275007,33644.854487594406,9,2019-08-07 23:00:00+00:00
2020-01-09 08:00:00+00:00,37016.0,32732.293262679017,30162.272539682912,35302.31398567512,10,2019-08-07 23:00:00+00:00
2020-01-09 09:00:00+00:00,37406.0,33861.24315814294,31213.278854219632,36509.20746206625,11,2019-08-07 23:00:00+00:00
2020-01-09 10:00:00+00:00,37005.0,33984.96560204968,31269.053142481967,36700.87806161739,12,2019-08-07 23:00:00+00:00
2020-01-09 11:00:00+00:00,36449.0,33502.27865040376,30726.88846354076,36277.668837266756,13,2019-08-07 23:00:00+00:00
2020-01-09 12:00:00+00:00,36252.0,33410.330603774855,30582.703079650106,36237.958127899605,14,2019-08-07 23:00:00+00:00
2020-01-09 13:00:00+00:00,35232.0,32522.87864495581,29649.24607650312,35396.5112134085,15,2019-08-07 23:00:00+00:00
2020-01-09 14:00:00+00:00,34629.0,31481.493524354948,28567.251193078504,34395.73585563139,16,2019-08-07 23:00:00+00:00
2020-01-09 15:00:00+00:00,34310.0,31019.71998403504,28069.560726167438,33969.87924190264,17,2019-08-07 23:00:00+00:00
2020-01-09 16:00:00+00:00,34609.0,31225.38895872872,28243.410816423417,34207.36710103402,18,2019-08-07 23:00:00+00:00
2020-01-09 17:00:00+00:00,36604.0,33042.42267330816,30032.216261749505,36052.629084866814,19,2019-08-07 23:00:00+00:00
2020-01-09 18:00:00+00:00,37866.0,33989.8084903674,30954.52877952488,37025.088201209925,20,2019-08-07 23:00:00+00:00
2020-01-09 19:00:00+00:00,38182.0,34449.82472680417,31392.250644262847,37507.39880934549,21,2019-08-07 23:00:00+00:00
2020-01-09 20:00:00+00:00,37156.0,33896.71759536478,30819.30197007952,36974.133220650045,22,2019-08-07 23:00:00+00:00
2020-01-09 21:00:00+00:00,34330.0,31755.228283044726,28660.140027764523,34850.31653832493,23,2019-08-07 23:00:00+00:00
2020-01-09 22:00:00+00:00,30867.0,28905.1834259027,25794.343410624406,32016.02344118099,24,2019-08-07 23:00:00+00:00
2020-01-09 23:00:00+00:00,28198.0,28172.36123540509,27596.458001195275,28748.264469614904,1,2019-08-07 23:00:00+00:00
2020-01-10 00:00:00+00:00,25964.0,26007.84212830873,24953.986253836865,27061.698002780595,2,2019-08-07 23:00:00+00:00
2020-01-10 01:00:00+00:00,24758.0,24632.4165490475,23188.954212272965,26075.878885822032,3,2019-08-07 23:00:00+00:00
2020-01-10 02:00:00+00:00,24279.0,23921.052904154676,22200.63244973096,25641.47335857839,4,2019-08-07 23:00:00+00:00
2020-01-10 03:00:00+00:00,24279.0,23674.863210073785,21739.62168226327,25610.1047378843,5,2019-08-07 23:00:00+00:00
2020-01-10 04:00:00+00:00,25020.0,24126.023543037867,22016.78028688368,26235.266799192053,6,2019-08-07 23:00:00+00:00
2020-01-10 05:00:00+00:00,27890.0,26179.40447344444,23925.616656951148,28433.19228993773,7,2019-08-07 23:00:00+00:00
2020-01-10 06:00:00+00:00,32654.0,29584.68695165491,27208.82731536589,31960.54658794393,8,2019-08-07 23:00:00+00:00
2020-01-10 07:00:00+00:00,35750.0,32010.268593003006,29530.115560580838,34490.42162542517,9,2019-08-07 23:00:00+00:00
2020-01-10 08:00:00+00:00,36843.0,33487.627997890806,30917.607274894697,36057.648720886915,10,2019-08-07 23:00:00+00:00
2020-01-10 09:00:00+00:00,37439.0,34461.90611160299,31813.941807679683,37109.870415526304,11,2019-08-07 23:00:00+00:00
2020-01-10 10:00:00+00:00,37358.0,34477.652896918895,31761.740437351185,37193.56535648661,12,2019-08-07 23:00:00+00:00
2020-01-10 11:00:00+00:00,36770.0,34015.372610250284,31239.98242338729,36790.76279711328,13,2019-08-07 23:00:00+00:00
2020-01-10 12:00:00+00:00,36599.0,33893.553079985635,31065.925555860886,36721.180604110385,14,2019-08-07 23:00:00+00:00
2020-01-10 13:00:00+00:00,35318.0,33022.350418231414,30148.717849778724,35895.9829866841,15,2019-08-07 23:00:00+00:00
2020-01-10 14:00:00+00:00,34460.0,32081.061929444226,29166.819598167778,34995.30426072067,16,2019-08-07 23:00:00+00:00
2020-01-10 15:00:00+00:00,34039.0,31612.878061624207,28662.718803756605,34563.037319491814,17,2019-08-07 23:00:00+00:00
2020-01-10 16:00:00+00:00,34160.0,31830.99112226658,28849.012979961277,34812.96926457188,18,2019-08-07 23:00:00+00:00
2020-01-10 17:00:00+00:00,35651.0,33690.02280667925,30679.816395120593,36700.2292182379,19,2019-08-07 23:00:00+00:00
2020-01-10 18:00:00+00:00,36540.0,34669.404579589944,31634.12486874742,37704.684290432466,20,2019-08-07 23:00:00+00:00
2020-01-10 19:00:00+00:00,36666.0,35057.399399010326,31999.825316469007,38114.97348155165,21,2019-08-07 23:00:00+00:00
2020-01-10 20:00:00+00:00,36101.0,34425.37393449379,31347.95830920853,37502.789559779056,22,2019-08-07 23:00:00+00:00
2020-01-10 21:00:00+00:00,33723.0,32235.100089768574,29140.01183448837,35330.18834504878,23,2019-08-07 23:00:00+00:00
2020-01-10 22:00:00+00:00,30978.0,29325.08100549403,26214.240990215738,32435.921020772323,24,2019-08-07 23:00:00+00:00
2020-01-10 23:00:00+00:00,28791.0,28601.192793121216,28025.2895589114,29177.09602733103,1,2019-08-07 23:00:00+00:00
2020-01-11 00:00:00+00:00,26531.0,26492.903185789386,25439.04731131752,27546.75906026125,2,2019-08-07 23:00:00+00:00
2020-01-11 01:00:00+00:00,25045.0,25116.46591368499,23673.003576910458,26559.928250459525,3,2019-08-07 23:00:00+00:00
2020-01-11 02:00:00+00:00,24209.0,24409.8020992723,22689.381644848585,26130.222553696014,4,2019-08-07 23:00:00+00:00
2020-01-11 03:00:00+00:00,23826.0,24180.389210589325,22245.14768277881,26115.63073839984,5,2019-08-07 23:00:00+00:00
2020-01-11 04:00:00+00:00,23761.0,24637.555605680744,22528.312349526554,26746.798861834934,6,2019-08-07 23:00:00+00:00
2020-01-11 05:00:00+00:00,24278.0,26758.9796246007,24505.191808107407,29012.76744109399,7,2019-08-07 23:00:00+00:00
2020-01-11 06:00:00+00:00,25920.0,30258.83791421947,27882.97827793045,32634.697550508492,8,2019-08-07 23:00:00+00:00
2020-01-11 07:00:00+00:00,27767.0,32710.720214304514,30230.567181882347,35190.87324672668,9,2019-08-07 23:00:00+00:00
2020-01-11 08:00:00+00:00,30416.0,34151.99109614353,31581.970373147422,36722.01181913964,10,2019-08-07 23:00:00+00:00
2020-01-11 09:00:00+00:00,32444.0,35111.79008864908,32463.825784725774,37759.754392572395,11,2019-08-07 23:00:00+00:00
2020-01-11 10:00:00+00:00,32563.0,35176.01361332056,32460.10115375285,37891.92607288827,12,2019-08-07 23:00:00+00:00
2020-01-11 11:00:00+00:00,32126.0,34676.62132598582,31901.231139122825,37452.01151284882,13,2019-08-07 23:00:00+00:00
2020-01-11 12:00:00+00:00,31907.0,34541.66618925053,31714.03866512578,37369.29371337528,14,2019-08-07 23:00:00+00:00
2020-01-11 13:00:00+00:00,31380.0,33545.30428204179,30671.6717135891,36418.93685049448,15,2019-08-07 23:00:00+00:00
2020-01-11 14:00:00+00:00,30260.0,32542.82358416536,29628.581252888915,35457.0659154418,16,2019-08-07 23:00:00+00:00
2020-01-11 15:00:00+00:00,29367.0,32045.499809573954,29095.34055170635,34995.65906744156,17,2019-08-07 23:00:00+00:00
2020-01-11 16:00:00+00:00,29235.0,32199.089037142894,29217.11089483759,35181.0671794482,18,2019-08-07 23:00:00+00:00
2020-01-11 17:00:00+00:00,31286.0,33883.529484745304,30873.32307318665,36893.73589630396,19,2019-08-07 23:00:00+00:00
2020-01-11 18:00:00+00:00,32725.0,34754.49216928462,31719.212458442096,37789.77188012714,20,2019-08-07 23:00:00+00:00
2020-01-11 19:00:00+00:00,33336.0,35056.037729921896,31998.463647380577,38113.61181246322,21,2019-08-07 23:00:00+00:00
2020-01-11 20:00:00+00:00,33328.0,34532.34355196399,31454.927926678727,37609.75917724925,22,2019-08-07 23:00:00+00:00
2020-01-11 21:00:00+00:00,31994.0,32415.816731236522,29320.72847595632,35510.904986516725,23,2019-08-07 23:00:00+00:00
2020-01-11 22:00:00+00:00,29746.0,29687.708040210695,26576.868024932402,32798.54805548899,24,2019-08-07 23:00:00+00:00
2020-01-11 23:00:00+00:00,27171.0,27635.08988971578,27059.186655505964,28210.993123925593,1,2019-08-07 23:00:00+00:00
2020-01-12 00:00:00+00:00,24926.0,25514.07203919537,24460.216164723504,26567.927913667234,2,2019-08-07 23:00:00+00:00
2020-01-12 01:00:00+00:00,23391.0,24116.665976991128,22673.203640216594,25560.12831376566,3,2019-08-07 23:00:00+00:00
2020-01-12 02:00:00+00:00,22508.0,23366.049618669083,21645.62916424537,25086.470073092798,4,2019-08-07 23:00:00+00:00
2020-01-12 03:00:00+00:00,22076.0,23080.542386713587,21145.300858903072,25015.7839145241,5,2019-08-07 23:00:00+00:00
2020-01-12 04:00:00+00:00,22132.0,23333.09140505477,21223.84814890058,25442.33466120896,6,2019-08-07 23:00:00+00:00
2020-01-12 05:00:00+00:00,22601.0,24747.766544868922,22493.97872837563,27001.554361362214,7,2019-08-07 23:00:00+00:00
2020-01-12 06:00:00+00:00,23606.0,27325.78163147692,24949.9219951879,29701.64126776594,8,2019-08-07 23:00:00+00:00
2020-01-12 07:00:00+00:00,24546.0,29450.90651040696,26970.753477984792,31931.059542829127,9,2019-08-07 23:00:00+00:00
2020-01-12 08:00:00+00:00,26751.0,31449.931595868507,28879.910872872402,34019.95231886461,10,2019-08-07 23:00:00+00:00
2020-01-12 09:00:00+00:00,29142.0,32918.6684417169,30270.704137793593,35566.632745640214,11,2019-08-07 23:00:00+00:00
2020-01-12 10:00:00+00:00,30020.0,33073.017308124494,30357.104848556784,35788.92976769221,12,2019-08-07 23:00:00+00:00
2020-01-12 11:00:00+00:00,29914.0,32651.25614041911,29875.865953556113,35426.646327282106,13,2019-08-07 23:00:00+00:00
2020-01-12 12:00:00+00:00,30199.0,32526.94864154652,29699.321117421772,35354.57616567127,14,2019-08-07 23:00:00+00:00
2020-01-12 13:00:00+00:00,30020.0,31797.463145199403,28923.830576746714,34671.09571365209,15,2019-08-07 23:00:00+00:00
2020-01-12 14:00:00+00:00,28733.0,30747.758447847627,27833.516116571183,33662.00077912407,16,2019-08-07 23:00:00+00:00
2020-01-12 15:00:00+00:00,27800.0,30117.38489394528,27167.225636077677,33067.54415181289,17,2019-08-07 23:00:00+00:00
2020-01-12 16:00:00+00:00,27748.0,30201.74466657741,27219.76652427211,33183.72280888271,18,2019-08-07 23:00:00+00:00
2020-01-12 17:00:00+00:00,30469.0,32088.506027810745,29078.29961625209,35098.712439369396,19,2019-08-07 23:00:00+00:00
2020-01-12 18:00:00+00:00,32344.0,33183.41322761758,30148.13351677506,36218.6929384601,20,2019-08-07 23:00:00+00:00
2020-01-12 19:00:00+00:00,33546.0,33659.9196617932,30602.345579251883,36717.493744334526,21,2019-08-07 23:00:00+00:00
2020-01-12 20:00:00+00:00,33433.0,33352.81692381585,30275.40129853059,36430.232549101114,22,2019-08-07 23:00:00+00:00
2020-01-12 21:00:00+00:00,32384.0,31599.71823866455,28504.629983384348,34694.80649394476,23,2019-08-07 23:00:00+00:00
2020-01-12 22:00:00+00:00,29542.0,29067.45670393982,25956.61668866153,32178.296719218113,24,2019-08-07 23:00:00+00:00
2020-01-12 23:00:00+00:00,26763.0,26927.52245960865,26351.619225398834,27503.425693818463,1,2019-08-07 23:00:00+00:00
2020-01-13 00:00:00+00:00,24682.0,24627.620135346922,23573.764260875058,25681.476009818787,2,2019-08-07 23:00:00+00:00
2020-01-13 01:00:00+00:00,23554.0,23221.602357378768,21778.140020604234,24665.0646941533,3,2019-08-07 23:00:00+00:00
2020-01-13 02:00:00+00:00,22844.0,22465.167612359324,20744.74715793561,24185.58806678304,4,2019-08-07 23:00:00+00:00
2020-01-13 03:00:00+00:00,23050.0,22170.477543533823,20235.23601572331,24105.719071344338,5,2019-08-07 23:00:00+00:00
2020-01-13 04:00:00+00:00,23970.0,22446.410090307883,20337.166834153693,24555.653346462073,6,2019-08-07 23:00:00+00:00
2020-01-13 05:00:00+00:00,27400.0,23749.665125198542,21495.87730870525,26003.452941691834,7,2019-08-07 23:00:00+00:00
2020-01-13 06:00:00+00:00,32732.0,25998.087891682248,23622.228255393227,28373.947527971268,8,2019-08-07 23:00:00+00:00
2020-01-13 07:00:00+00:00,36404.0,27777.916125371477,25297.76309294931,30258.069157793645,9,2019-08-07 23:00:00+00:00
2020-01-13 08:00:00+00:00,37782.0,29714.19832303405,27144.17760003794,32284.219046030157,10,2019-08-07 23:00:00+00:00
2020-01-13 09:00:00+00:00,38642.0,31398.934925446232,28750.970621522923,34046.89922936954,11,2019-08-07 23:00:00+00:00
2020-01-13 10:00:00+00:00,38510.0,31836.62767808711,29120.7152185194,34552.54013765482,12,2019-08-07 23:00:00+00:00
2020-01-13 11:00:00+00:00,37999.0,31545.662762747423,28770.272575884428,34321.05294961042,13,2019-08-07 23:00:00+00:00
2020-01-13 12:00:00+00:00,37703.0,31603.84120487424,28776.21368074949,34431.46872899899,14,2019-08-07 23:00:00+00:00
2020-01-13 13:00:00+00:00,36480.0,31037.22404935662,28163.59148090393,33910.85661780931,15,2019-08-07 23:00:00+00:00
2020-01-13 14:00:00+00:00,35841.0,29929.819491305916,27015.57716002947,32844.061822582364,16,2019-08-07 23:00:00+00:00
2020-01-13 15:00:00+00:00,35593.0,29262.78886847,26312.6296106024,32212.948126337604,17,2019-08-07 23:00:00+00:00
2020-01-13 16:00:00+00:00,35772.0,29358.993678800867,26377.015536495564,32340.97182110617,18,2019-08-07 23:00:00+00:00
2020-01-13 17:00:00+00:00,37557.0,31517.563249798608,28507.356838239954,34527.76966135726,19,2019-08-07 23:00:00+00:00
2020-01-13 18:00:00+00:00,38988.0,32821.971870958485,29786.692160115963,35857.25158180101,20,2019-08-07 23:00:00+00:00
2020-01-13 19:00:00+00:00,39496.0,33537.06962614361,30479.49554360229,36594.64370868493,21,2019-08-07 23:00:00+00:00
2020-01-13 20:00:00+00:00,38335.0,33237.81331029729,30160.39768501203,36315.228935582556,22,2019-08-07 23:00:00+00:00
2020-01-13 21:00:00+00:00,35213.0,31647.80624684607,28552.717991565867,34742.89450212628,23,2019-08-07 23:00:00+00:00
2020-01-13 22:00:00+00:00,31531.0,28944.367918912052,25833.52790363376,32055.207934190345,24,2019-08-07 23:00:00+00:00
2020-01-13 23:00:00+00:00,28811.0,28612.172950553446,28036.26971634363,29188.07618476326,1,2019-08-07 23:00:00+00:00
2020-01-14 00:00:00+00:00,26508.0,26391.244291928422,25337.388417456557,27445.100166400287,2,2019-08-07 23:00:00+00:00
2020-01-14 01:00:00+00:00,25310.0,25020.405751593487,23576.943414818954,26463.86808836802,3,2019-08-07 23:00:00+00:00
2020-01-14 02:00:00+00:00,24881.0,24218.512804507714,22498.092350084,25938.93325893143,4,2019-08-07 23:00:00+00:00
2020-01-14 03:00:00+00:00,24745.0,24049.555522269937,22114.313994459422,25984.79705008045,5,2019-08-07 23:00:00+00:00
2020-01-14 04:00:00+00:00,25478.0,24526.980541273588,22417.7372851194,26636.223797427774,6,2019-08-07 23:00:00+00:00
2020-01-14 05:00:00+00:00,28482.0,26715.100245865207,24461.312429371916,28968.8880623585,7,2019-08-07 23:00:00+00:00
2020-01-14 06:00:00+00:00,33779.0,30293.71033035866,27917.85069406964,32669.56996664768,8,2019-08-07 23:00:00+00:00
2020-01-14 07:00:00+00:00,37050.0,32883.23986826941,30403.086835847243,35363.39290069158,9,2019-08-07 23:00:00+00:00
2020-01-14 08:00:00+00:00,38032.0,34488.88333679904,31918.86261380293,37058.904059795146,10,2019-08-07 23:00:00+00:00
2020-01-14 09:00:00+00:00,38392.0,35647.60474937041,32999.6404454471,38295.56905329372,11,2019-08-07 23:00:00+00:00
2020-01-14 10:00:00+00:00,38134.0,35717.0909083982,33001.178448830484,38433.00336796591,12,2019-08-07 23:00:00+00:00
2020-01-14 11:00:00+00:00,37422.0,35247.16881774917,32471.778630886172,38022.559004612165,13,2019-08-07 23:00:00+00:00
2020-01-14 12:00:00+00:00,37004.0,35071.182056300815,32243.554532176066,37898.809580425564,14,2019-08-07 23:00:00+00:00
2020-01-14 13:00:00+00:00,35837.0,34126.482004766905,31252.849436314216,37000.114573219595,15,2019-08-07 23:00:00+00:00
2020-01-14 14:00:00+00:00,35346.0,33182.54154751654,30268.2992162401,36096.78387879299,16,2019-08-07 23:00:00+00:00
2020-01-14 15:00:00+00:00,35053.0,32684.01474070205,29733.855482834446,35634.173998569655,17,2019-08-07 23:00:00+00:00
2020-01-14 16:00:00+00:00,35502.0,32802.21887804868,29820.24073574338,35784.19702035398,18,2019-08-07 23:00:00+00:00
2020-01-14 17:00:00+00:00,37327.0,34653.49963532787,31643.293223769215,37663.706046886524,19,2019-08-07 23:00:00+00:00
2020-01-14 18:00:00+00:00,38599.0,35831.19434951975,32795.914638677226,38866.47406036227,20,2019-08-07 23:00:00+00:00
2020-01-14 19:00:00+00:00,39127.0,36320.974301705464,33263.40021916414,39378.54838424679,21,2019-08-07 23:00:00+00:00
2020-01-14 20:00:00+00:00,37995.0,35632.955004900556,32555.539379615293,38710.37063018582,22,2019-08-07 23:00:00+00:00
2020-01-14 21:00:00+00:00,34924.0,33330.97366787352,30235.885412593318,36426.06192315373,23,2019-08-07 23:00:00+00:00
2020-01-14 22:00:00+00:00,31269.0,30276.554707466945,27165.714692188652,33387.39472274524,24,2019-08-07 23:00:00+00:00
2020-01-14 23:00:00+00:00,28743.0,28483.967769123672,27908.064534913858,29059.871003333486,1,2019-08-07 23:00:00+00:00
2020-01-15 00:00:00+00:00,26419.0,26221.485022072404,25167.62914760054,27275.34089654427,2,2019-08-07 23:00:00+00:00
2020-01-15 01:00:00+00:00,25202.0,24888.167324072212,23444.70498729768,26331.629660846746,3,2019-08-07 23:00:00+00:00
2020-01-15 02:00:00+00:00,24717.0,24229.8730227408,22509.452568317087,25950.293477164516,4,2019-08-07 23:00:00+00:00
2020-01-15 03:00:00+00:00,24568.0,24013.782073160095,22078.54054534958,25949.02360097061,5,2019-08-07 23:00:00+00:00
2020-01-15 04:00:00+00:00,25205.0,24506.894769132075,22397.651512977885,26616.138025286265,6,2019-08-07 23:00:00+00:00
2020-01-15 05:00:00+00:00,28139.0,26723.394537650976,24469.606721157685,28977.182354144268,7,2019-08-07 23:00:00+00:00
2020-01-15 06:00:00+00:00,33216.0,30534.18025679246,28158.32062050344,32910.03989308148,8,2019-08-07 23:00:00+00:00
2020-01-15 07:00:00+00:00,36209.0,33138.38384685149,30658.23081442932,35618.536879273655,9,2019-08-07 23:00:00+00:00
2020-01-15 08:00:00+00:00,37213.0,34594.79960545339,32024.77888245728,37164.820328449496,10,2019-08-07 23:00:00+00:00
2020-01-15 09:00:00+00:00,37751.0,35556.69223011541,32908.7279261921,38204.656534038724,11,2019-08-07 23:00:00+00:00
2020-01-15 10:00:00+00:00,37488.0,35575.28635587184,32859.373896304125,38291.19881543955,12,2019-08-07 23:00:00+00:00
2020-01-15 11:00:00+00:00,37013.0,35046.508195922645,32271.118009059646,37821.89838278564,13,2019-08-07 23:00:00+00:00
2020-01-15 12:00:00+00:00,36668.0,34829.23913348608,32001.61160936133,37656.86665761083,14,2019-08-07 23:00:00+00:00
2020-01-15 13:00:00+00:00,35487.0,33886.6183196207,31012.98575116801,36760.25088807339,15,2019-08-07 23:00:00+00:00
2020-01-15 14:00:00+00:00,34877.0,33050.24440776928,30136.002076492834,35964.48673904572,16,2019-08-07 23:00:00+00:00
2020-01-15 15:00:00+00:00,34583.0,32582.016290250467,29631.857032382864,35532.17554811807,17,2019-08-07 23:00:00+00:00
2020-01-15 16:00:00+00:00,34889.0,32819.47373709034,29837.495594785036,35801.45187939564,18,2019-08-07 23:00:00+00:00
2020-01-15 17:00:00+00:00,36613.0,34690.366252874075,31680.15984131542,37700.57266443273,19,2019-08-07 23:00:00+00:00
2020-01-15 18:00:00+00:00,37977.0,35855.318209678706,32820.038498836184,38890.59792052123,20,2019-08-07 23:00:00+00:00
2020-01-15 19:00:00+00:00,38436.0,36366.70288531142,33309.128802770094,39424.27696785274,21,2019-08-07 23:00:00+00:00
2020-01-15 20:00:00+00:00,37537.0,35641.227445546465,32563.811820261202,38718.64307083173,22,2019-08-07 23:00:00+00:00
2020-01-15 21:00:00+00:00,34590.0,33265.54742650166,30170.459171221457,36360.63568178187,23,2019-08-07 23:00:00+00:00
2020-01-15 22:00:00+00:00,30919.0,30152.354037394754,27041.514022116462,33263.19405267305,24,2019-08-07 23:00:00+00:00
2020-01-15 23:00:00+00:00,28285.0,28167.905739588383,27592.00250537857,28743.808973798197,1,2019-08-07 23:00:00+00:00
2020-01-16 00:00:00+00:00,26320.0,25884.68116757721,24830.825293105347,26938.537042049076,2,2019-08-07 23:00:00+00:00
2020-01-16 01:00:00+00:00,25077.0,24579.016145772235,23135.5538089977,26022.47848254677,3,2019-08-07 23:00:00+00:00
2020-01-16 02:00:00+00:00,24576.0,23946.284027823527,22225.863573399813,25666.70448224724,4,2019-08-07 23:00:00+00:00
2020-01-16 03:00:00+00:00,24483.0,23751.630412237857,21816.388884427342,25686.87194004837,5,2019-08-07 23:00:00+00:00
2020-01-16 04:00:00+00:00,25245.0,24255.45583116574,22146.212575011552,26364.699087319925,6,2019-08-07 23:00:00+00:00
2020-01-16 05:00:00+00:00,28145.0,26559.972395977566,24306.184579484274,28813.760212470857,7,2019-08-07 23:00:00+00:00
2020-01-16 06:00:00+00:00,33089.0,30491.63168574447,28115.77204945545,32867.491322033486,8,2019-08-07 23:00:00+00:00
2020-01-16 07:00:00+00:00,36077.0,33092.20837126527,30612.0553388431,35572.361403687435,9,2019-08-07 23:00:00+00:00
2020-01-16 08:00:00+00:00,36882.0,34509.2207554255,31939.200032429395,37079.24147842161,10,2019-08-07 23:00:00+00:00
2020-01-16 09:00:00+00:00,37247.0,35471.303119505676,32823.33881558236,38119.26742342899,11,2019-08-07 23:00:00+00:00
2020-01-16 10:00:00+00:00,36875.0,35464.32220708346,32748.40974751575,38180.23466665117,12,2019-08-07 23:00:00+00:00
2020-01-16 11:00:00+00:00,36182.0,35008.36077502474,32232.970588161745,37783.75096188774,13,2019-08-07 23:00:00+00:00
2020-01-16 12:00:00+00:00,35864.0,34802.02606339034,31974.39853926559,37629.65358751509,14,2019-08-07 23:00:00+00:00
2020-01-16 13:00:00+00:00,34824.0,33835.47904101369,30961.846472561003,36709.11160946638,15,2019-08-07 23:00:00+00:00
2020-01-16 14:00:00+00:00,34205.0,33008.345324692695,30094.102993416247,35922.58765596914,16,2019-08-07 23:00:00+00:00
2020-01-16 15:00:00+00:00,33976.0,32570.07588346726,29619.916625599657,35520.235141334866,17,2019-08-07 23:00:00+00:00
2020-01-16 16:00:00+00:00,34393.0,32790.40722358498,29808.42908127968,35772.38536589028,18,2019-08-07 23:00:00+00:00
2020-01-16 17:00:00+00:00,36189.0,34626.58110750672,31616.374695948063,37636.78751906537,19,2019-08-07 23:00:00+00:00
2020-01-16 18:00:00+00:00,37487.0,35845.202610805856,32809.922899963334,38880.48232164838,20,2019-08-07 23:00:00+00:00
2020-01-16 19:00:00+00:00,38061.0,36340.47836681457,33282.904284273245,39398.05244935589,21,2019-08-07 23:00:00+00:00
2020-01-16 20:00:00+00:00,37103.0,35654.309526789635,32576.893901504372,38731.7251520749,22,2019-08-07 23:00:00+00:00
2020-01-16 21:00:00+00:00,34304.0,33242.04550766083,30146.957252380624,36337.13376294103,23,2019-08-07 23:00:00+00:00
2020-01-16 22:00:00+00:00,30825.0,30060.74081540673,26949.90080012844,33171.58083068502,24,2019-08-07 23:00:00+00:00
2020-01-16 23:00:00+00:00,28495.0,28187.74338992256,27611.840155712747,28763.646624132376,1,2019-08-07 23:00:00+00:00
2020-01-17 00:00:00+00:00,26377.0,26059.081582569535,25005.22570809767,27112.9374570414,2,2019-08-07 23:00:00+00:00
2020-01-17 01:00:00+00:00,25125.0,24747.83766015527,23304.375323380737,26191.299996929803,3,2019-08-07 23:00:00+00:00
2020-01-17 02:00:00+00:00,24676.0,24120.383828131788,22399.963373708073,25840.804282555502,4,2019-08-07 23:00:00+00:00
2020-01-17 03:00:00+00:00,24531.0,23944.546340638375,22009.30481282786,25879.78786844889,5,2019-08-07 23:00:00+00:00
2020-01-17 04:00:00+00:00,25172.0,24503.43181206704,22394.18855591285,26612.67506822123,6,2019-08-07 23:00:00+00:00
2020-01-17 05:00:00+00:00,27973.0,26868.339804942872,24614.55198844958,29122.127621436164,7,2019-08-07 23:00:00+00:00
2020-01-17 06:00:00+00:00,32711.0,30889.790113704526,28513.930477415506,33265.64974999354,8,2019-08-07 23:00:00+00:00
2020-01-17 07:00:00+00:00,35500.0,33532.117903675986,31051.96487125382,36012.27093609815,9,2019-08-07 23:00:00+00:00
2020-01-17 08:00:00+00:00,36389.0,34820.132121696726,32250.11139870062,37390.152844692835,10,2019-08-07 23:00:00+00:00
2020-01-17 09:00:00+00:00,36656.0,35661.48945651297,33013.52515258966,38309.453760436285,11,2019-08-07 23:00:00+00:00
2020-01-17 10:00:00+00:00,36279.0,35578.22888771409,32862.316428146376,38294.1413472818,12,2019-08-07 23:00:00+00:00
2020-01-17 11:00:00+00:00,35849.0,35036.69321923161,32261.30303236861,37812.08340609461,13,2019-08-07 23:00:00+00:00
2020-01-17 12:00:00+00:00,35589.0,34818.34883729788,31990.721313173133,37645.97636142263,14,2019-08-07 23:00:00+00:00
2020-01-17 13:00:00+00:00,34458.0,33871.61365656904,30997.98108811635,36745.24622502173,15,2019-08-07 23:00:00+00:00
2020-01-17 14:00:00+00:00,33754.0,33064.60386877874,30150.36153750229,35978.84620005518,16,2019-08-07 23:00:00+00:00
2020-01-17 15:00:00+00:00,33330.0,32664.200485888905,29714.041228021302,35614.35974375651,17,2019-08-07 23:00:00+00:00
2020-01-17 16:00:00+00:00,33385.0,32931.823809026326,29949.845666721023,35913.801951331625,18,2019-08-07 23:00:00+00:00
2020-01-17 17:00:00+00:00,34957.0,34776.578828947146,31766.37241738849,37786.7852405058,19,2019-08-07 23:00:00+00:00
2020-01-17 18:00:00+00:00,36169.0,35986.53074309029,32951.25103224777,39021.81045393281,20,2019-08-07 23:00:00+00:00
2020-01-17 19:00:00+00:00,36246.0,36515.761580852224,33458.1874983109,39573.33566339355,21,2019-08-07 23:00:00+00:00
2020-01-17 20:00:00+00:00,35573.0,35778.8056254767,32701.390000191437,38856.22125076196,22,2019-08-07 23:00:00+00:00
2020-01-17 21:00:00+00:00,33168.0,33350.13085163058,30255.042596350377,36445.21910691079,23,2019-08-07 23:00:00+00:00
2020-01-17 22:00:00+00:00,30406.0,30174.07517073482,27063.23515545653,33284.91518601311,24,2019-08-07 23:00:00+00:00
2020-01-17 23:00:00+00:00,28358.0,28171.305449385218,27595.402215175403,28747.208683595032,1,2019-08-07 23:00:00+00:00
2020-01-18 00:00:00+00:00,26186.0,26121.004624857957,25067.14875038609,27174.86049932982,2,2019-08-07 23:00:00+00:00
2020-01-18 01:00:00+00:00,24700.0,24816.016028454666,23372.553691680132,26259.4783652292,3,2019-08-07 23:00:00+00:00
2020-01-18 02:00:00+00:00,23724.0,24222.434435834795,22502.01398141108,25942.85489025851,4,2019-08-07 23:00:00+00:00
2020-01-18 03:00:00+00:00,23273.0,24037.510900903686,22102.26937309317,25972.7524287142,5,2019-08-07 23:00:00+00:00
2020-01-18 04:00:00+00:00,23236.0,24577.56894720225,22468.325691048063,26686.812203356436,6,2019-08-07 23:00:00+00:00
2020-01-18 05:00:00+00:00,23937.0,26973.29175252323,24719.503936029938,29227.07956901652,7,2019-08-07 23:00:00+00:00
2020-01-18 06:00:00+00:00,25421.0,31035.64954700094,28659.78991071192,33411.509183289956,8,2019-08-07 23:00:00+00:00
2020-01-18 07:00:00+00:00,27245.0,33649.027190396824,31168.874157974657,36129.18022281899,9,2019-08-07 23:00:00+00:00
2020-01-18 08:00:00+00:00,29922.0,34906.1364927458,32336.115769749693,37476.15721574191,10,2019-08-07 23:00:00+00:00
2020-01-18 09:00:00+00:00,32255.0,35651.83286871624,33003.86856479293,38299.797172639555,11,2019-08-07 23:00:00+00:00
2020-01-18 10:00:00+00:00,32691.0,35530.022965918644,32814.11050635093,38245.93542548636,12,2019-08-07 23:00:00+00:00
2020-01-18 11:00:00+00:00,32457.0,35063.82622114215,32288.436034279155,37839.21640800515,13,2019-08-07 23:00:00+00:00
2020-01-18 12:00:00+00:00,32519.0,34853.435225235306,32025.807701110556,37681.062749360055,14,2019-08-07 23:00:00+00:00
2020-01-18 13:00:00+00:00,31829.0,33861.75651566445,30988.12394721176,36735.38908411714,15,2019-08-07 23:00:00+00:00
2020-01-18 14:00:00+00:00,30413.0,33047.29735793637,30133.055026659924,35961.53968921281,16,2019-08-07 23:00:00+00:00
2020-01-18 15:00:00+00:00,29441.0,32597.720140263908,29647.560882396305,35547.87939813151,17,2019-08-07 23:00:00+00:00
2020-01-18 16:00:00+00:00,29426.0,32753.21181566784,29771.233673362538,35735.18995797314,18,2019-08-07 23:00:00+00:00
2020-01-18 17:00:00+00:00,30995.0,34510.740149139776,31500.53373758112,37520.94656069843,19,2019-08-07 23:00:00+00:00
2020-01-18 18:00:00+00:00,32110.0,35700.41333931359,32665.13362847107,38735.693050156115,20,2019-08-07 23:00:00+00:00
2020-01-18 19:00:00+00:00,32369.0,36055.76067289572,32998.186590354395,39113.33475543704,21,2019-08-07 23:00:00+00:00
2020-01-18 20:00:00+00:00,31982.0,35393.52651219135,32316.110886906084,38470.94213747661,22,2019-08-07 23:00:00+00:00
2020-01-18 21:00:00+00:00,30505.0,33060.15068143476,29965.062426154556,36155.238936714966,23,2019-08-07 23:00:00+00:00
2020-01-18 22:00:00+00:00,28353.0,30104.327018803477,26993.487003525184,33215.167034081765,24,2019-08-07 23:00:00+00:00
2020-01-18 23:00:00+00:00,26062.0,26454.03445989429,25878.131225684476,27029.937694104105,1,2019-08-07 23:00:00+00:00
2020-01-19 00:00:00+00:00,23898.0,24458.479076599288,23404.623202127423,25512.334951071152,2,2019-08-07 23:00:00+00:00
2020-01-19 01:00:00+00:00,22485.0,23162.125173689023,21718.66283691449,24605.587510463556,3,2019-08-07 23:00:00+00:00
2020-01-19 02:00:00+00:00,21713.0,22478.549052266655,20758.12859784294,24198.96950669037,4,2019-08-07 23:00:00+00:00
2020-01-19 03:00:00+00:00,21434.0,22265.81028601177,20330.568758201254,24201.051813822283,5,2019-08-07 23:00:00+00:00
2020-01-19 04:00:00+00:00,21411.0,22647.44988815301,20538.206631998823,24756.693144307195,6,2019-08-07 23:00:00+00:00
2020-01-19 05:00:00+00:00,21767.0,24406.329232521504,22152.541416028213,26660.117049014796,7,2019-08-07 23:00:00+00:00
2020-01-19 06:00:00+00:00,22733.0,27445.99267252647,25070.13303623745,29821.85230881549,8,2019-08-07 23:00:00+00:00
2020-01-19 07:00:00+00:00,23615.0,29795.717804735512,27315.564772313344,32275.87083715768,9,2019-08-07 23:00:00+00:00
2020-01-19 08:00:00+00:00,25694.0,31710.21535452424,29140.19463152813,34280.23607752035,10,2019-08-07 23:00:00+00:00
2020-01-19 09:00:00+00:00,28223.0,33196.50947398015,30548.54517005684,35844.47377790346,11,2019-08-07 23:00:00+00:00
2020-01-19 10:00:00+00:00,29456.0,33388.59889412287,30672.686434555162,36104.511353690585,12,2019-08-07 23:00:00+00:00
2020-01-19 11:00:00+00:00,29797.0,33047.597603004564,30272.207416141566,35822.98778986756,13,2019-08-07 23:00:00+00:00
2020-01-19 12:00:00+00:00,30409.0,32994.3943747951,30166.76685067035,35822.02189891985,14,2019-08-07 23:00:00+00:00
2020-01-19 13:00:00+00:00,30273.0,32189.02375186162,29315.39118340893,35062.65632031431,15,2019-08-07 23:00:00+00:00
2020-01-19 14:00:00+00:00,28876.0,31174.114308577922,28259.871977301475,34088.35663985437,16,2019-08-07 23:00:00+00:00
2020-01-19 15:00:00+00:00,28016.0,30570.30079103584,27620.141533168236,33520.46004890344,17,2019-08-07 23:00:00+00:00
2020-01-19 16:00:00+00:00,28152.0,30725.935867997807,27743.957725692504,33707.91401030311,18,2019-08-07 23:00:00+00:00
2020-01-19 17:00:00+00:00,30172.0,32495.063036889074,29484.85662533042,35505.269448447725,19,2019-08-07 23:00:00+00:00
2020-01-19 18:00:00+00:00,32071.0,33686.61526962956,30651.33555878704,36721.89498047208,20,2019-08-07 23:00:00+00:00
2020-01-19 19:00:00+00:00,33436.0,34104.87715956301,31047.30307702169,37162.45124210433,21,2019-08-07 23:00:00+00:00
2020-01-19 20:00:00+00:00,33309.0,33574.92494210172,30497.50931681646,36652.340567386986,22,2019-08-07 23:00:00+00:00
2020-01-19 21:00:00+00:00,31832.0,31596.0416047246,28500.953349444397,34691.1298600048,23,2019-08-07 23:00:00+00:00
2020-01-19 22:00:00+00:00,29136.0,28911.83321132357,25800.993196045278,32022.673226601863,24,2019-08-07 23:00:00+00:00
2020-01-19 23:00:00+00:00,26388.0,26768.307843611317,26192.404609401503,27344.21107782113,1,2019-08-07 23:00:00+00:00
2020-01-20 00:00:00+00:00,24408.0,24588.787397984466,23534.9315235126,25642.64327245633,2,2019-08-07 23:00:00+00:00
2020-01-20 01:00:00+00:00,23111.0,23253.491118058584,21810.02878128405,24696.953454833118,3,2019-08-07 23:00:00+00:00
2020-01-20 02:00:00+00:00,22680.0,22569.280454947137,20848.860000523422,24289.70090937085,4,2019-08-07 23:00:00+00:00
2020-01-20 03:00:00+00:00,22710.0,22353.195298663577,20417.953770853062,24288.43682647409,5,2019-08-07 23:00:00+00:00
2020-01-20 04:00:00+00:00,23559.0,22653.769744611483,20544.526488457297,24763.01300076567,6,2019-08-07 23:00:00+00:00
2020-01-20 05:00:00+00:00,26961.0,24123.69126737689,21869.903450883598,26377.47908387018,7,2019-08-07 23:00:00+00:00
2020-01-20 06:00:00+00:00,32161.0,26751.229211352726,24375.369575063705,29127.088847641746,8,2019-08-07 23:00:00+00:00
2020-01-20 07:00:00+00:00,35744.0,28666.84416184986,26186.69112942769,31146.997194272026,9,2019-08-07 23:00:00+00:00
2020-01-20 08:00:00+00:00,37429.0,30434.492436756038,27864.47171375993,33004.51315975215,10,2019-08-07 23:00:00+00:00
2020-01-20 09:00:00+00:00,38626.0,32072.228224298702,29424.263920375393,34720.19252822201,11,2019-08-07 23:00:00+00:00
2020-01-20 10:00:00+00:00,39190.0,32558.147605042413,29842.235145474704,35274.06006461012,12,2019-08-07 23:00:00+00:00
2020-01-20 11:00:00+00:00,39048.0,32415.035031344953,29639.644844481954,35190.42521820795,13,2019-08-07 23:00:00+00:00
2020-01-20 12:00:00+00:00,39145.0,32552.95607892886,29725.32855480411,35380.58360305361,14,2019-08-07 23:00:00+00:00
2020-01-20 13:00:00+00:00,38368.0,31941.327809171868,29067.69524071918,34814.96037762456,15,2019-08-07 23:00:00+00:00
2020-01-20 14:00:00+00:00,37688.0,30863.524638368817,27949.28230709237,33777.766969645265,16,2019-08-07 23:00:00+00:00
2020-01-20 15:00:00+00:00,37292.0,30235.514573799734,27285.35531593213,33185.673831667336,17,2019-08-07 23:00:00+00:00
2020-01-20 16:00:00+00:00,37502.0,30406.792956986897,27424.814814681595,33388.7710992922,18,2019-08-07 23:00:00+00:00
2020-01-20 17:00:00+00:00,38768.0,32296.956068960917,29286.749657402263,35307.16248051957,19,2019-08-07 23:00:00+00:00
2020-01-20 18:00:00+00:00,39890.0,33746.000157935414,30710.720447092892,36781.279868777936,20,2019-08-07 23:00:00+00:00
2020-01-20 19:00:00+00:00,40137.0,34528.302141677705,31470.728059136385,37585.87622421903,21,2019-08-07 23:00:00+00:00
2020-01-20 20:00:00+00:00,38614.0,34096.08144726947,31018.665821984207,37173.49707255473,22,2019-08-07 23:00:00+00:00
2020-01-20 21:00:00+00:00,35291.0,32166.98560945582,29071.897354175617,35262.07386473603,23,2019-08-07 23:00:00+00:00
2020-01-20 22:00:00+00:00,31606.0,29340.93294004562,26230.092924767327,32451.77295532391,24,2019-08-07 23:00:00+00:00
2020-01-20 23:00:00+00:00,28813.0,28734.98550411834,28159.082269908526,29310.888738328154,1,2019-08-07 23:00:00+00:00
2020-01-21 00:00:00+00:00,26689.0,26535.829592618138,25481.973718146273,27589.685467090003,2,2019-08-07 23:00:00+00:00
2020-01-21 01:00:00+00:00,25480.0,25133.878241618466,23690.415904843932,26577.340578393,3,2019-08-07 23:00:00+00:00
2020-01-21 02:00:00+00:00,25020.0,24467.900809519255,22747.48035509554,26188.32126394297,4,2019-08-07 23:00:00+00:00
2020-01-21 03:00:00+00:00,24914.0,24266.629122785947,22331.387594975433,26201.870650596462,5,2019-08-07 23:00:00+00:00
2020-01-21 04:00:00+00:00,25653.0,24757.02346222473,22647.780206070543,26866.266718378916,6,2019-08-07 23:00:00+00:00
2020-01-21 05:00:00+00:00,28412.0,27105.8863863089,24852.098569815607,29359.67420280219,7,2019-08-07 23:00:00+00:00
2020-01-21 06:00:00+00:00,33111.0,30976.20789619512,28600.3482599061,33352.067532484136,8,2019-08-07 23:00:00+00:00
2020-01-21 07:00:00+00:00,36490.0,33664.70867798354,31184.55564556137,36144.861710405705,9,2019-08-07 23:00:00+00:00
2020-01-21 08:00:00+00:00,38456.0,35261.9492543888,32691.92853139269,37831.969977384906,10,2019-08-07 23:00:00+00:00
2020-01-21 09:00:00+00:00,39658.0,36467.46780525318,33819.50350132987,39115.432109176494,11,2019-08-07 23:00:00+00:00
2020-01-21 10:00:00+00:00,39851.0,36745.52649335555,34029.61403378784,39461.438952923265,12,2019-08-07 23:00:00+00:00
2020-01-21 11:00:00+00:00,39909.0,36431.831061936704,33656.440875073706,39207.2212487997,13,2019-08-07 23:00:00+00:00
2020-01-21 12:00:00+00:00,39840.0,36389.42405071279,33561.79652658804,39217.05157483754,14,2019-08-07 23:00:00+00:00
2020-01-21 13:00:00+00:00,38471.0,35555.12122728634,32681.488658833652,38428.75379573903,15,2019-08-07 23:00:00+00:00
2020-01-21 14:00:00+00:00,37844.0,34647.24260304073,31733.000271764286,37561.48493431717,16,2019-08-07 23:00:00+00:00
2020-01-21 15:00:00+00:00,37572.0,34111.47215467506,31161.312896807456,37061.631412542665,17,2019-08-07 23:00:00+00:00
2020-01-21 16:00:00+00:00,37598.0,34261.51665886852,31279.538516563214,37243.494801173816,18,2019-08-07 23:00:00+00:00
2020-01-21 17:00:00+00:00,38559.0,35854.95103410001,32844.74462254136,38865.15744565867,19,2019-08-07 23:00:00+00:00
2020-01-21 18:00:00+00:00,39592.0,37041.354254058184,34006.07454321566,40076.633964900706,20,2019-08-07 23:00:00+00:00
2020-01-21 19:00:00+00:00,39930.0,37456.80741183592,34399.2333292946,40514.381494377245,21,2019-08-07 23:00:00+00:00
2020-01-21 20:00:00+00:00,38669.0,36524.63970452958,33447.22407924432,39602.055329814844,22,2019-08-07 23:00:00+00:00
2020-01-21 21:00:00+00:00,35556.0,33953.646232765954,30858.55797748575,37048.73448804616,23,2019-08-07 23:00:00+00:00
2020-01-21 22:00:00+00:00,31626.0,30756.032143427976,27645.192128149683,33866.87215870627,24,2019-08-07 23:00:00+00:00
2020-01-21 23:00:00+00:00,28716.0,28680.22141325816,28104.318179048347,29256.124647467976,1,2019-08-07 23:00:00+00:00
2020-01-22 00:00:00+00:00,26408.0,26407.136507816118,25353.280633344253,27460.992382287983,2,2019-08-07 23:00:00+00:00
2020-01-22 01:00:00+00:00,25216.0,25085.03795682681,23641.575620052277,26528.500293601344,3,2019-08-07 23:00:00+00:00
2020-01-22 02:00:00+00:00,24728.0,24472.446714933474,22752.02626050976,26192.86716935719,4,2019-08-07 23:00:00+00:00
2020-01-22 03:00:00+00:00,24632.0,24283.703232716045,22348.46170490553,26218.94476052656,5,2019-08-07 23:00:00+00:00
2020-01-22 04:00:00+00:00,25455.0,24810.24886405306,22701.00560789887,26919.49212020725,6,2019-08-07 23:00:00+00:00
2020-01-22 05:00:00+00:00,28130.0,27088.626363514883,24834.83854702159,29342.414180008174,7,2019-08-07 23:00:00+00:00
2020-01-22 06:00:00+00:00,33060.0,30972.820082009952,28596.96044572093,33348.67971829897,8,2019-08-07 23:00:00+00:00
2020-01-22 07:00:00+00:00,36347.0,33726.178587904375,31246.025555482207,36206.33162032654,9,2019-08-07 23:00:00+00:00
2020-01-22 08:00:00+00:00,37553.0,35460.48422921975,32890.46350622364,38030.50495221586,10,2019-08-07 23:00:00+00:00
2020-01-22 09:00:00+00:00,38229.0,36690.14860288342,34042.18429896011,39338.11290680673,11,2019-08-07 23:00:00+00:00
2020-01-22 10:00:00+00:00,38437.0,36892.497423476125,34176.58496390841,39608.40988304384,12,2019-08-07 23:00:00+00:00
2020-01-22 11:00:00+00:00,38261.0,36693.44694116345,33918.05675430045,39468.83712802645,13,2019-08-07 23:00:00+00:00
2020-01-22 12:00:00+00:00,38208.0,36628.54813207174,33800.92060794699,39456.17565619649,14,2019-08-07 23:00:00+00:00
2020-01-22 13:00:00+00:00,37208.0,35606.789699421046,32733.157130968357,38480.422267873735,15,2019-08-07 23:00:00+00:00
2020-01-22 14:00:00+00:00,36643.0,34764.4243087217,31850.181977445252,37678.66663999814,16,2019-08-07 23:00:00+00:00
2020-01-22 15:00:00+00:00,36414.0,34307.75692247503,31357.59766460743,37257.91618034264,17,2019-08-07 23:00:00+00:00
2020-01-22 16:00:00+00:00,36416.0,34414.93460518759,31432.956462882288,37396.9127474929,18,2019-08-07 23:00:00+00:00
2020-01-22 17:00:00+00:00,37313.0,35872.394987821084,32862.18857626243,38882.60139937974,19,2019-08-07 23:00:00+00:00
2020-01-22 18:00:00+00:00,38464.0,37032.91713933457,33997.637428492046,40068.19685017709,20,2019-08-07 23:00:00+00:00
2020-01-22 19:00:00+00:00,38654.0,37473.565734664466,34415.99165212314,40531.13981720579,21,2019-08-07 23:00:00+00:00
2020-01-22 20:00:00+00:00,37733.0,36574.506097389865,33497.0904721046,39651.92172267513,22,2019-08-07 23:00:00+00:00
2020-01-22 21:00:00+00:00,34770.0,33996.956236982674,30901.86798170247,37092.04449226288,23,2019-08-07 23:00:00+00:00
2020-01-22 22:00:00+00:00,31187.0,30661.302553696925,27550.462538418633,33772.142568975214,24,2019-08-07 23:00:00+00:00
2020-01-22 23:00:00+00:00,28628.0,28408.088157516268,27832.184923306453,28983.991391726082,1,2019-08-07 23:00:00+00:00
2020-01-23 00:00:00+00:00,26468.0,26183.57191981415,25129.716045342284,27237.427794286014,2,2019-08-07 23:00:00+00:00
2020-01-23 01:00:00+00:00,25175.0,24891.222434659005,23447.76009788447,26334.684771433538,3,2019-08-07 23:00:00+00:00
2020-01-23 02:00:00+00:00,24570.0,24295.35136176709,22574.930907343376,26015.771816190805,4,2019-08-07 23:00:00+00:00
2020-01-23 03:00:00+00:00,24468.0,24127.83315725538,22192.591629444865,26063.074685065894,5,2019-08-07 23:00:00+00:00
2020-01-23 04:00:00+00:00,25172.0,24718.181600047148,22608.938343892958,26827.424856201338,6,2019-08-07 23:00:00+00:00
2020-01-23 05:00:00+00:00,28148.0,27033.085747636185,24779.297931142894,29286.873564129477,7,2019-08-07 23:00:00+00:00
2020-01-23 06:00:00+00:00,32850.0,31108.985762603326,28733.126126314306,33484.84539889234,8,2019-08-07 23:00:00+00:00
2020-01-23 07:00:00+00:00,35907.0,33913.51734425718,31433.364311835016,36393.67037667935,9,2019-08-07 23:00:00+00:00
2020-01-23 08:00:00+00:00,37162.0,35408.38173104704,32838.36100805093,37978.40245404315,10,2019-08-07 23:00:00+00:00
2020-01-23 09:00:00+00:00,37700.0,36450.12497424916,33802.160670325844,39098.08927817247,11,2019-08-07 23:00:00+00:00
2020-01-23 10:00:00+00:00,37479.0,36661.635871983504,33945.72341241579,39377.54833155122,12,2019-08-07 23:00:00+00:00
2020-01-23 11:00:00+00:00,37105.0,36415.14650137318,33639.75631451018,39190.53668823618,13,2019-08-07 23:00:00+00:00
2020-01-23 12:00:00+00:00,37069.0,36359.917285712865,33532.289761588116,39187.544809837615,14,2019-08-07 23:00:00+00:00
2020-01-23 13:00:00+00:00,35965.0,35431.795705326775,32558.163136874085,38305.428273779464,15,2019-08-07 23:00:00+00:00
2020-01-23 14:00:00+00:00,35296.0,34642.77637171745,31728.534040441005,37557.0187029939,16,2019-08-07 23:00:00+00:00
2020-01-23 15:00:00+00:00,35108.0,34228.53983083576,31278.38057296816,37178.69908870337,17,2019-08-07 23:00:00+00:00
2020-01-23 16:00:00+00:00,35118.0,34320.41986140006,31338.44171909476,37302.39800370537,18,2019-08-07 23:00:00+00:00
2020-01-23 17:00:00+00:00,36305.0,35695.841064454275,32685.63465289562,38706.04747601293,19,2019-08-07 23:00:00+00:00
2020-01-23 18:00:00+00:00,37618.0,36886.07890781845,33850.79919697593,39921.358618660975,20,2019-08-07 23:00:00+00:00
2020-01-23 19:00:00+00:00,38049.0,37263.48761780284,34205.91353526152,40321.061700344166,21,2019-08-07 23:00:00+00:00
2020-01-23 20:00:00+00:00,37287.0,36444.43118926799,33367.01556398273,39521.84681455325,22,2019-08-07 23:00:00+00:00
2020-01-23 21:00:00+00:00,34625.0,33856.44610607822,30761.357850798016,36951.53436135843,23,2019-08-07 23:00:00+00:00
2020-01-23 22:00:00+00:00,31114.0,30573.850089191426,27463.010073913134,33684.690104469715,24,2019-08-07 23:00:00+00:00
2020-01-23 23:00:00+00:00,28668.0,28426.69700887771,27850.793774667894,29002.600243087523,1,2019-08-07 23:00:00+00:00
2020-01-24 00:00:00+00:00,26419.0,26211.152933391575,25157.29705891971,27265.00880786344,2,2019-08-07 23:00:00+00:00
2020-01-24 01:00:00+00:00,25112.0,24895.394361275685,23451.93202450115,26338.85669805022,3,2019-08-07 23:00:00+00:00
2020-01-24 02:00:00+00:00,24656.0,24271.76873053057,22551.348276106855,25992.189184954284,4,2019-08-07 23:00:00+00:00
2020-01-24 03:00:00+00:00,24552.0,24111.914801085695,22176.67327327518,26047.15632889621,5,2019-08-07 23:00:00+00:00
2020-01-24 04:00:00+00:00,25265.0,24689.36615606293,22580.122899908743,26798.609412217116,6,2019-08-07 23:00:00+00:00
2020-01-24 05:00:00+00:00,28045.0,27158.762524875478,24904.974708382186,29412.55034136877,7,2019-08-07 23:00:00+00:00
2020-01-24 06:00:00+00:00,32807.0,31260.390855616337,28884.531219327317,33636.25049190535,8,2019-08-07 23:00:00+00:00
2020-01-24 07:00:00+00:00,35857.0,34043.24062111389,31563.08758869172,36523.393653536055,9,2019-08-07 23:00:00+00:00
2020-01-24 08:00:00+00:00,37023.0,35520.15777236124,32950.137049365134,38090.17849535735,10,2019-08-07 23:00:00+00:00
2020-01-24 09:00:00+00:00,37502.0,36466.84445511342,33818.88015119011,39114.808759036736,11,2019-08-07 23:00:00+00:00
2020-01-24 10:00:00+00:00,37318.0,36523.81447880304,33807.902019235335,39239.726938370746,12,2019-08-07 23:00:00+00:00
2020-01-24 11:00:00+00:00,36784.0,36215.331372828594,33439.941185965596,38990.72155969159,13,2019-08-07 23:00:00+00:00
2020-01-24 12:00:00+00:00,36657.0,36167.030476189146,33339.402952064396,38994.658000313895,14,2019-08-07 23:00:00+00:00
2020-01-24 13:00:00+00:00,35565.0,35192.87936723198,32319.24679877929,38066.51193568467,15,2019-08-07 23:00:00+00:00
2020-01-24 14:00:00+00:00,34810.0,34394.94803743706,31480.705706160617,37309.190368713505,16,2019-08-07 23:00:00+00:00
2020-01-24 15:00:00+00:00,34409.0,34019.1872065557,31069.0279486881,36969.34646442331,17,2019-08-07 23:00:00+00:00
2020-01-24 16:00:00+00:00,34471.0,34103.085940550736,31121.107798245434,37085.06408285604,18,2019-08-07 23:00:00+00:00
2020-01-24 17:00:00+00:00,35537.0,35523.40773780402,32513.201326245362,38533.61414936267,19,2019-08-07 23:00:00+00:00
2020-01-24 18:00:00+00:00,36607.0,36767.50396474494,33732.224253902416,39802.78367558746,20,2019-08-07 23:00:00+00:00
2020-01-24 19:00:00+00:00,36642.0,37208.63545956781,34151.06137702649,40266.209542109136,21,2019-08-07 23:00:00+00:00
2020-01-24 20:00:00+00:00,35820.0,36434.44556046838,33357.02993518312,39511.861185753645,22,2019-08-07 23:00:00+00:00
2020-01-24 21:00:00+00:00,33345.0,33908.229990541855,30813.14173526165,37003.31824582206,23,2019-08-07 23:00:00+00:00
2020-01-24 22:00:00+00:00,30637.0,30614.184670973253,27503.34465569496,33725.02468625154,24,2019-08-07 23:00:00+00:00
2020-01-24 23:00:00+00:00,28534.0,28435.77122503463,27859.867990824816,29011.674459244445,1,2019-08-07 23:00:00+00:00
2020-01-25 00:00:00+00:00,26261.0,26367.94783655584,25314.091962083974,27421.803711027704,2,2019-08-07 23:00:00+00:00
2020-01-25 01:00:00+00:00,24617.0,25044.786935721233,23601.3245989467,26488.249272495766,3,2019-08-07 23:00:00+00:00
2020-01-25 02:00:00+00:00,23770.0,24469.686643313962,22749.266188890248,26190.107097737677,4,2019-08-07 23:00:00+00:00
2020-01-25 03:00:00+00:00,23430.0,24309.200071501502,22373.958543690987,26244.441599312016,5,2019-08-07 23:00:00+00:00
2020-01-25 04:00:00+00:00,23319.0,24898.990250217084,22789.746994062894,27008.233506371274,6,2019-08-07 23:00:00+00:00
2020-01-25 05:00:00+00:00,23955.0,27354.88137520446,25101.093558711167,29608.66919169775,7,2019-08-07 23:00:00+00:00
2020-01-25 06:00:00+00:00,25392.0,31547.420921637324,29171.561285348303,33923.280557926344,8,2019-08-07 23:00:00+00:00
2020-01-25 07:00:00+00:00,27026.0,34356.39902092989,31876.245988507726,36836.55205335206,9,2019-08-07 23:00:00+00:00
2020-01-25 08:00:00+00:00,29759.0,35767.91533838326,33197.89461538715,38337.93606137937,10,2019-08-07 23:00:00+00:00
2020-01-25 09:00:00+00:00,32162.0,36636.863943555596,33988.899639632284,39284.82824747891,11,2019-08-07 23:00:00+00:00
2020-01-25 10:00:00+00:00,32891.0,36667.39365779042,33951.481198222704,39383.30611735813,12,2019-08-07 23:00:00+00:00
2020-01-25 11:00:00+00:00,32779.0,36288.370161178114,33512.979974315116,39063.76034804111,13,2019-08-07 23:00:00+00:00
2020-01-25 12:00:00+00:00,32814.0,36204.42262533502,33376.79510121027,39032.05014945977,14,2019-08-07 23:00:00+00:00
2020-01-25 13:00:00+00:00,31980.0,35214.15211455395,32340.519546101263,38087.78468300664,15,2019-08-07 23:00:00+00:00
2020-01-25 14:00:00+00:00,30730.0,34397.47236515056,31483.23003387412,37311.71469642701,16,2019-08-07 23:00:00+00:00
2020-01-25 15:00:00+00:00,29855.0,33964.76650307771,31014.60724521011,36914.92576094532,17,2019-08-07 23:00:00+00:00
2020-01-25 16:00:00+00:00,29538.0,34054.620424075474,31072.64228177017,37036.59856638078,18,2019-08-07 23:00:00+00:00
2020-01-25 17:00:00+00:00,30960.0,35398.69635940155,32388.489947842892,38408.9027709602,19,2019-08-07 23:00:00+00:00
2020-01-25 18:00:00+00:00,32180.0,36560.67439975781,33525.39468891529,39595.95411060033,20,2019-08-07 23:00:00+00:00
2020-01-25 19:00:00+00:00,32815.0,36854.7693220317,33797.19523949038,39912.343404573025,21,2019-08-07 23:00:00+00:00
2020-01-25 20:00:00+00:00,32645.0,36057.651474695136,32980.23584940987,39135.0670999804,22,2019-08-07 23:00:00+00:00
2020-01-25 21:00:00+00:00,31242.0,33579.14138773484,30484.053132454635,36674.229643015045,23,2019-08-07 23:00:00+00:00
2020-01-25 22:00:00+00:00,29061.0,30544.858632823038,27434.018617544745,33655.69864810133,24,2019-08-07 23:00:00+00:00
2020-01-25 23:00:00+00:00,26621.0,27085.110076978366,26509.20684276855,27661.01331118818,1,2019-08-07 23:00:00+00:00
2020-01-26 00:00:00+00:00,24390.0,25011.565314545143,23957.70944007328,26065.421189017008,2,2019-08-07 23:00:00+00:00
2020-01-26 01:00:00+00:00,22878.0,23637.637126557587,22194.174789783054,25081.09946333212,3,2019-08-07 23:00:00+00:00
2020-01-26 02:00:00+00:00,21941.0,23002.23964041656,21281.819185992845,24722.660094840274,4,2019-08-07 23:00:00+00:00
2020-01-26 03:00:00+00:00,21671.0,22825.9859384722,20890.744410661686,24761.227466282715,5,2019-08-07 23:00:00+00:00
2020-01-26 04:00:00+00:00,21567.0,23193.05628784825,21083.81303169406,25302.29954400244,6,2019-08-07 23:00:00+00:00
2020-01-26 05:00:00+00:00,21890.0,24972.36650139792,22718.578684904627,27226.15431789121,7,2019-08-07 23:00:00+00:00
2020-01-26 06:00:00+00:00,22745.0,28090.32939128628,25714.46975499726,30466.1890275753,8,2019-08-07 23:00:00+00:00
2020-01-26 07:00:00+00:00,23688.0,30468.990289734455,27988.837257312287,32949.143322156626,9,2019-08-07 23:00:00+00:00
2020-01-26 08:00:00+00:00,25862.0,32461.992190124707,29891.971467128602,35032.012913120816,10,2019-08-07 23:00:00+00:00
2020-01-26 09:00:00+00:00,28078.0,34020.490764650065,31372.526460726756,36668.45506857338,11,2019-08-07 23:00:00+00:00
2020-01-26 10:00:00+00:00,28941.0,34395.67699285851,31679.764533290803,37111.589452426226,12,2019-08-07 23:00:00+00:00
2020-01-26 11:00:00+00:00,28732.0,34189.489631514174,31414.099444651176,36964.87981837717,13,2019-08-07 23:00:00+00:00
2020-01-26 12:00:00+00:00,28822.0,34196.54146939417,31368.91394526942,37024.16899351892,14,2019-08-07 23:00:00+00:00
2020-01-26 13:00:00+00:00,28551.0,33322.49104094699,30448.8584724943,36196.12360939968,15,2019-08-07 23:00:00+00:00
2020-01-26 14:00:00+00:00,27435.0,32369.124902909338,29454.882571632894,35283.36723418578,16,2019-08-07 23:00:00+00:00
2020-01-26 15:00:00+00:00,26662.0,31801.72515205017,28851.565894182568,34751.88440991777,17,2019-08-07 23:00:00+00:00
2020-01-26 16:00:00+00:00,26607.0,31781.94200454749,28799.963862242188,34763.92014685279,18,2019-08-07 23:00:00+00:00
2020-01-26 17:00:00+00:00,28508.0,33248.35282810347,30238.146416544812,36258.55923966212,19,2019-08-07 23:00:00+00:00
2020-01-26 18:00:00+00:00,31154.0,34480.210444476514,31444.93073363399,37515.490155319036,20,2019-08-07 23:00:00+00:00
2020-01-26 19:00:00+00:00,32582.0,34983.999104847164,31926.425022305844,38041.57318738849,21,2019-08-07 23:00:00+00:00
2020-01-26 20:00:00+00:00,32702.0,34443.34348265146,31365.927857366194,37520.75910793672,22,2019-08-07 23:00:00+00:00
2020-01-26 21:00:00+00:00,31293.0,32374.98663496175,29279.89837968155,35470.07489024196,23,2019-08-07 23:00:00+00:00
2020-01-26 22:00:00+00:00,28726.0,29593.632849729463,26482.79283445117,32704.472865007756,24,2019-08-07 23:00:00+00:00
2020-01-26 23:00:00+00:00,25981.0,26354.834775251093,25778.93154104128,26930.738009460907,1,2019-08-07 23:00:00+00:00
2020-01-27 00:00:00+00:00,23988.0,24185.41107155543,23131.555197083566,25239.266946027295,2,2019-08-07 23:00:00+00:00
2020-01-27 01:00:00+00:00,22886.0,22839.858592359764,21396.39625558523,24283.320929134297,3,2019-08-07 23:00:00+00:00
2020-01-27 02:00:00+00:00,22348.0,22160.830203296988,20440.409748873273,23881.250657720702,4,2019-08-07 23:00:00+00:00
2020-01-27 03:00:00+00:00,22390.0,22003.84432754725,20068.602799736735,23939.085855357764,5,2019-08-07 23:00:00+00:00
2020-01-27 04:00:00+00:00,23283.0,22327.23280099607,20217.989544841883,24436.476057150256,6,2019-08-07 23:00:00+00:00
2020-01-27 05:00:00+00:00,26649.0,23863.239115519063,21609.45129902577,26117.026932012355,7,2019-08-07 23:00:00+00:00
2020-01-27 06:00:00+00:00,31783.0,26572.719722371003,24196.860086081982,28948.579358660023,8,2019-08-07 23:00:00+00:00
2020-01-27 07:00:00+00:00,34985.0,28620.47045952652,26140.317427104354,31100.62349194869,9,2019-08-07 23:00:00+00:00
2020-01-27 08:00:00+00:00,36292.0,30515.89868405878,27945.877961062673,33085.919407054884,10,2019-08-07 23:00:00+00:00
2020-01-27 09:00:00+00:00,36902.0,32123.47774076274,29475.513436839432,34771.44204468605,11,2019-08-07 23:00:00+00:00
2020-01-27 10:00:00+00:00,36928.0,32601.327998303306,29885.415538735597,35317.24045787102,12,2019-08-07 23:00:00+00:00
2020-01-27 11:00:00+00:00,36493.0,32381.39504951559,29606.004862652593,35156.785236378586,13,2019-08-07 23:00:00+00:00
2020-01-27 12:00:00+00:00,36438.0,32420.68932280165,29593.0617986769,35248.3168469264,14,2019-08-07 23:00:00+00:00
2020-01-27 13:00:00+00:00,35333.0,31763.0888448005,28889.45627634781,34636.72141325319,15,2019-08-07 23:00:00+00:00
2020-01-27 14:00:00+00:00,34722.0,30828.77999735628,27914.537666079836,33743.022328632724,16,2019-08-07 23:00:00+00:00
2020-01-27 15:00:00+00:00,34510.0,30267.097374876288,27316.938117008685,33217.25663274389,17,2019-08-07 23:00:00+00:00
2020-01-27 16:00:00+00:00,34466.0,30311.62103013418,27329.64288782888,33293.599172439484,18,2019-08-07 23:00:00+00:00
2020-01-27 17:00:00+00:00,35600.0,31951.93269896485,28941.726287406196,34962.1391105235,19,2019-08-07 23:00:00+00:00
2020-01-27 18:00:00+00:00,37254.0,33702.86466708749,30667.584956244966,36738.14437793001,20,2019-08-07 23:00:00+00:00
2020-01-27 19:00:00+00:00,37832.0,34515.111996995045,31457.537914453726,37572.68607953637,21,2019-08-07 23:00:00+00:00
2020-01-27 20:00:00+00:00,36924.0,34131.28801998317,31053.872394697908,37208.70364526843,22,2019-08-07 23:00:00+00:00
2020-01-27 21:00:00+00:00,33838.0,32149.72488217661,29054.63662689641,35244.81313745682,23,2019-08-07 23:00:00+00:00
2020-01-27 22:00:00+00:00,30415.0,29309.703042275967,26198.863026997675,32420.54305755426,24,2019-08-07 23:00:00+00:00
2020-01-27 23:00:00+00:00,27903.0,27628.238654470046,27052.33542026023,28204.14188867986,1,2019-08-07 23:00:00+00:00
2020-01-28 00:00:00+00:00,25785.0,25491.38838397912,24437.532509507255,26545.244258450984,2,2019-08-07 23:00:00+00:00
2020-01-28 01:00:00+00:00,24612.0,24196.971333984304,22753.50899720977,25640.433670758837,3,2019-08-07 23:00:00+00:00
2020-01-28 02:00:00+00:00,24139.0,23557.16331290722,21836.742858483507,25277.583767330936,4,2019-08-07 23:00:00+00:00
2020-01-28 03:00:00+00:00,24124.0,23430.0733397038,21494.831811893284,25365.314867514313,5,2019-08-07 23:00:00+00:00
2020-01-28 04:00:00+00:00,24664.0,23994.526797263574,21885.283541109387,26103.77005341776,6,2019-08-07 23:00:00+00:00
2020-01-28 05:00:00+00:00,27451.0,26414.137043075167,24160.349226581875,28667.92485956846,7,2019-08-07 23:00:00+00:00
2020-01-28 06:00:00+00:00,32043.0,30375.618505902097,27999.758869613077,32751.478142191118,8,2019-08-07 23:00:00+00:00
2020-01-28 07:00:00+00:00,34978.0,33044.25262070497,30564.0995882828,35524.405653127134,9,2019-08-07 23:00:00+00:00
2020-01-28 08:00:00+00:00,35800.0,34610.03880049213,32040.018077496028,37180.05952348824,10,2019-08-07 23:00:00+00:00
2020-01-28 09:00:00+00:00,36097.0,35665.704104986784,33017.73980106347,38313.668408910096,11,2019-08-07 23:00:00+00:00
2020-01-28 10:00:00+00:00,35973.0,35843.509425933946,33127.59696636624,38559.42188550165,12,2019-08-07 23:00:00+00:00
2020-01-28 11:00:00+00:00,35624.0,35499.344010906934,32723.953824043936,38274.73419776993,13,2019-08-07 23:00:00+00:00
2020-01-28 12:00:00+00:00,35529.0,35450.957646724,32623.330122599247,38278.585170848746,14,2019-08-07 23:00:00+00:00
2020-01-28 13:00:00+00:00,34507.0,34501.64511507234,31628.012546619648,37375.277683525026,15,2019-08-07 23:00:00+00:00
2020-01-28 14:00:00+00:00,34116.0,33689.18359398141,30774.941262704968,36603.425925257856,16,2019-08-07 23:00:00+00:00
2020-01-28 15:00:00+00:00,33768.0,33267.81753890161,30317.658281034008,36217.97679676922,17,2019-08-07 23:00:00+00:00
2020-01-28 16:00:00+00:00,33848.0,33270.27470507452,30288.296562769214,36252.252847379816,18,2019-08-07 23:00:00+00:00
2020-01-28 17:00:00+00:00,34934.0,34635.012470610156,31624.8060590515,37645.21888216881,19,2019-08-07 23:00:00+00:00
2020-01-28 18:00:00+00:00,36543.0,36110.57212137658,33075.29241053406,39145.8518322191,20,2019-08-07 23:00:00+00:00
2020-01-28 19:00:00+00:00,37129.0,36665.18783840057,33607.613755859245,39722.76192094189,21,2019-08-07 23:00:00+00:00
2020-01-28 20:00:00+00:00,36290.0,35947.02075843825,32869.60513315299,39024.436383723514,22,2019-08-07 23:00:00+00:00
2020-01-28 21:00:00+00:00,33344.0,33407.17833835996,30312.09008307976,36502.26659364017,23,2019-08-07 23:00:00+00:00
2020-01-28 22:00:00+00:00,29982.0,30268.654509570373,27157.81449429208,33379.49452484866,24,2019-08-07 23:00:00+00:00
2020-01-28 23:00:00+00:00,27562.0,27398.180548917146,26822.27731470733,27974.08378312696,1,2019-08-07 23:00:00+00:00
2020-01-29 00:00:00+00:00,25469.0,25265.047903036837,24211.192028564972,26318.9037775087,2,2019-08-07 23:00:00+00:00
2020-01-29 01:00:00+00:00,24287.0,24005.385494312388,22561.923157537854,25448.84783108692,3,2019-08-07 23:00:00+00:00
2020-01-29 02:00:00+00:00,23727.0,23436.172014507127,21715.751560083412,25156.59246893084,4,2019-08-07 23:00:00+00:00
2020-01-29 03:00:00+00:00,23703.0,23342.30175262698,21407.060224816465,25277.543280437494,5,2019-08-07 23:00:00+00:00
2020-01-29 04:00:00+00:00,24362.0,23851.529731486695,21742.28647533251,25960.77298764088,6,2019-08-07 23:00:00+00:00
2020-01-29 05:00:00+00:00,27105.0,26210.34179770642,23956.55398121313,28464.12961419971,7,2019-08-07 23:00:00+00:00
2020-01-29 06:00:00+00:00,31841.0,30151.19528431697,27775.33564802795,32527.05492060599,8,2019-08-07 23:00:00+00:00
2020-01-29 07:00:00+00:00,34586.0,32816.64951580114,30336.49648337897,35296.802548223306,9,2019-08-07 23:00:00+00:00
2020-01-29 08:00:00+00:00,35351.0,34199.821627685094,31629.80090468899,36769.8423506812,10,2019-08-07 23:00:00+00:00
2020-01-29 09:00:00+00:00,35660.0,35110.10994646225,32462.145642538944,37758.074250385565,11,2019-08-07 23:00:00+00:00
2020-01-29 10:00:00+00:00,35335.0,35236.947475675894,32521.035016108184,37952.8599352436,12,2019-08-07 23:00:00+00:00
2020-01-29 11:00:00+00:00,34937.0,34933.37651076072,32157.98632389772,37708.766697623716,13,2019-08-07 23:00:00+00:00
2020-01-29 12:00:00+00:00,34906.0,34889.60659649612,32061.979072371374,37717.23412062087,14,2019-08-07 23:00:00+00:00
2020-01-29 13:00:00+00:00,33726.0,33969.485910560856,31095.853342108167,36843.118479013545,15,2019-08-07 23:00:00+00:00
2020-01-29 14:00:00+00:00,33282.0,33279.4416461096,30365.199314833153,36193.68397738604,16,2019-08-07 23:00:00+00:00
2020-01-29 15:00:00+00:00,32908.0,32852.176484796764,29902.01722692916,35802.33574266437,17,2019-08-07 23:00:00+00:00
2020-01-29 16:00:00+00:00,33082.0,32909.46702163516,29927.488879329856,35891.44516394046,18,2019-08-07 23:00:00+00:00
2020-01-29 17:00:00+00:00,34212.0,34243.038305568945,31232.83189401029,37253.2447171276,19,2019-08-07 23:00:00+00:00
2020-01-29 18:00:00+00:00,35823.0,35739.07094366779,32703.79123282527,38774.350654510316,20,2019-08-07 23:00:00+00:00
2020-01-29 19:00:00+00:00,36408.0,36313.04226141608,33255.468178874755,39370.6163439574,21,2019-08-07 23:00:00+00:00
2020-01-29 20:00:00+00:00,35439.0,35608.73765583979,32531.322030554526,38686.15328112505,22,2019-08-07 23:00:00+00:00
2020-01-29 21:00:00+00:00,32780.0,33062.944561825636,29967.856306545433,36158.03281710584,23,2019-08-07 23:00:00+00:00
2020-01-29 22:00:00+00:00,29484.0,29922.187392407275,26811.347377128983,33033.027407685564,24,2019-08-07 23:00:00+00:00
2020-01-29 23:00:00+00:00,27134.0,26977.716644969903,26401.81341076009,27553.619879179718,1,2019-08-07 23:00:00+00:00
2020-01-30 00:00:00+00:00,25319.0,24845.635504624694,23791.77963015283,25899.49137909656,2,2019-08-07 23:00:00+00:00
2020-01-30 01:00:00+00:00,24140.0,23612.677179945567,22169.214843171034,25056.1395167201,3,2019-08-07 23:00:00+00:00
2020-01-30 02:00:00+00:00,23570.0,23042.663573570026,21322.24311914631,24763.08402799374,4,2019-08-07 23:00:00+00:00
2020-01-30 03:00:00+00:00,23460.0,22972.95977192211,21037.718244111595,24908.201299732624,5,2019-08-07 23:00:00+00:00
2020-01-30 04:00:00+00:00,24105.0,23545.533677563988,21436.2904214098,25654.776933718174,6,2019-08-07 23:00:00+00:00
2020-01-30 05:00:00+00:00,26886.0,25957.92349190196,23704.135675408666,28211.71130839525,7,2019-08-07 23:00:00+00:00
2020-01-30 06:00:00+00:00,31491.0,30047.290087056554,27671.430450767533,32423.149723345574,8,2019-08-07 23:00:00+00:00
2020-01-30 07:00:00+00:00,33932.0,32692.136545574805,30211.983513152638,35172.28957799698,9,2019-08-07 23:00:00+00:00
2020-01-30 08:00:00+00:00,34612.0,33997.62558331658,31427.604860320473,36567.64630631269,10,2019-08-07 23:00:00+00:00
2020-01-30 09:00:00+00:00,34765.0,34847.85694265193,32199.892638728623,37495.821246575244,11,2019-08-07 23:00:00+00:00
2020-01-30 10:00:00+00:00,34466.0,34882.664391355014,32166.751931787305,37598.57685092272,12,2019-08-07 23:00:00+00:00
2020-01-30 11:00:00+00:00,34190.0,34567.016351328384,31791.626164465386,37342.40653819138,13,2019-08-07 23:00:00+00:00
2020-01-30 12:00:00+00:00,34115.0,34550.58165173077,31722.95412760602,37378.20917585552,14,2019-08-07 23:00:00+00:00
2020-01-30 13:00:00+00:00,33139.0,33570.823996546205,30697.191428093516,36444.456564998894,15,2019-08-07 23:00:00+00:00
2020-01-30 14:00:00+00:00,32653.0,32908.788906558344,29994.546575281896,35823.03123783479,16,2019-08-07 23:00:00+00:00
2020-01-30 15:00:00+00:00,32309.0,32491.168179748114,29541.00892188051,35441.32743761572,17,2019-08-07 23:00:00+00:00
2020-01-30 16:00:00+00:00,32232.0,32593.786833017228,29611.808690711925,35575.76497532253,18,2019-08-07 23:00:00+00:00
2020-01-30 17:00:00+00:00,33197.0,33920.27221018359,30910.065798624935,36930.478621742244,19,2019-08-07 23:00:00+00:00
2020-01-30 18:00:00+00:00,34866.0,35438.89994437158,32403.620233529058,38474.1796552141,20,2019-08-07 23:00:00+00:00
2020-01-30 19:00:00+00:00,35523.0,36021.30346935221,32963.72938681089,39078.877551893536,21,2019-08-07 23:00:00+00:00
2020-01-30 20:00:00+00:00,34836.0,35260.112401307124,32182.69677602186,38337.52802659239,22,2019-08-07 23:00:00+00:00
2020-01-30 21:00:00+00:00,32332.0,32774.08822236667,29678.999967086467,35869.17647764688,23,2019-08-07 23:00:00+00:00
2020-01-30 22:00:00+00:00,29306.0,29635.533642907576,26524.693627629284,32746.37365818587,24,2019-08-07 23:00:00+00:00
2020-01-30 23:00:00+00:00,27179.0,26946.212632701136,26370.30939849132,27522.11586691095,1,2019-08-07 23:00:00+00:00
2020-01-31 00:00:00+00:00,25187.0,24972.874201863757,23919.018327391892,26026.73007633562,2,2019-08-07 23:00:00+00:00
2020-01-31 01:00:00+00:00,24108.0,23742.49954300677,22299.037206232235,25185.961879781302,3,2019-08-07 23:00:00+00:00
2020-01-31 02:00:00+00:00,23636.0,23164.646114486703,21444.225660062988,24885.066568910417,4,2019-08-07 23:00:00+00:00
2020-01-31 03:00:00+00:00,23588.0,23064.460019385657,21129.218491575142,24999.70154719617,5,2019-08-07 23:00:00+00:00
2020-01-31 04:00:00+00:00,24238.0,23637.90148447416,21528.658228319975,25747.144740628348,6,2019-08-07 23:00:00+00:00
2020-01-31 05:00:00+00:00,26976.0,26100.823284110622,23847.03546761733,28354.611100603914,7,2019-08-07 23:00:00+00:00
2020-01-31 06:00:00+00:00,31451.0,30219.70685886935,27843.84722258033,32595.56649515837,8,2019-08-07 23:00:00+00:00
2020-01-31 07:00:00+00:00,33670.0,32763.330620865203,30283.177588443035,35243.483653287374,9,2019-08-07 23:00:00+00:00
2020-01-31 08:00:00+00:00,34347.0,33966.363222100044,31396.34249910394,36536.38394509615,10,2019-08-07 23:00:00+00:00
2020-01-31 09:00:00+00:00,34418.0,34688.65675092192,32040.692446998608,37336.62105484523,11,2019-08-07 23:00:00+00:00
2020-01-31 10:00:00+00:00,34181.0,34684.12197319834,31968.209513630627,37400.03443276605,12,2019-08-07 23:00:00+00:00
2020-01-31 11:00:00+00:00,33765.0,34398.763406369006,31623.373219506007,37174.153593232004,13,2019-08-07 23:00:00+00:00
2020-01-31 12:00:00+00:00,33610.0,34361.45410067949,31533.82657655474,37189.08162480424,14,2019-08-07 23:00:00+00:00
2020-01-31 13:00:00+00:00,32578.0,33427.102094312984,30553.469525860295,36300.73466276567,15,2019-08-07 23:00:00+00:00
2020-01-31 14:00:00+00:00,31914.0,32774.44207426941,29860.199742992965,35688.68440554586,16,2019-08-07 23:00:00+00:00
2020-01-31 15:00:00+00:00,31475.0,32370.41465291248,29420.25539504488,35320.573910780084,17,2019-08-07 23:00:00+00:00
2020-01-31 16:00:00+00:00,31112.0,32388.938634267375,29406.960491962072,35370.916776572674,18,2019-08-07 23:00:00+00:00
2020-01-31 17:00:00+00:00,32036.0,33628.8486030291,30618.642191470448,36639.05501458776,19,2019-08-07 23:00:00+00:00
2020-01-31 18:00:00+00:00,33625.0,35177.69439148747,32142.41468064495,38212.974102329994,20,2019-08-07 23:00:00+00:00
2020-01-31 19:00:00+00:00,33920.0,35784.216485276615,32726.642402735295,38841.79056781794,21,2019-08-07 23:00:00+00:00
2020-01-31 20:00:00+00:00,33354.0,35096.564804670066,32019.149179384804,38173.98042995533,22,2019-08-07 23:00:00+00:00
2020-01-31 21:00:00+00:00,31161.0,32642.7712129148,29547.682957634595,35737.859468195005,23,2019-08-07 23:00:00+00:00
2020-01-31 22:00:00+00:00,28738.0,29579.96452661532,26469.124511337028,32690.804541893613,24,2019-08-07 23:00:00+00:00
2020-01-31 23:00:00+00:00,26945.0,26723.03766475117,26147.134430541355,27298.940898960984,1,2019-08-07 23:00:00+00:00
2020-02-01 00:00:00+00:00,25067.0,24805.7872494222,23751.931374950334,25859.643123894064,2,2019-08-07 23:00:00+00:00
2020-02-01 01:00:00+00:00,23687.0,23627.67483813205,22184.212501357517,25071.137174906584,3,2019-08-07 23:00:00+00:00
2020-02-01 02:00:00+00:00,22880.0,23094.069436153783,21373.648981730068,24814.489890577497,4,2019-08-07 23:00:00+00:00
2020-02-01 03:00:00+00:00,22593.0,23022.49035760061,21087.248829790096,24957.731885411125,5,2019-08-07 23:00:00+00:00
2020-02-01 04:00:00+00:00,22518.0,23613.801995323254,21504.558739169064,25723.045251477444,6,2019-08-07 23:00:00+00:00
2020-02-01 05:00:00+00:00,23113.0,26107.854539089403,23854.06672259611,28361.642355582695,7,2019-08-07 23:00:00+00:00
2020-02-01 06:00:00+00:00,24452.0,30247.236151763067,27871.376515474047,32623.095788052087,8,2019-08-07 23:00:00+00:00
2020-02-01 07:00:00+00:00,25998.0,32703.943917677687,30223.79088525552,35184.096950099854,9,2019-08-07 23:00:00+00:00
2020-02-01 08:00:00+00:00,28380.0,33845.92851623144,31275.907793235336,36415.94923922755,10,2019-08-07 23:00:00+00:00
2020-02-01 09:00:00+00:00,29971.0,34472.57931970714,31824.61501578383,37120.54362363045,11,2019-08-07 23:00:00+00:00
2020-02-01 10:00:00+00:00,30290.0,34458.53369765582,31742.621238088108,37174.44615722353,12,2019-08-07 23:00:00+00:00
2020-02-01 11:00:00+00:00,29814.0,34128.69826121117,31353.30807434817,36904.088448074166,13,2019-08-07 23:00:00+00:00
2020-02-01 12:00:00+00:00,29594.0,34062.38198908778,31234.75446496303,36890.00951321253,14,2019-08-07 23:00:00+00:00
2020-02-01 13:00:00+00:00,28734.0,33106.93586807434,30233.30329962165,35980.56843652703,15,2019-08-07 23:00:00+00:00
2020-02-01 14:00:00+00:00,27421.0,32415.111598532825,29500.869267256377,35329.35392980927,16,2019-08-07 23:00:00+00:00
2020-02-01 15:00:00+00:00,26528.0,31988.2422855144,29038.083027646797,34938.401543382,17,2019-08-07 23:00:00+00:00
2020-02-01 16:00:00+00:00,26344.0,31895.32481268071,28913.346670375406,34877.30295498601,18,2019-08-07 23:00:00+00:00
2020-02-01 17:00:00+00:00,27641.0,33089.41608612994,30079.209674571284,36099.62249768859,19,2019-08-07 23:00:00+00:00
2020-02-01 18:00:00+00:00,29465.0,34627.788107807544,31592.508396965022,37663.067818650066,20,2019-08-07 23:00:00+00:00
2020-02-01 19:00:00+00:00,30173.0,35113.2372912073,32055.663208665977,38170.81137374862,21,2019-08-07 23:00:00+00:00
2020-02-01 20:00:00+00:00,30122.0,34472.241425851906,31394.825800566643,37549.65705113717,22,2019-08-07 23:00:00+00:00
2020-02-01 21:00:00+00:00,28697.0,32127.068260045668,29031.980004765464,35222.15651532587,23,2019-08-07 23:00:00+00:00
2020-02-01 22:00:00+00:00,26843.0,29288.93872926585,26178.098713987558,32399.778744544143,24,2019-08-07 23:00:00+00:00
2020-02-01 23:00:00+00:00,24612.0,25158.706665738777,24582.803431528962,25734.60989994859,1,2019-08-07 23:00:00+00:00
2020-02-02 00:00:00+00:00,22870.0,23370.16540595675,22316.309531484887,24424.021280428617,2,2019-08-07 23:00:00+00:00
2020-02-02 01:00:00+00:00,21697.0,22172.779016025164,20729.31667925063,23616.241352799698,3,2019-08-07 23:00:00+00:00
2020-02-02 02:00:00+00:00,21016.0,21598.602788485074,19878.18233406136,23319.02324290879,4,2019-08-07 23:00:00+00:00
2020-02-02 03:00:00+00:00,20658.0,21512.422067361844,19577.18053955133,23447.66359517236,5,2019-08-07 23:00:00+00:00
2020-02-02 04:00:00+00:00,20733.0,21914.64727065916,19805.404014504973,24023.890526813346,6,2019-08-07 23:00:00+00:00
2020-02-02 05:00:00+00:00,21144.0,23728.132221241805,21474.344404748514,25981.920037735097,7,2019-08-07 23:00:00+00:00
2020-02-02 06:00:00+00:00,21922.0,26837.139044364245,24461.279408075225,29212.998680653265,8,2019-08-07 23:00:00+00:00
2020-02-02 07:00:00+00:00,22502.0,29076.451348853705,26596.298316431537,31556.604381275873,9,2019-08-07 23:00:00+00:00
2020-02-02 08:00:00+00:00,24485.0,30826.9773218739,28256.95659887779,33396.99804487001,10,2019-08-07 23:00:00+00:00
2020-02-02 09:00:00+00:00,26315.0,31981.30204483191,29333.337740908602,34629.26634875522,11,2019-08-07 23:00:00+00:00
2020-02-02 10:00:00+00:00,26969.0,32186.481104842744,29470.568645275034,34902.39356441046,12,2019-08-07 23:00:00+00:00
2020-02-02 11:00:00+00:00,26756.0,31868.44385009304,29093.053663230043,34643.83403695604,13,2019-08-07 23:00:00+00:00
2020-02-02 12:00:00+00:00,26832.0,31809.445852083456,28981.818327958707,34637.07337620821,14,2019-08-07 23:00:00+00:00
2020-02-02 13:00:00+00:00,26455.0,30946.05793882441,28072.425370371722,33819.6905072771,15,2019-08-07 23:00:00+00:00
2020-02-02 14:00:00+00:00,25237.0,30061.260698068687,27147.01836679224,32975.503029345135,16,2019-08-07 23:00:00+00:00
2020-02-02 15:00:00+00:00,24496.0,29504.70889594662,26554.549638079017,32454.868153814223,17,2019-08-07 23:00:00+00:00
2020-02-02 16:00:00+00:00,24114.0,29476.065682275792,26494.08753997049,32458.043824581095,18,2019-08-07 23:00:00+00:00
2020-02-02 17:00:00+00:00,25624.0,30802.58356727377,27792.377155715116,33812.78997883242,19,2019-08-07 23:00:00+00:00
2020-02-02 18:00:00+00:00,28236.0,32462.185774263646,29426.906063421124,35497.46548510617,20,2019-08-07 23:00:00+00:00
2020-02-02 19:00:00+00:00,29552.0,33101.17390900576,30043.59982646444,36158.74799154708,21,2019-08-07 23:00:00+00:00
2020-02-02 20:00:00+00:00,29543.0,32682.29240361022,29604.876778324957,35759.70802889548,22,2019-08-07 23:00:00+00:00
2020-02-02 21:00:00+00:00,28444.0,30658.7014163636,27563.613161083398,33753.789671643804,23,2019-08-07 23:00:00+00:00
2020-02-02 22:00:00+00:00,26220.0,28102.04729992671,24991.20728464842,31212.887315205004,24,2019-08-07 23:00:00+00:00
2020-02-02 23:00:00+00:00,24122.0,24104.818807349122,23528.915573139308,24680.722041558936,1,2019-08-07 23:00:00+00:00
2020-02-03 00:00:00+00:00,22657.0,22224.258550186445,21170.40267571458,23278.11442465831,2,2019-08-07 23:00:00+00:00
2020-02-03 01:00:00+00:00,21870.0,21106.201731215344,19662.73939444081,22549.664067989877,3,2019-08-07 23:00:00+00:00
2020-02-03 02:00:00+00:00,21439.0,20576.69373763636,18856.273283212646,22297.114192060075,4,2019-08-07 23:00:00+00:00
2020-02-03 03:00:00+00:00,21345.0,20466.68588241915,18531.444354608637,22401.927410229666,5,2019-08-07 23:00:00+00:00
2020-02-03 04:00:00+00:00,22150.0,20888.63122146395,18779.38796530976,22997.87447761814,6,2019-08-07 23:00:00+00:00
2020-02-03 05:00:00+00:00,25276.0,22506.99758344308,20253.20976694979,24760.785399936372,7,2019-08-07 23:00:00+00:00
2020-02-03 06:00:00+00:00,29686.0,25214.43341694009,22838.57378065107,27590.29305322911,8,2019-08-07 23:00:00+00:00
2020-02-03 07:00:00+00:00,32059.0,27040.083909825004,24559.930877402836,29520.23694224717,9,2019-08-07 23:00:00+00:00
2020-02-03 08:00:00+00:00,32870.0,28746.527348263346,26176.50662526724,31316.54807125945,10,2019-08-07 23:00:00+00:00
2020-02-03 09:00:00+00:00,33019.0,30061.258121416788,27413.29381749348,32709.222425340096,11,2019-08-07 23:00:00+00:00
2020-02-03 10:00:00+00:00,32822.0,30419.89317221424,27703.98071264653,33135.80563178195,12,2019-08-07 23:00:00+00:00
2020-02-03 11:00:00+00:00,32407.0,30194.254257728775,27418.864070865777,32969.64444459177,13,2019-08-07 23:00:00+00:00
2020-02-03 12:00:00+00:00,32386.0,30238.243069334334,27410.615545209585,33065.87059345908,14,2019-08-07 23:00:00+00:00
2020-02-03 13:00:00+00:00,31401.0,29565.023094933604,26691.390526480915,32438.655663386293,15,2019-08-07 23:00:00+00:00
2020-02-03 14:00:00+00:00,30858.0,28675.488215025536,25761.245883749092,31589.73054630198,16,2019-08-07 23:00:00+00:00
2020-02-03 15:00:00+00:00,30294.0,28145.48082682557,25195.321568957967,31095.640084693172,17,2019-08-07 23:00:00+00:00
2020-02-03 16:00:00+00:00,29974.0,28039.17342713802,25057.195284832716,31021.151569443322,18,2019-08-07 23:00:00+00:00
2020-02-03 17:00:00+00:00,30754.0,29451.307032159268,26441.100620600613,32461.513443717922,19,2019-08-07 23:00:00+00:00
2020-02-03 18:00:00+00:00,32988.0,31427.519618869243,28392.23990802672,34462.799329711765,20,2019-08-07 23:00:00+00:00
2020-02-03 19:00:00+00:00,33767.0,32305.611533391064,29248.037450849744,35363.18561593239,21,2019-08-07 23:00:00+00:00
2020-02-03 20:00:00+00:00,32938.0,31958.6761327758,28881.260507490537,35036.09175806106,22,2019-08-07 23:00:00+00:00
2020-02-03 21:00:00+00:00,30345.0,30137.823610448897,27042.735355168694,33232.911865729104,23,2019-08-07 23:00:00+00:00
2020-02-03 22:00:00+00:00,27486.0,27545.486088085505,24434.646072807212,30656.326103363797,24,2019-08-07 23:00:00+00:00
2020-02-03 23:00:00+00:00,25706.0,25220.452859173485,24644.54962496367,25796.3560933833,1,2019-08-07 23:00:00+00:00
2020-02-04 00:00:00+00:00,24117.0,23463.233142772886,22409.37726830102,24517.08901724475,2,2019-08-07 23:00:00+00:00
2020-02-04 01:00:00+00:00,23173.0,22412.417116921166,20968.954780146632,23855.8794536957,3,2019-08-07 23:00:00+00:00
2020-02-04 02:00:00+00:00,22750.0,21891.37333688051,20170.952882456797,23611.793791304226,4,2019-08-07 23:00:00+00:00
2020-02-04 03:00:00+00:00,22715.0,21786.09033783816,19850.848810027645,23721.331865648674,5,2019-08-07 23:00:00+00:00
2020-02-04 04:00:00+00:00,23436.0,22371.52446806636,20262.281211912174,24480.767724220546,6,2019-08-07 23:00:00+00:00
2020-02-04 05:00:00+00:00,26141.0,24764.07598463015,22510.28816813686,27017.863801123443,7,2019-08-07 23:00:00+00:00
2020-02-04 06:00:00+00:00,30323.0,28488.524797679103,26112.665161390083,30864.384433968124,8,2019-08-07 23:00:00+00:00
2020-02-04 07:00:00+00:00,32483.0,30756.64285659447,28276.489824172302,33236.79588901664,9,2019-08-07 23:00:00+00:00
2020-02-04 08:00:00+00:00,33306.0,32030.123260514796,29460.102537518687,34600.143983510905,10,2019-08-07 23:00:00+00:00
2020-02-04 09:00:00+00:00,33347.0,32760.739051512843,30112.774747589534,35408.703355436155,11,2019-08-07 23:00:00+00:00
2020-02-04 10:00:00+00:00,33009.0,32809.195989815635,30093.283530247925,35525.10844938335,12,2019-08-07 23:00:00+00:00
2020-02-04 11:00:00+00:00,32857.0,32474.04735427557,29698.657167412573,35249.43754113857,13,2019-08-07 23:00:00+00:00
2020-02-04 12:00:00+00:00,32669.0,32450.858395943178,29623.23087181843,35278.48592006793,14,2019-08-07 23:00:00+00:00
2020-02-04 13:00:00+00:00,31620.0,31561.314121986237,28687.681553533548,34434.94669043893,15,2019-08-07 23:00:00+00:00
2020-02-04 14:00:00+00:00,31104.0,30841.464106294192,27927.221775017744,33755.70643757064,16,2019-08-07 23:00:00+00:00
2020-02-04 15:00:00+00:00,30705.0,30318.06191068612,27367.902652818517,33268.221168553726,17,2019-08-07 23:00:00+00:00
2020-02-04 16:00:00+00:00,30441.0,30170.413346047673,27188.43520374237,33152.39148835298,18,2019-08-07 23:00:00+00:00
2020-02-04 17:00:00+00:00,31169.0,31304.088500870595,28293.88208931194,34314.29491242925,19,2019-08-07 23:00:00+00:00
2020-02-04 18:00:00+00:00,33518.0,33197.75291029107,30162.47319944855,36233.03262113359,20,2019-08-07 23:00:00+00:00
2020-02-04 19:00:00+00:00,34271.0,33912.51919519941,30854.945112658093,36970.093277740736,21,2019-08-07 23:00:00+00:00
2020-02-04 20:00:00+00:00,33412.0,33288.98745302421,30211.571827738946,36366.40307830947,22,2019-08-07 23:00:00+00:00
2020-02-04 21:00:00+00:00,30740.0,30997.96171136119,27902.873456080986,34093.049966641396,23,2019-08-07 23:00:00+00:00
2020-02-04 22:00:00+00:00,27850.0,28201.973648459294,25091.133633181,31312.813663737586,24,2019-08-07 23:00:00+00:00
2020-02-04 23:00:00+00:00,26071.0,25751.07256631872,25175.169332108904,26326.975800528533,1,2019-08-07 23:00:00+00:00
2020-02-05 00:00:00+00:00,24381.0,23973.837812238624,22919.98193776676,25027.69368671049,2,2019-08-07 23:00:00+00:00
2020-02-05 01:00:00+00:00,23424.0,22894.607470389074,21451.14513361454,24338.069807163607,3,2019-08-07 23:00:00+00:00
2020-02-05 02:00:00+00:00,23007.0,22383.189693720316,20662.769239296602,24103.61014814403,4,2019-08-07 23:00:00+00:00
2020-02-05 03:00:00+00:00,22953.0,22296.279300479197,20361.037772668682,24231.52082828971,5,2019-08-07 23:00:00+00:00
2020-02-05 04:00:00+00:00,23652.0,22874.902147406832,20765.658891252642,24984.145403561022,6,2019-08-07 23:00:00+00:00
2020-02-05 05:00:00+00:00,26300.0,25203.859584982056,22950.071768488764,27457.647401475348,7,2019-08-07 23:00:00+00:00
2020-02-05 06:00:00+00:00,30879.0,28928.495879121467,26552.636242832446,31304.355515410487,8,2019-08-07 23:00:00+00:00
2020-02-05 07:00:00+00:00,33081.0,31129.514344913838,28649.36131249167,33609.66737733601,9,2019-08-07 23:00:00+00:00
2020-02-05 08:00:00+00:00,33968.0,32345.985204997356,29775.964482001247,34916.005927993465,10,2019-08-07 23:00:00+00:00
2020-02-05 09:00:00+00:00,33893.0,32961.544656245125,30313.580352321816,35609.50896016844,11,2019-08-07 23:00:00+00:00
2020-02-05 10:00:00+00:00,33594.0,32925.41027620046,30209.497816632753,35641.322735768175,12,2019-08-07 23:00:00+00:00
2020-02-05 11:00:00+00:00,33282.0,32672.280895148513,29896.890708285515,35447.67108201151,13,2019-08-07 23:00:00+00:00
2020-02-05 12:00:00+00:00,33041.0,32586.51829138919,29758.890767264442,35414.14581551394,14,2019-08-07 23:00:00+00:00
2020-02-05 13:00:00+00:00,31884.0,31659.42119812528,28785.788629672592,34533.05376657797,15,2019-08-07 23:00:00+00:00
2020-02-05 14:00:00+00:00,31261.0,30969.144497232377,28054.90216595593,33883.386828508825,16,2019-08-07 23:00:00+00:00
2020-02-05 15:00:00+00:00,30878.0,30497.90259578785,27547.74333792025,33448.061853655454,17,2019-08-07 23:00:00+00:00
2020-02-05 16:00:00+00:00,30906.0,30346.69390022178,27364.715757916478,33328.67204252708,18,2019-08-07 23:00:00+00:00
2020-02-05 17:00:00+00:00,31820.0,31415.220209267976,28405.01379770932,34425.42662082663,19,2019-08-07 23:00:00+00:00
2020-02-05 18:00:00+00:00,33936.0,33391.174293159915,30355.894582317393,36426.45400400244,20,2019-08-07 23:00:00+00:00
2020-02-05 19:00:00+00:00,34609.0,34102.83399445432,31045.259911913,37160.40807699564,21,2019-08-07 23:00:00+00:00
2020-02-05 20:00:00+00:00,33884.0,33440.9938090967,30363.578183811434,36518.40943438196,22,2019-08-07 23:00:00+00:00
2020-02-05 21:00:00+00:00,31213.0,31081.968666889483,27986.88041160928,34177.056922169686,23,2019-08-07 23:00:00+00:00
2020-02-05 22:00:00+00:00,28190.0,28265.370518924865,25154.530503646572,31376.210534203157,24,2019-08-07 23:00:00+00:00
2020-02-05 23:00:00+00:00,26156.0,26037.987690716975,25462.08445650716,26613.89092492679,1,2019-08-07 23:00:00+00:00
2020-02-06 00:00:00+00:00,24428.0,24213.33308481423,23159.477210342364,25267.188959286093,2,2019-08-07 23:00:00+00:00
2020-02-06 01:00:00+00:00,23362.0,23138.986293186106,21695.523956411573,24582.44862996064,3,2019-08-07 23:00:00+00:00
2020-02-06 02:00:00+00:00,23140.0,22634.21264803223,20913.792193608515,24354.633102455944,4,2019-08-07 23:00:00+00:00
2020-02-06 03:00:00+00:00,23108.0,22540.70885815509,20605.467330344574,24475.950385965603,5,2019-08-07 23:00:00+00:00
2020-02-06 04:00:00+00:00,23728.0,23123.34688800432,21014.10363185013,25232.59014415851,6,2019-08-07 23:00:00+00:00
2020-02-06 05:00:00+00:00,26419.0,25473.347904144677,23219.560087651385,27727.13572063797,7,2019-08-07 23:00:00+00:00
2020-02-06 06:00:00+00:00,31180.0,29393.22846513319,27017.36882884417,31769.08810142221,8,2019-08-07 23:00:00+00:00
2020-02-06 07:00:00+00:00,33611.0,31599.215051949457,29119.06201952729,34079.36808437163,9,2019-08-07 23:00:00+00:00
2020-02-06 08:00:00+00:00,34545.0,32784.61149537621,30214.5907723801,35354.63221837232,10,2019-08-07 23:00:00+00:00
2020-02-06 09:00:00+00:00,34685.0,33281.718124807914,30633.753820884605,35929.68242873123,11,2019-08-07 23:00:00+00:00
2020-02-06 10:00:00+00:00,34383.0,33217.48869906387,30501.57623949616,35933.40115863158,12,2019-08-07 23:00:00+00:00
2020-02-06 11:00:00+00:00,33924.0,32915.328324386064,30139.938137523066,35690.71851124906,13,2019-08-07 23:00:00+00:00
2020-02-06 12:00:00+00:00,33656.0,32793.80135627052,29966.173832145767,35621.428880395266,14,2019-08-07 23:00:00+00:00
2020-02-06 13:00:00+00:00,32565.0,31808.84450155763,28935.21193310494,34682.47707001032,15,2019-08-07 23:00:00+00:00
2020-02-06 14:00:00+00:00,31932.0,31098.440722708026,28184.19839143158,34012.683053984474,16,2019-08-07 23:00:00+00:00
2020-02-06 15:00:00+00:00,31608.0,30638.794732356648,27688.635474489045,33588.953990224254,17,2019-08-07 23:00:00+00:00
2020-02-06 16:00:00+00:00,31563.0,30575.64183203685,27593.663689731547,33557.61997434215,18,2019-08-07 23:00:00+00:00
2020-02-06 17:00:00+00:00,32479.0,31665.581183498816,28655.37477194016,34675.78759505747,19,2019-08-07 23:00:00+00:00
2020-02-06 18:00:00+00:00,34610.0,33601.60356552626,30566.32385468374,36636.88327636878,20,2019-08-07 23:00:00+00:00
2020-02-06 19:00:00+00:00,35130.0,34287.00496132972,31229.430878788404,37344.57904387105,21,2019-08-07 23:00:00+00:00
2020-02-06 20:00:00+00:00,34348.0,33646.26605983497,30568.850434549706,36723.68168512023,22,2019-08-07 23:00:00+00:00
2020-02-06 21:00:00+00:00,31769.0,31245.981342744253,28150.89308746405,34341.069598024456,23,2019-08-07 23:00:00+00:00
2020-02-06 22:00:00+00:00,28759.0,28370.006691856637,25259.166676578345,31480.84670713493,24,2019-08-07 23:00:00+00:00
2020-02-06 23:00:00+00:00,26661.0,26561.965297773168,25986.062063563353,27137.868531982982,1,2019-08-07 23:00:00+00:00
2020-02-07 00:00:00+00:00,24865.0,24708.981780386017,23655.125905914152,25762.83765485788,2,2019-08-07 23:00:00+00:00
2020-02-07 01:00:00+00:00,23877.0,23585.299993654142,22141.83765687961,25028.762330428675,3,2019-08-07 23:00:00+00:00
2020-02-07 02:00:00+00:00,23464.0,23138.488360963376,21418.06790653966,24858.90881538709,4,2019-08-07 23:00:00+00:00
2020-02-07 03:00:00+00:00,23505.0,23035.75867900538,21100.517151194865,24971.000206815894,5,2019-08-07 23:00:00+00:00
2020-02-07 04:00:00+00:00,24255.0,23583.58250220118,21474.33924604699,25692.82575835537,6,2019-08-07 23:00:00+00:00
2020-02-07 05:00:00+00:00,27008.0,25966.675193282554,23712.887376789262,28220.463009775845,7,2019-08-07 23:00:00+00:00
2020-02-07 06:00:00+00:00,31691.0,30016.153564597564,27640.293928308543,32392.013200886584,8,2019-08-07 23:00:00+00:00
2020-02-07 07:00:00+00:00,34051.0,32286.446232792936,29806.29320037077,34766.5992652151,9,2019-08-07 23:00:00+00:00
2020-02-07 08:00:00+00:00,35014.0,33434.517927920526,30864.497204924417,36004.538650916635,10,2019-08-07 23:00:00+00:00
2020-02-07 09:00:00+00:00,35037.0,33921.412068447135,31273.447764523826,36569.37637237045,11,2019-08-07 23:00:00+00:00
2020-02-07 10:00:00+00:00,34707.0,33811.56323973809,31095.65078017038,36527.4756993058,12,2019-08-07 23:00:00+00:00
2020-02-07 11:00:00+00:00,34317.0,33440.90241635287,30665.51222948987,36216.292603215865,13,2019-08-07 23:00:00+00:00
2020-02-07 12:00:00+00:00,34029.0,33281.14080274337,30453.513278618622,36108.76832686812,14,2019-08-07 23:00:00+00:00
2020-02-07 13:00:00+00:00,32804.0,32285.602535985396,29411.969967532707,35159.235104438085,15,2019-08-07 23:00:00+00:00
2020-02-07 14:00:00+00:00,32089.0,31570.46504867482,28656.222717398377,34484.707379951265,16,2019-08-07 23:00:00+00:00
2020-02-07 15:00:00+00:00,31594.0,31130.259026708656,28180.099768841053,34080.41828457626,17,2019-08-07 23:00:00+00:00
2020-02-07 16:00:00+00:00,31384.0,31041.384651076532,28059.40650877123,34023.362793381835,18,2019-08-07 23:00:00+00:00
2020-02-07 17:00:00+00:00,32086.0,32099.695088672306,29089.48867711365,35109.90150023096,19,2019-08-07 23:00:00+00:00
2020-02-07 18:00:00+00:00,34176.0,34054.00138324496,31018.72167240244,37089.281094087484,20,2019-08-07 23:00:00+00:00
2020-02-07 19:00:00+00:00,34471.0,34673.482284516846,31615.908201975526,37731.05636705817,21,2019-08-07 23:00:00+00:00
2020-02-07 20:00:00+00:00,33837.0,33992.906756400516,30915.491131115254,37070.32238168578,22,2019-08-07 23:00:00+00:00
2020-02-07 21:00:00+00:00,31390.0,31583.567729590024,28488.47947430982,34678.65598487023,23,2019-08-07 23:00:00+00:00
2020-02-07 22:00:00+00:00,28803.0,28686.021187460003,25575.18117218171,31796.861202738295,24,2019-08-07 23:00:00+00:00
2020-02-07 23:00:00+00:00,27270.0,26804.71457410796,26228.811339898144,27380.617808317773,1,2019-08-07 23:00:00+00:00
2020-02-08 00:00:00+00:00,25267.0,25024.819414415262,23970.963539943397,26078.675288887127,2,2019-08-07 23:00:00+00:00
2020-02-08 01:00:00+00:00,23829.0,23927.2674397859,22483.805103011367,25370.729776560434,3,2019-08-07 23:00:00+00:00
2020-02-08 02:00:00+00:00,23103.0,23429.730165736022,21709.309711312308,25150.150620159737,4,2019-08-07 23:00:00+00:00
2020-02-08 03:00:00+00:00,22734.0,23352.637539863055,21417.39601205254,25287.87906767357,5,2019-08-07 23:00:00+00:00
2020-02-08 04:00:00+00:00,22835.0,23947.341681829188,21838.098425675,26056.584937983374,6,2019-08-07 23:00:00+00:00
2020-02-08 05:00:00+00:00,23390.0,26382.87084611177,24129.08302961848,28636.658662605063,7,2019-08-07 23:00:00+00:00
2020-02-08 06:00:00+00:00,24917.0,30485.430122003403,28109.570485714383,32861.28975829242,8,2019-08-07 23:00:00+00:00
2020-02-08 07:00:00+00:00,26397.0,32742.617269948812,30262.464237526645,35222.770302370984,9,2019-08-07 23:00:00+00:00
2020-02-08 08:00:00+00:00,28981.0,33867.00333496172,31296.982611965614,36437.02405795783,10,2019-08-07 23:00:00+00:00
2020-02-08 09:00:00+00:00,30690.0,34261.285210530434,31613.320906607125,36909.249514453746,11,2019-08-07 23:00:00+00:00
2020-02-08 10:00:00+00:00,30983.0,34110.70567578211,31394.793216214402,36826.618135349825,12,2019-08-07 23:00:00+00:00
2020-02-08 11:00:00+00:00,30601.0,33747.66726266674,30972.277075803744,36523.05744952974,13,2019-08-07 23:00:00+00:00
2020-02-08 12:00:00+00:00,30666.0,33561.2695283015,30733.64200417675,36388.89705242625,14,2019-08-07 23:00:00+00:00
2020-02-08 13:00:00+00:00,29982.0,32499.906875368157,29626.274306915468,35373.539443820846,15,2019-08-07 23:00:00+00:00
2020-02-08 14:00:00+00:00,28495.0,31760.282729095554,28846.04039781911,34674.525060372,16,2019-08-07 23:00:00+00:00
2020-02-08 15:00:00+00:00,27659.0,31268.056124398503,28317.8968665309,34218.215382266106,17,2019-08-07 23:00:00+00:00
2020-02-08 16:00:00+00:00,27457.0,31120.509036025927,28138.530893720625,34102.48717833123,18,2019-08-07 23:00:00+00:00
2020-02-08 17:00:00+00:00,28401.0,32079.357977372678,29069.151565814023,35089.56438893133,19,2019-08-07 23:00:00+00:00
2020-02-08 18:00:00+00:00,30433.0,34036.860346985246,31001.580636142724,37072.14005782777,20,2019-08-07 23:00:00+00:00
2020-02-08 19:00:00+00:00,31111.0,34558.75092200582,31501.1768394645,37616.32500454714,21,2019-08-07 23:00:00+00:00
2020-02-08 20:00:00+00:00,30898.0,33915.04136896518,30837.62574367992,36992.456994250446,22,2019-08-07 23:00:00+00:00
2020-02-08 21:00:00+00:00,29609.0,31528.434611476376,28433.346356196173,34623.52286675658,23,2019-08-07 23:00:00+00:00
2020-02-08 22:00:00+00:00,27664.0,28765.914032942863,25655.07401766457,31876.754048221155,24,2019-08-07 23:00:00+00:00
2020-02-08 23:00:00+00:00,25277.0,26105.609738410792,25529.706504200978,26681.512972620607,1,2019-08-07 23:00:00+00:00
2020-02-09 00:00:00+00:00,23516.0,24285.35758826126,23231.501713789396,25339.213462733125,2,2019-08-07 23:00:00+00:00
2020-02-09 01:00:00+00:00,22116.0,23084.981156436384,21641.51881966185,24528.443493210918,3,2019-08-07 23:00:00+00:00
2020-02-09 02:00:00+00:00,21472.0,22528.61312672097,20808.192672297257,24249.033581144686,4,2019-08-07 23:00:00+00:00
2020-02-09 03:00:00+00:00,21102.0,22359.614198653202,20424.372670842688,24294.855726463717,5,2019-08-07 23:00:00+00:00
2020-02-09 04:00:00+00:00,21097.0,22778.715991744808,20669.47273559062,24887.959247898994,6,2019-08-07 23:00:00+00:00
2020-02-09 05:00:00+00:00,21532.0,24498.420525297057,22244.632708803765,26752.20834179035,7,2019-08-07 23:00:00+00:00
2020-02-09 06:00:00+00:00,22338.0,27570.786014611826,25194.926378322805,29946.645650900846,8,2019-08-07 23:00:00+00:00
2020-02-09 07:00:00+00:00,22928.0,29556.592635666788,27076.43960324462,32036.745668088955,9,2019-08-07 23:00:00+00:00
2020-02-09 08:00:00+00:00,25221.0,31276.427724527766,28706.40700153166,33846.44844752387,10,2019-08-07 23:00:00+00:00
2020-02-09 09:00:00+00:00,27193.0,32261.57984824356,29613.61554432025,34909.54415216687,11,2019-08-07 23:00:00+00:00
2020-02-09 10:00:00+00:00,27782.0,32341.103666844523,29625.191207276814,35057.016126412236,12,2019-08-07 23:00:00+00:00
2020-02-09 11:00:00+00:00,27677.0,32004.069664955496,29228.679478092497,34779.459851818494,13,2019-08-07 23:00:00+00:00
2020-02-09 12:00:00+00:00,27864.0,31957.285055722034,29129.657531597284,34784.91257984679,14,2019-08-07 23:00:00+00:00
2020-02-09 13:00:00+00:00,27451.0,31094.194483465893,28220.561915013204,33967.82705191858,15,2019-08-07 23:00:00+00:00
2020-02-09 14:00:00+00:00,26137.0,30101.79496013407,27187.552628857622,33016.03729141052,16,2019-08-07 23:00:00+00:00
2020-02-09 15:00:00+00:00,25435.0,29507.554551008292,26557.39529314069,32457.713808875895,17,2019-08-07 23:00:00+00:00
2020-02-09 16:00:00+00:00,25200.0,29375.20117388824,26393.223031582937,32357.179316193542,18,2019-08-07 23:00:00+00:00
2020-02-09 17:00:00+00:00,26758.0,30408.136956710972,27397.930545152318,33418.34336826963,19,2019-08-07 23:00:00+00:00
2020-02-09 18:00:00+00:00,29577.0,32379.415393200758,29344.135682358235,35414.69510404328,20,2019-08-07 23:00:00+00:00
2020-02-09 19:00:00+00:00,31035.0,33028.01099888949,29970.43691634817,36085.585081430814,21,2019-08-07 23:00:00+00:00
2020-02-09 20:00:00+00:00,30988.0,32553.495849167477,29476.080223882214,35630.91147445274,22,2019-08-07 23:00:00+00:00
2020-02-09 21:00:00+00:00,29717.0,30592.15135007126,27497.063094791058,33687.23960535147,23,2019-08-07 23:00:00+00:00
2020-02-09 22:00:00+00:00,27466.0,28097.641932681072,24986.80191740278,31208.481947959364,24,2019-08-07 23:00:00+00:00
2020-02-09 23:00:00+00:00,25238.0,25388.298196413332,24812.394962203518,25964.201430623147,1,2019-08-07 23:00:00+00:00
2020-02-10 00:00:00+00:00,23604.0,23566.53663808193,22512.680763610064,24620.392512553793,2,2019-08-07 23:00:00+00:00
2020-02-10 01:00:00+00:00,22554.0,22359.879283706356,20916.416946931822,23803.34162048089,3,2019-08-07 23:00:00+00:00
2020-02-10 02:00:00+00:00,22066.0,21822.216764594166,20101.79631017045,23542.63721901788,4,2019-08-07 23:00:00+00:00
2020-02-10 03:00:00+00:00,22215.0,21637.645299897846,19702.40377208733,23572.88682770836,5,2019-08-07 23:00:00+00:00
2020-02-10 04:00:00+00:00,23063.0,21987.963280028616,19878.720023874426,24097.206536182806,6,2019-08-07 23:00:00+00:00
2020-02-10 05:00:00+00:00,26202.0,23527.063255614037,21273.275439120745,25780.85107210733,7,2019-08-07 23:00:00+00:00
2020-02-10 06:00:00+00:00,30865.0,26153.87185282883,23778.01221653981,28529.73148911785,8,2019-08-07 23:00:00+00:00
2020-02-10 07:00:00+00:00,33135.0,27763.234240694816,25283.081208272648,30243.387273116983,9,2019-08-07 23:00:00+00:00
2020-02-10 08:00:00+00:00,34092.0,29494.146441014043,26924.12571801794,32064.16716401015,10,2019-08-07 23:00:00+00:00
2020-02-10 09:00:00+00:00,34158.0,30672.10953573422,28024.14523181091,33320.07383965753,11,2019-08-07 23:00:00+00:00
2020-02-10 10:00:00+00:00,33755.0,30891.896374461114,28175.983914893404,33607.80883402882,12,2019-08-07 23:00:00+00:00
2020-02-10 11:00:00+00:00,33326.0,30655.473163173217,27880.08297631022,33430.86335003621,13,2019-08-07 23:00:00+00:00
2020-02-10 12:00:00+00:00,33122.0,30672.749170192903,27845.121646068153,33500.37669431765,14,2019-08-07 23:00:00+00:00
2020-02-10 13:00:00+00:00,32136.0,29935.56889266145,27061.93632420876,32809.201461114135,15,2019-08-07 23:00:00+00:00
2020-02-10 14:00:00+00:00,31416.0,28948.872143480556,26034.62981220411,31863.114474757,16,2019-08-07 23:00:00+00:00
2020-02-10 15:00:00+00:00,30904.0,28377.72279959573,25427.563541728126,31327.882057463332,17,2019-08-07 23:00:00+00:00
2020-02-10 16:00:00+00:00,30587.0,28229.579091023734,25247.60094871843,31211.557233329037,18,2019-08-07 23:00:00+00:00
2020-02-10 17:00:00+00:00,31158.0,29477.325299540546,26467.11888798189,32487.5317110992,19,2019-08-07 23:00:00+00:00
2020-02-10 18:00:00+00:00,33568.0,31744.331996586905,28709.052285744383,34779.61170742943,20,2019-08-07 23:00:00+00:00
2020-02-10 19:00:00+00:00,34579.0,32681.96881037258,29624.39472783126,35739.5428929139,21,2019-08-07 23:00:00+00:00
2020-02-10 20:00:00+00:00,33901.0,32304.029424136148,29226.613798850885,35381.44504942141,22,2019-08-07 23:00:00+00:00
2020-02-10 21:00:00+00:00,31182.0,30437.26127761644,27342.173022336236,33532.349532896646,23,2019-08-07 23:00:00+00:00
2020-02-10 22:00:00+00:00,28144.0,27904.89135324814,24794.051337969846,31015.73136852643,24,2019-08-07 23:00:00+00:00
2020-02-10 23:00:00+00:00,26197.0,25808.233102773233,25232.329868563418,26384.136336983047,1,2019-08-07 23:00:00+00:00
2020-02-11 00:00:00+00:00,24483.0,24025.542444163002,22971.686569691137,25079.398318634867,2,2019-08-07 23:00:00+00:00
2020-02-11 01:00:00+00:00,23582.0,22897.559005134397,21454.096668359864,24341.02134190893,3,2019-08-07 23:00:00+00:00
2020-02-11 02:00:00+00:00,23181.0,22380.63538842708,20660.214934003365,24101.055842850794,4,2019-08-07 23:00:00+00:00
2020-02-11 03:00:00+00:00,23167.0,22338.937158490426,20403.69563067991,24274.17868630094,5,2019-08-07 23:00:00+00:00
2020-02-11 04:00:00+00:00,23929.0,22932.347996982386,20823.104740828196,25041.591253136576,6,2019-08-07 23:00:00+00:00
2020-02-11 05:00:00+00:00,26624.0,25288.99921056163,23035.211394068338,27542.78702705492,7,2019-08-07 23:00:00+00:00
2020-02-11 06:00:00+00:00,30892.0,29060.11765177663,26684.25801548761,31435.97728806565,8,2019-08-07 23:00:00+00:00
2020-02-11 07:00:00+00:00,32966.0,31130.409803809405,28650.256771387238,33610.56283623158,9,2019-08-07 23:00:00+00:00
2020-02-11 08:00:00+00:00,33784.0,32434.22610661225,29864.205383616143,35004.24682960835,10,2019-08-07 23:00:00+00:00
2020-02-11 09:00:00+00:00,33947.0,33009.542645305075,30361.578341381766,35657.50694922839,11,2019-08-07 23:00:00+00:00
2020-02-11 10:00:00+00:00,33792.0,32903.71066627207,30187.79820670436,35619.62312583978,12,2019-08-07 23:00:00+00:00
2020-02-11 11:00:00+00:00,33585.0,32553.43432844436,29778.044141581362,35328.82451530736,13,2019-08-07 23:00:00+00:00
2020-02-11 12:00:00+00:00,33576.0,32438.22959001367,29610.60206588892,35265.857114138424,14,2019-08-07 23:00:00+00:00
2020-02-11 13:00:00+00:00,32623.0,31523.019162053275,28649.386593600586,34396.65173050596,15,2019-08-07 23:00:00+00:00
2020-02-11 14:00:00+00:00,32017.0,30697.930109203717,27783.68777792727,33612.172440480164,16,2019-08-07 23:00:00+00:00
2020-02-11 15:00:00+00:00,31563.0,30167.995991032647,27217.836733165044,33118.15524890025,17,2019-08-07 23:00:00+00:00
2020-02-11 16:00:00+00:00,31421.0,29969.098069175885,26987.119926870582,32951.07621148119,18,2019-08-07 23:00:00+00:00
2020-02-11 17:00:00+00:00,31884.0,30890.182840762005,27879.97642920335,33900.38925232066,19,2019-08-07 23:00:00+00:00
2020-02-11 18:00:00+00:00,34125.0,33069.79536220863,30034.515651366106,36105.07507305115,20,2019-08-07 23:00:00+00:00
2020-02-11 19:00:00+00:00,34905.0,33902.85809864408,30845.28401610276,36960.4321811854,21,2019-08-07 23:00:00+00:00
2020-02-11 20:00:00+00:00,34149.0,33330.68936630045,30253.27374101519,36408.104991585715,22,2019-08-07 23:00:00+00:00
2020-02-11 21:00:00+00:00,31412.0,31008.800517982167,27913.712262701963,34103.88877326237,23,2019-08-07 23:00:00+00:00
2020-02-11 22:00:00+00:00,28367.0,28220.58973034981,25109.749715071517,31331.429745628102,24,2019-08-07 23:00:00+00:00
2020-02-11 23:00:00+00:00,26542.0,26205.584720262952,25629.681486053138,26781.487954472766,1,2019-08-07 23:00:00+00:00
2020-02-12 00:00:00+00:00,24881.0,24405.76861250488,23351.912738033014,25459.624486976743,2,2019-08-07 23:00:00+00:00
2020-02-12 01:00:00+00:00,23829.0,23334.828894102844,21891.36655732831,24778.291230877378,3,2019-08-07 23:00:00+00:00
2020-02-12 02:00:00+00:00,23525.0,22846.78276374509,21126.362309321376,24567.203218168805,4,2019-08-07 23:00:00+00:00
2020-02-12 03:00:00+00:00,23448.0,22764.456624841547,20829.215097031032,24699.69815265206,5,2019-08-07 23:00:00+00:00
2020-02-12 04:00:00+00:00,24088.0,23353.331878720783,21244.088622566596,25462.57513487497,6,2019-08-07 23:00:00+00:00
2020-02-12 05:00:00+00:00,26780.0,25642.90964271837,23389.121826225077,27896.69745921166,7,2019-08-07 23:00:00+00:00
2020-02-12 06:00:00+00:00,31076.0,29378.64859727799,27002.788960988968,31754.50823356701,8,2019-08-07 23:00:00+00:00
2020-02-12 07:00:00+00:00,32934.0,31398.68670996773,28918.53367754556,33878.8397423899,9,2019-08-07 23:00:00+00:00
2020-02-12 08:00:00+00:00,33772.0,32604.44445430805,30034.423731311945,35174.465177304155,10,2019-08-07 23:00:00+00:00
2020-02-12 09:00:00+00:00,34047.0,33146.6306552556,30498.66635133229,35794.59495917891,11,2019-08-07 23:00:00+00:00
2020-02-12 10:00:00+00:00,34043.0,33088.96588143908,30373.05342187137,35804.87834100679,12,2019-08-07 23:00:00+00:00
2020-02-12 11:00:00+00:00,33776.0,32805.113991808845,30029.723804945846,35580.50417867184,13,2019-08-07 23:00:00+00:00
2020-02-12 12:00:00+00:00,33734.0,32745.533769392237,29917.906245267488,35573.16129351699,14,2019-08-07 23:00:00+00:00
2020-02-12 13:00:00+00:00,32708.0,31829.986490969233,28956.353922516544,34703.61905942192,15,2019-08-07 23:00:00+00:00
2020-02-12 14:00:00+00:00,32098.0,31056.022335118992,28141.78000384255,33970.26466639544,16,2019-08-07 23:00:00+00:00
2020-02-12 15:00:00+00:00,31614.0,30546.250564944807,27596.091307077204,33496.40982281241,17,2019-08-07 23:00:00+00:00
2020-02-12 16:00:00+00:00,31632.0,30392.78390720805,27410.805764902747,33374.76204951335,18,2019-08-07 23:00:00+00:00
2020-02-12 17:00:00+00:00,32225.0,31228.29311140925,28218.086699850595,34238.499522967904,19,2019-08-07 23:00:00+00:00
2020-02-12 18:00:00+00:00,34446.0,33373.34563696662,30338.065926124094,36408.62534780914,20,2019-08-07 23:00:00+00:00
2020-02-12 19:00:00+00:00,35151.0,34143.045614908595,31085.471532367275,37200.61969744992,21,2019-08-07 23:00:00+00:00
2020-02-12 20:00:00+00:00,34196.0,33527.18689377088,30449.771268485616,36604.60251905614,22,2019-08-07 23:00:00+00:00
2020-02-12 21:00:00+00:00,31482.0,31146.799193134477,28051.710937854274,34241.88744841468,23,2019-08-07 23:00:00+00:00
2020-02-12 22:00:00+00:00,28456.0,28322.664105160104,25211.82408988181,31433.504120438396,24,2019-08-07 23:00:00+00:00
2020-02-12 23:00:00+00:00,26670.0,26389.780168178866,25813.87693396905,26965.68340238868,1,2019-08-07 23:00:00+00:00
2020-02-13 00:00:00+00:00,24978.0,24614.993891736365,23561.1380172645,25668.84976620823,2,2019-08-07 23:00:00+00:00
2020-02-13 01:00:00+00:00,23981.0,23507.66591062626,22064.203573851726,24951.128247400793,3,2019-08-07 23:00:00+00:00
2020-02-13 02:00:00+00:00,23509.0,23062.439428621663,21342.01897419795,24782.859883045378,4,2019-08-07 23:00:00+00:00
2020-02-13 03:00:00+00:00,23355.0,22963.058499643445,21027.81697183293,24898.30002745396,5,2019-08-07 23:00:00+00:00
2020-02-13 04:00:00+00:00,24023.0,23526.91693540408,21417.673679249892,25636.160191558265,6,2019-08-07 23:00:00+00:00
2020-02-13 05:00:00+00:00,26716.0,25863.69164712089,23609.903830627598,28117.47946361418,7,2019-08-07 23:00:00+00:00
2020-02-13 06:00:00+00:00,30933.0,29673.86624321303,27298.00660692401,32049.72587950205,8,2019-08-07 23:00:00+00:00
2020-02-13 07:00:00+00:00,32933.0,31620.455484882896,29140.302452460728,34100.60851730507,9,2019-08-07 23:00:00+00:00
2020-02-13 08:00:00+00:00,33691.0,32782.53235665679,30212.51163366068,35352.5530796529,10,2019-08-07 23:00:00+00:00
2020-02-13 09:00:00+00:00,33824.0,33315.4032842214,30667.43898029809,35963.36758814471,11,2019-08-07 23:00:00+00:00
2020-02-13 10:00:00+00:00,33614.0,33297.97745033172,30582.064990764007,36013.88990989943,12,2019-08-07 23:00:00+00:00
2020-02-13 11:00:00+00:00,33263.0,33000.258342721245,30224.868155858247,35775.64852958424,13,2019-08-07 23:00:00+00:00
2020-02-13 12:00:00+00:00,33275.0,32933.3484649418,30105.720940817053,35760.97598906655,14,2019-08-07 23:00:00+00:00
2020-02-13 13:00:00+00:00,32328.0,31985.093532933777,29111.460964481088,34858.72610138646,15,2019-08-07 23:00:00+00:00
2020-02-13 14:00:00+00:00,31588.0,31229.17592145812,28314.933590181674,34143.41825273457,16,2019-08-07 23:00:00+00:00
2020-02-13 15:00:00+00:00,31173.0,30714.07792939432,27763.918671526717,33664.237187261926,17,2019-08-07 23:00:00+00:00
2020-02-13 16:00:00+00:00,30877.0,30618.310055666923,27636.33191336162,33600.28819797222,18,2019-08-07 23:00:00+00:00
2020-02-13 17:00:00+00:00,31241.0,31452.577497694423,28442.37108613577,34462.78390925308,19,2019-08-07 23:00:00+00:00
2020-02-13 18:00:00+00:00,33787.0,33601.18170151482,30565.901990672297,36636.46141235734,20,2019-08-07 23:00:00+00:00
2020-02-13 19:00:00+00:00,34681.0,34343.91980614761,31286.345723606293,37401.493888688936,21,2019-08-07 23:00:00+00:00
2020-02-13 20:00:00+00:00,33986.0,33637.570014724544,30560.15438943928,36714.98564000981,22,2019-08-07 23:00:00+00:00
2020-02-13 21:00:00+00:00,31408.0,31219.622962308782,28124.53470702858,34314.711217588985,23,2019-08-07 23:00:00+00:00
2020-02-13 22:00:00+00:00,28556.0,28373.584522034595,25262.744506756302,31484.424537312887,24,2019-08-07 23:00:00+00:00
2020-02-13 23:00:00+00:00,26790.0,26595.12894445844,26019.225710248626,27171.032178668254,1,2019-08-07 23:00:00+00:00
2020-02-14 00:00:00+00:00,25078.0,24842.847728077813,23788.99185360595,25896.703602549678,2,2019-08-07 23:00:00+00:00
2020-02-14 01:00:00+00:00,23982.0,23753.938078349765,22310.475741575232,25197.4004151243,3,2019-08-07 23:00:00+00:00
2020-02-14 02:00:00+00:00,23569.0,23257.54229359888,21537.121839175164,24977.962748022594,4,2019-08-07 23:00:00+00:00
2020-02-14 03:00:00+00:00,23580.0,23125.322028033148,21190.080500222633,25060.563555843662,5,2019-08-07 23:00:00+00:00
2020-02-14 04:00:00+00:00,24233.0,23701.36887856974,21592.12562241555,25810.61213472393,6,2019-08-07 23:00:00+00:00
2020-02-14 05:00:00+00:00,26855.0,26076.02835343126,23822.240536937967,28329.81616992455,7,2019-08-07 23:00:00+00:00
2020-02-14 06:00:00+00:00,31133.0,29912.014246829356,27536.154610540336,32287.873883118376,8,2019-08-07 23:00:00+00:00
2020-02-14 07:00:00+00:00,33088.0,31892.34931876033,29412.196286338163,34372.5023511825,9,2019-08-07 23:00:00+00:00
2020-02-14 08:00:00+00:00,34001.0,32978.905552128905,30408.8848291328,35548.92627512501,10,2019-08-07 23:00:00+00:00
2020-02-14 09:00:00+00:00,34037.0,33422.53188875846,30774.56758483515,36070.49619268177,11,2019-08-07 23:00:00+00:00
2020-02-14 10:00:00+00:00,33785.0,33327.14417250769,30611.231712939978,36043.0566320754,12,2019-08-07 23:00:00+00:00
2020-02-14 11:00:00+00:00,33395.0,32997.90869123646,30222.51850437346,35773.29887809946,13,2019-08-07 23:00:00+00:00
2020-02-14 12:00:00+00:00,33215.0,32948.7815456943,30121.15402156955,35776.40906981905,14,2019-08-07 23:00:00+00:00
2020-02-14 13:00:00+00:00,31957.0,32014.69399243904,29141.06142398635,34888.32656089173,15,2019-08-07 23:00:00+00:00
2020-02-14 14:00:00+00:00,31133.0,31225.906488587265,28311.66415731082,34140.14881986371,16,2019-08-07 23:00:00+00:00
2020-02-14 15:00:00+00:00,30593.0,30735.50661557975,27785.347357712148,33685.66587344735,17,2019-08-07 23:00:00+00:00
2020-02-14 16:00:00+00:00,30275.0,30536.938585017564,27554.96044271226,33518.91672732287,18,2019-08-07 23:00:00+00:00
2020-02-14 17:00:00+00:00,30696.0,31254.692344410832,28244.485932852178,34264.89875596949,19,2019-08-07 23:00:00+00:00
2020-02-14 18:00:00+00:00,32995.0,33526.10101651857,30490.82130567605,36561.380727361095,20,2019-08-07 23:00:00+00:00
2020-02-14 19:00:00+00:00,33555.0,34328.967583085796,31271.393500544476,37386.54166562712,21,2019-08-07 23:00:00+00:00
2020-02-14 20:00:00+00:00,32944.0,33682.04527066668,30604.629645381414,36759.46089595194,22,2019-08-07 23:00:00+00:00
2020-02-14 21:00:00+00:00,30651.0,31273.0317642459,28177.943508965698,34368.120019526104,23,2019-08-07 23:00:00+00:00
2020-02-14 22:00:00+00:00,28317.0,28464.357721382847,25353.517706104554,31575.19773666114,24,2019-08-07 23:00:00+00:00
2020-02-14 23:00:00+00:00,26908.0,26616.314692605807,26040.411458395993,27192.21792681562,1,2019-08-07 23:00:00+00:00
2020-02-15 00:00:00+00:00,25022.0,24946.593555816948,23892.737681345083,26000.449430288812,2,2019-08-07 23:00:00+00:00
2020-02-15 01:00:00+00:00,23601.0,23831.798643133396,22388.336306358862,25275.26097990793,3,2019-08-07 23:00:00+00:00
2020-02-15 02:00:00+00:00,22899.0,23356.876738976134,21636.45628455242,25077.29719339985,4,2019-08-07 23:00:00+00:00
2020-02-15 03:00:00+00:00,22570.0,23278.686890023168,21343.445362212653,25213.928417833682,5,2019-08-07 23:00:00+00:00
2020-02-15 04:00:00+00:00,22418.0,23858.285764989552,21749.042508835366,25967.52902114374,6,2019-08-07 23:00:00+00:00
2020-02-15 05:00:00+00:00,22971.0,26244.861986419863,23991.07416992657,28498.649802913154,7,2019-08-07 23:00:00+00:00
2020-02-15 06:00:00+00:00,24256.0,30148.35604781578,27772.49641152676,32524.2156841048,8,2019-08-07 23:00:00+00:00
2020-02-15 07:00:00+00:00,25726.0,32112.743833710258,29632.59080128809,34592.896866132425,9,2019-08-07 23:00:00+00:00
2020-02-15 08:00:00+00:00,28237.0,33211.86938486125,30641.848661865148,35781.89010785736,10,2019-08-07 23:00:00+00:00
2020-02-15 09:00:00+00:00,29757.0,33579.565835944035,30931.601532020726,36227.53013986735,11,2019-08-07 23:00:00+00:00
2020-02-15 10:00:00+00:00,29790.0,33452.78910876606,30736.87664919835,36168.701568333774,12,2019-08-07 23:00:00+00:00
2020-02-15 11:00:00+00:00,29199.0,33105.00053439551,30329.610347532514,35880.39072125851,13,2019-08-07 23:00:00+00:00
2020-02-15 12:00:00+00:00,29046.0,32992.65412045327,30165.02659632852,35820.28164457802,14,2019-08-07 23:00:00+00:00
2020-02-15 13:00:00+00:00,28349.0,31943.23565913505,29069.60309068236,34816.868227587736,15,2019-08-07 23:00:00+00:00
2020-02-15 14:00:00+00:00,27107.0,31128.793127373097,28214.55079609665,34043.035458649545,16,2019-08-07 23:00:00+00:00
2020-02-15 15:00:00+00:00,26385.0,30601.37560835075,27651.216350483148,33551.53486621835,17,2019-08-07 23:00:00+00:00
2020-02-15 16:00:00+00:00,26123.0,30381.307363033135,27399.329220727832,33363.28550533844,18,2019-08-07 23:00:00+00:00
2020-02-15 17:00:00+00:00,26893.0,31073.94051971888,28063.734108160224,34084.14693127753,19,2019-08-07 23:00:00+00:00
2020-02-15 18:00:00+00:00,29476.0,33289.5620827199,30254.28237187738,36324.841793562424,20,2019-08-07 23:00:00+00:00
2020-02-15 19:00:00+00:00,30498.0,33982.30767037666,30924.733587835337,37039.88175291798,21,2019-08-07 23:00:00+00:00
2020-02-15 20:00:00+00:00,30289.0,33358.56305974271,30281.147434457445,36435.97868502797,22,2019-08-07 23:00:00+00:00
2020-02-15 21:00:00+00:00,28647.0,31030.0791256195,27934.990870339298,34125.16738089971,23,2019-08-07 23:00:00+00:00
2020-02-15 22:00:00+00:00,26771.0,28401.77292007624,25290.932904797948,31512.612935354533,24,2019-08-07 23:00:00+00:00
2020-02-15 23:00:00+00:00,24661.0,25374.527087612558,24798.623853402743,25950.430321822372,1,2019-08-07 23:00:00+00:00
2020-02-16 00:00:00+00:00,22928.0,23712.667370145693,22658.811495673828,24766.523244617558,2,2019-08-07 23:00:00+00:00
2020-02-16 01:00:00+00:00,21653.0,22548.52436051245,21105.062023737915,23991.986697286982,3,2019-08-07 23:00:00+00:00
2020-02-16 02:00:00+00:00,20949.0,22039.056321045606,20318.63586662189,23759.47677546932,4,2019-08-07 23:00:00+00:00
2020-02-16 03:00:00+00:00,20637.0,21908.05150123533,19972.809973424817,23843.293029045846,5,2019-08-07 23:00:00+00:00
2020-02-16 04:00:00+00:00,20709.0,22262.06850799404,20152.82525183985,24371.31176414823,6,2019-08-07 23:00:00+00:00
2020-02-16 05:00:00+00:00,21136.0,23984.697522880168,21730.909706386876,26238.48533937346,7,2019-08-07 23:00:00+00:00
2020-02-16 06:00:00+00:00,21839.0,26905.74687688426,24529.88724059524,29281.60651317328,8,2019-08-07 23:00:00+00:00
2020-02-16 07:00:00+00:00,22339.0,28741.127772975116,26260.97474055295,31221.280805397284,9,2019-08-07 23:00:00+00:00
2020-02-16 08:00:00+00:00,24579.0,30437.59271976683,27867.571996770726,33007.61344276294,10,2019-08-07 23:00:00+00:00
2020-02-16 09:00:00+00:00,26343.0,31340.875543996994,28692.911240073685,33988.8398479203,11,2019-08-07 23:00:00+00:00
2020-02-16 10:00:00+00:00,26807.0,31341.045426120785,28625.132966553076,34056.9578856885,12,2019-08-07 23:00:00+00:00
2020-02-16 11:00:00+00:00,26558.0,30953.26347407761,28177.87328721461,33728.6536609406,13,2019-08-07 23:00:00+00:00
2020-02-16 12:00:00+00:00,26714.0,30877.921480971887,28050.293956847137,33705.54900509664,14,2019-08-07 23:00:00+00:00
2020-02-16 13:00:00+00:00,26475.0,30038.446670873036,27164.814102420347,32912.07923932572,15,2019-08-07 23:00:00+00:00
2020-02-16 14:00:00+00:00,25277.0,29104.138652175294,26189.89632089885,32018.380983451738,16,2019-08-07 23:00:00+00:00
2020-02-16 15:00:00+00:00,24474.0,28539.857643941647,25589.698386074044,31490.01690180925,17,2019-08-07 23:00:00+00:00
2020-02-16 16:00:00+00:00,24213.0,28356.406176242275,25374.428033936972,31338.384318547578,18,2019-08-07 23:00:00+00:00
2020-02-16 17:00:00+00:00,25327.0,29167.96267198187,26157.756260423215,32178.169083540524,19,2019-08-07 23:00:00+00:00
2020-02-16 18:00:00+00:00,28371.0,31522.18499709542,28486.9052862529,34557.46470793794,20,2019-08-07 23:00:00+00:00
2020-02-16 19:00:00+00:00,29953.0,32389.20764284899,29331.63356030767,35446.78172539031,21,2019-08-07 23:00:00+00:00
2020-02-16 20:00:00+00:00,29948.0,31935.069956275176,28857.654330989913,35012.48558156044,22,2019-08-07 23:00:00+00:00
2020-02-16 21:00:00+00:00,28697.0,29867.59574897305,26772.507493692847,32962.68400425326,23,2019-08-07 23:00:00+00:00
2020-02-16 22:00:00+00:00,26516.0,27462.036419087148,24351.196403808855,30572.87643436544,24,2019-08-07 23:00:00+00:00
2020-02-16 23:00:00+00:00,24329.0,24626.590468344886,24050.68723413507,25202.4937025547,1,2019-08-07 23:00:00+00:00
2020-02-17 00:00:00+00:00,22652.0,22867.75896515328,21813.903090681415,23921.614839625145,2,2019-08-07 23:00:00+00:00
2020-02-17 01:00:00+00:00,21762.0,21735.29984554998,20291.837508775447,23178.762182324514,3,2019-08-07 23:00:00+00:00
2020-02-17 02:00:00+00:00,21383.0,21213.609128781383,19493.18867435767,22934.029583205098,4,2019-08-07 23:00:00+00:00
2020-02-17 03:00:00+00:00,21351.0,21075.901164024086,19140.65963621357,23011.1426918346,5,2019-08-07 23:00:00+00:00
2020-02-17 04:00:00+00:00,22375.0,21458.54387983273,19349.300623678544,23567.787135986917,6,2019-08-07 23:00:00+00:00
2020-02-17 05:00:00+00:00,25612.0,22999.69359767355,20745.90578118026,25253.481414166843,7,2019-08-07 23:00:00+00:00
2020-02-17 06:00:00+00:00,30187.0,25515.725180466347,23139.865544177326,27891.584816755367,8,2019-08-07 23:00:00+00:00
2020-02-17 07:00:00+00:00,32382.0,26965.153441491704,24485.000409069537,29445.30647391387,9,2019-08-07 23:00:00+00:00
2020-02-17 08:00:00+00:00,33506.0,28675.294225126545,26105.27350213044,31245.31494812265,10,2019-08-07 23:00:00+00:00
2020-02-17 09:00:00+00:00,33709.0,29752.620660701294,27104.656356777985,32400.584964624602,11,2019-08-07 23:00:00+00:00
2020-02-17 10:00:00+00:00,33473.0,29920.5020998612,27204.589640293492,32636.41455942891,12,2019-08-07 23:00:00+00:00
2020-02-17 11:00:00+00:00,33233.0,29638.27418229369,26862.883995430693,32413.66436915669,13,2019-08-07 23:00:00+00:00
2020-02-17 12:00:00+00:00,33210.0,29671.93557002803,26844.30804590328,32499.563094152778,14,2019-08-07 23:00:00+00:00
2020-02-17 13:00:00+00:00,31948.0,29022.42871128123,26148.79614282854,31896.06127973392,15,2019-08-07 23:00:00+00:00
2020-02-17 14:00:00+00:00,31244.0,28071.938009647045,25157.695678370597,30986.180340923493,16,2019-08-07 23:00:00+00:00
2020-02-17 15:00:00+00:00,30698.0,27464.87962167321,24514.72036380561,30415.038879540814,17,2019-08-07 23:00:00+00:00
2020-02-17 16:00:00+00:00,30444.0,27277.82250416933,24295.844361864027,30259.800646474632,18,2019-08-07 23:00:00+00:00
2020-02-17 17:00:00+00:00,30806.0,28213.773786478512,25203.567374919858,31223.980198037167,19,2019-08-07 23:00:00+00:00
2020-02-17 18:00:00+00:00,33149.0,30768.213244793344,27732.93353395082,33803.49295563587,20,2019-08-07 23:00:00+00:00
2020-02-17 19:00:00+00:00,34080.0,31861.602357149965,28804.028274608645,34919.176439691284,21,2019-08-07 23:00:00+00:00
2020-02-17 20:00:00+00:00,33316.0,31516.52350510113,28439.107879815867,34593.93913038639,22,2019-08-07 23:00:00+00:00
2020-02-17 21:00:00+00:00,30711.0,29647.91736800401,26552.829112723808,32743.005623284214,23,2019-08-07 23:00:00+00:00
2020-02-17 22:00:00+00:00,27824.0,27203.1044841215,24092.26446884321,30313.944499399793,24,2019-08-07 23:00:00+00:00
2020-02-17 23:00:00+00:00,26214.0,25632.017951374364,25056.11471716455,26207.92118558418,1,2019-08-07 23:00:00+00:00
2020-02-18 00:00:00+00:00,24592.0,23869.80276293891,22815.946888467046,24923.658637410776,2,2019-08-07 23:00:00+00:00
2020-02-18 01:00:00+00:00,23735.0,22800.140312026837,21356.677975252303,24243.60264880137,3,2019-08-07 23:00:00+00:00
2020-02-18 02:00:00+00:00,23331.0,22317.217362731542,20596.796908307828,24037.637817155257,4,2019-08-07 23:00:00+00:00
2020-02-18 03:00:00+00:00,23302.0,22206.013460535058,20270.771932724543,24141.254988345572,5,2019-08-07 23:00:00+00:00
2020-02-18 04:00:00+00:00,23949.0,22843.144137523355,20733.90088136917,24952.38739367754,6,2019-08-07 23:00:00+00:00
2020-02-18 05:00:00+00:00,26741.0,25210.49030782599,22956.702491332697,27464.27812431928,7,2019-08-07 23:00:00+00:00
2020-02-18 06:00:00+00:00,30829.0,28850.41459869901,26474.55496240999,31226.274234988032,8,2019-08-07 23:00:00+00:00
2020-02-18 07:00:00+00:00,32932.0,30749.58804424124,28269.435011819074,33229.74107666341,9,2019-08-07 23:00:00+00:00
2020-02-18 08:00:00+00:00,34023.0,32083.892061345487,29513.87133834938,34653.91278434159,10,2019-08-07 23:00:00+00:00
2020-02-18 09:00:00+00:00,34059.0,32646.75071688249,29998.78641295918,35294.7150208058,11,2019-08-07 23:00:00+00:00
2020-02-18 10:00:00+00:00,34003.0,32563.597398396632,29847.684938828923,35279.509857964345,12,2019-08-07 23:00:00+00:00
2020-02-18 11:00:00+00:00,33875.0,32254.880822500905,29479.490635637907,35030.2710093639,13,2019-08-07 23:00:00+00:00
2020-02-18 12:00:00+00:00,33847.0,32207.263678621533,29379.636154496784,35034.89120274629,14,2019-08-07 23:00:00+00:00
2020-02-18 13:00:00+00:00,32681.0,31210.053442907105,28336.420874454416,34083.686011359794,15,2019-08-07 23:00:00+00:00
2020-02-18 14:00:00+00:00,32020.0,30377.846633344838,27463.604302068394,33292.08896462128,16,2019-08-07 23:00:00+00:00
2020-02-18 15:00:00+00:00,31571.0,29811.627801786246,26861.468543918643,32761.78705965385,17,2019-08-07 23:00:00+00:00
2020-02-18 16:00:00+00:00,31349.0,29592.037908992297,26610.059766686994,32574.0160512976,18,2019-08-07 23:00:00+00:00
2020-02-18 17:00:00+00:00,31700.0,30254.800504371557,27244.594092812902,33265.00691593021,19,2019-08-07 23:00:00+00:00
2020-02-18 18:00:00+00:00,33986.0,32594.84535151626,29559.565640673736,35630.125062358784,20,2019-08-07 23:00:00+00:00
2020-02-18 19:00:00+00:00,34964.0,33492.980933833205,30435.406851291886,36550.55501637453,21,2019-08-07 23:00:00+00:00
2020-02-18 20:00:00+00:00,34214.0,32896.229870382995,29818.814245097732,35973.64549566826,22,2019-08-07 23:00:00+00:00
2020-02-18 21:00:00+00:00,31278.0,30597.361721961068,27502.273466680865,33692.449977241275,23,2019-08-07 23:00:00+00:00
2020-02-18 22:00:00+00:00,28453.0,27912.562465409173,24801.72245013088,31023.402480687466,24,2019-08-07 23:00:00+00:00
2020-02-18 23:00:00+00:00,26631.0,26582.362753442576,26006.45951923276,27158.26598765239,1,2019-08-07 23:00:00+00:00
2020-02-19 00:00:00+00:00,25047.0,24896.77009457661,23842.914220104743,25950.625969048473,2,2019-08-07 23:00:00+00:00
2020-02-19 01:00:00+00:00,24077.0,23836.734581870714,22393.27224509618,25280.196918645248,3,2019-08-07 23:00:00+00:00
2020-02-19 02:00:00+00:00,23777.0,23333.287917372963,21612.86746294925,25053.708371796678,4,2019-08-07 23:00:00+00:00
2020-02-19 03:00:00+00:00,23694.0,23209.846859385707,21274.605331575192,25145.08838719622,5,2019-08-07 23:00:00+00:00
2020-02-19 04:00:00+00:00,24173.0,23737.590208437836,21628.346952283646,25846.833464592026,6,2019-08-07 23:00:00+00:00
2020-02-19 05:00:00+00:00,26959.0,26032.809485969236,23779.021669475944,28286.597302462527,7,2019-08-07 23:00:00+00:00
2020-02-19 06:00:00+00:00,31385.0,29594.78802780193,27218.92839151291,31970.64766409095,8,2019-08-07 23:00:00+00:00
2020-02-19 07:00:00+00:00,33279.0,31479.244655117192,28999.091622695025,33959.397687539364,9,2019-08-07 23:00:00+00:00
2020-02-19 08:00:00+00:00,34211.0,32757.56741407224,30187.546691076135,35327.58813706835,10,2019-08-07 23:00:00+00:00
2020-02-19 09:00:00+00:00,34179.0,33198.300145516645,30550.335841593336,35846.26444943996,11,2019-08-07 23:00:00+00:00
2020-02-19 10:00:00+00:00,33881.0,33145.01366310565,30429.101203537943,35860.926122673365,12,2019-08-07 23:00:00+00:00
2020-02-19 11:00:00+00:00,33575.0,32870.30413063881,30094.913943775817,35645.69431750181,13,2019-08-07 23:00:00+00:00
2020-02-19 12:00:00+00:00,33318.0,32809.77341946956,29982.14589534481,35637.40094359431,14,2019-08-07 23:00:00+00:00
2020-02-19 13:00:00+00:00,32296.0,31800.494707675698,28926.86213922301,34674.12727612838,15,2019-08-07 23:00:00+00:00
2020-02-19 14:00:00+00:00,31391.0,30987.15959919465,28072.9172679182,33901.4019304711,16,2019-08-07 23:00:00+00:00
2020-02-19 15:00:00+00:00,31068.0,30446.40597749182,27496.246719624218,33396.56523535943,17,2019-08-07 23:00:00+00:00
2020-02-19 16:00:00+00:00,30739.0,30222.630297538435,27240.652155233132,33204.60843984374,18,2019-08-07 23:00:00+00:00
2020-02-19 17:00:00+00:00,31098.0,30832.876641208768,27822.670229650113,33843.08305276742,19,2019-08-07 23:00:00+00:00
2020-02-19 18:00:00+00:00,33849.0,33142.52097488093,30107.241264038406,36177.80068572345,20,2019-08-07 23:00:00+00:00
2020-02-19 19:00:00+00:00,34979.0,34052.0538209931,30994.479738451777,37109.62790353442,21,2019-08-07 23:00:00+00:00
2020-02-19 20:00:00+00:00,34140.0,33430.19777264112,30352.782147355858,36507.61339792638,22,2019-08-07 23:00:00+00:00
2020-02-19 21:00:00+00:00,31511.0,30964.886997902282,27869.79874262208,34059.975253182485,23,2019-08-07 23:00:00+00:00
2020-02-19 22:00:00+00:00,28482.0,28268.85328756018,25158.01327228189,31379.693302838474,24,2019-08-07 23:00:00+00:00
2020-02-19 23:00:00+00:00,26607.0,26429.649377021375,25853.74614281156,27005.55261123119,1,2019-08-07 23:00:00+00:00
2020-02-20 00:00:00+00:00,24920.0,24659.81938267395,23605.963508202087,25713.675257145816,2,2019-08-07 23:00:00+00:00
2020-02-20 01:00:00+00:00,23889.0,23601.776197644453,22158.31386086992,25045.238534418986,3,2019-08-07 23:00:00+00:00
2020-02-20 02:00:00+00:00,23523.0,23166.450767538376,21446.03031311466,24886.87122196209,4,2019-08-07 23:00:00+00:00
2020-02-20 03:00:00+00:00,23581.0,23052.59451432624,21117.352986515725,24987.836042136754,5,2019-08-07 23:00:00+00:00
2020-02-20 04:00:00+00:00,24241.0,23551.016864938058,21441.77360878387,25660.260121092244,6,2019-08-07 23:00:00+00:00
2020-02-20 05:00:00+00:00,27013.0,25921.846963824413,23668.05914733112,28175.634780317705,7,2019-08-07 23:00:00+00:00
2020-02-20 06:00:00+00:00,31350.0,29686.31636497531,27310.45672868629,32062.17600126433,8,2019-08-07 23:00:00+00:00
2020-02-20 07:00:00+00:00,33324.0,31536.66276003511,29056.50972761294,34016.81579245728,9,2019-08-07 23:00:00+00:00
2020-02-20 08:00:00+00:00,34231.0,32747.218213511638,30177.197490515533,35317.23893650775,10,2019-08-07 23:00:00+00:00
2020-02-20 09:00:00+00:00,33941.0,33125.00547291992,30477.04116899661,35772.96977684323,11,2019-08-07 23:00:00+00:00
2020-02-20 10:00:00+00:00,33573.0,32995.84107116196,30279.92861159425,35711.75353072967,12,2019-08-07 23:00:00+00:00
2020-02-20 11:00:00+00:00,33269.0,32686.4610351634,29911.070848300402,35461.851222026395,13,2019-08-07 23:00:00+00:00
2020-02-20 12:00:00+00:00,33170.0,32557.946766029385,29730.319241904635,35385.57429015414,14,2019-08-07 23:00:00+00:00
2020-02-20 13:00:00+00:00,32104.0,31590.855684801576,28717.223116348887,34464.48825325426,15,2019-08-07 23:00:00+00:00
2020-02-20 14:00:00+00:00,31416.0,30718.076923633853,27803.83459235741,33632.3192549103,16,2019-08-07 23:00:00+00:00
2020-02-20 15:00:00+00:00,31054.0,30243.179237049357,27293.019979181754,33193.33849491696,17,2019-08-07 23:00:00+00:00
2020-02-20 16:00:00+00:00,30963.0,29989.479383728707,27007.501241423404,32971.457526034006,18,2019-08-07 23:00:00+00:00
2020-02-20 17:00:00+00:00,31134.0,30578.049942497248,27567.843530938593,33588.2563540559,19,2019-08-07 23:00:00+00:00
2020-02-20 18:00:00+00:00,33896.0,33059.942382539506,30024.662671696984,36095.22209338203,20,2019-08-07 23:00:00+00:00
2020-02-20 19:00:00+00:00,34957.0,34040.028193890386,30982.454111349067,37097.60227643171,21,2019-08-07 23:00:00+00:00
2020-02-20 20:00:00+00:00,34212.0,33376.76859103639,30299.352965751124,36454.18421632165,22,2019-08-07 23:00:00+00:00
2020-02-20 21:00:00+00:00,31414.0,30969.474482755617,27874.386227475414,34064.56273803582,23,2019-08-07 23:00:00+00:00
2020-02-20 22:00:00+00:00,28340.0,28189.76647600641,25078.92646072812,31300.606491284703,24,2019-08-07 23:00:00+00:00
2020-02-20 23:00:00+00:00,26422.0,26307.728952082565,25731.82571787275,26883.63218629238,1,2019-08-07 23:00:00+00:00
2020-02-21 00:00:00+00:00,24816.0,24566.647782132954,23512.79190766109,25620.50365660482,2,2019-08-07 23:00:00+00:00
2020-02-21 01:00:00+00:00,23774.0,23503.063731608745,22059.60139483421,24946.52606838328,3,2019-08-07 23:00:00+00:00
2020-02-21 02:00:00+00:00,23462.0,23065.503957361918,21345.083502938203,24785.924411785632,4,2019-08-07 23:00:00+00:00
2020-02-21 03:00:00+00:00,23489.0,23010.682516962006,21075.44098915149,24945.92404477252,5,2019-08-07 23:00:00+00:00
2020-02-21 04:00:00+00:00,24249.0,23576.01979582164,21466.77653966745,25685.26305197583,6,2019-08-07 23:00:00+00:00
2020-02-21 05:00:00+00:00,26893.0,25997.79163502512,23744.00381853183,28251.579451518413,7,2019-08-07 23:00:00+00:00
2020-02-21 06:00:00+00:00,31128.0,29816.87966361099,27441.02002732197,32192.73929990001,8,2019-08-07 23:00:00+00:00
2020-02-21 07:00:00+00:00,33109.0,31705.0218274152,29224.86879499303,34185.17485983737,9,2019-08-07 23:00:00+00:00
2020-02-21 08:00:00+00:00,34113.0,32874.88268020475,30304.861957208643,35444.90340320086,10,2019-08-07 23:00:00+00:00
2020-02-21 09:00:00+00:00,33754.0,33111.316630504654,30463.352326581346,35759.28093442797,11,2019-08-07 23:00:00+00:00
2020-02-21 10:00:00+00:00,33358.0,32938.66423308108,30222.75177351337,35654.57669264879,12,2019-08-07 23:00:00+00:00
2020-02-21 11:00:00+00:00,33111.0,32633.21729715601,29857.827110293012,35408.607484019005,13,2019-08-07 23:00:00+00:00
2020-02-21 12:00:00+00:00,32918.0,32548.181433994392,29720.553909869643,35375.808958119145,14,2019-08-07 23:00:00+00:00
2020-02-21 13:00:00+00:00,31780.0,31560.831293860105,28687.198725407416,34434.46386231279,15,2019-08-07 23:00:00+00:00
2020-02-21 14:00:00+00:00,30865.0,30764.61374042232,27850.371409145875,33678.85607169876,16,2019-08-07 23:00:00+00:00
2020-02-21 15:00:00+00:00,30239.0,30296.960538096344,27346.80128022874,33247.11979596395,17,2019-08-07 23:00:00+00:00
2020-02-21 16:00:00+00:00,29971.0,30121.74032871525,27139.762186409946,33103.71847102055,18,2019-08-07 23:00:00+00:00
2020-02-21 17:00:00+00:00,30048.0,30615.71440802763,27605.507996468976,33625.92081958628,19,2019-08-07 23:00:00+00:00
2020-02-21 18:00:00+00:00,32479.0,33137.25290020092,30101.973189358396,36172.53261104344,20,2019-08-07 23:00:00+00:00
2020-02-21 19:00:00+00:00,33375.0,34113.07658322077,31055.50250067945,37170.65066576209,21,2019-08-07 23:00:00+00:00
2020-02-21 20:00:00+00:00,32964.0,33463.35076512295,30385.93513983769,36540.766390408215,22,2019-08-07 23:00:00+00:00
2020-02-21 21:00:00+00:00,30690.0,30968.90292249665,27873.814667216448,34063.99117777686,23,2019-08-07 23:00:00+00:00
2020-02-21 22:00:00+00:00,28248.0,28143.201538341124,25032.36152306283,31254.041553619416,24,2019-08-07 23:00:00+00:00
2020-02-21 23:00:00+00:00,26677.0,26503.09664438594,25927.193410176125,27078.999878595754,1,2019-08-07 23:00:00+00:00
2020-02-22 00:00:00+00:00,24836.0,24875.720616267616,23821.86474179575,25929.57649073948,2,2019-08-07 23:00:00+00:00
2020-02-22 01:00:00+00:00,23458.0,23797.25604885123,22353.7937120767,25240.718385625765,3,2019-08-07 23:00:00+00:00
2020-02-22 02:00:00+00:00,22945.0,23372.57986861379,21652.159414190075,25093.000323037504,4,2019-08-07 23:00:00+00:00
2020-02-22 03:00:00+00:00,22490.0,23305.983814507537,21370.742286697023,25241.225342318052,5,2019-08-07 23:00:00+00:00
2020-02-22 04:00:00+00:00,22413.0,23905.28730571277,21796.04404955858,26014.53056186696,6,2019-08-07 23:00:00+00:00
2020-02-22 05:00:00+00:00,23108.0,26311.644554243638,24057.856737750346,28565.43237073693,7,2019-08-07 23:00:00+00:00
2020-02-22 06:00:00+00:00,24298.0,30146.44741559827,27770.58777930925,32522.307051887292,8,2019-08-07 23:00:00+00:00
2020-02-22 07:00:00+00:00,25705.0,32036.037980725083,29555.884948302915,34516.191013147254,9,2019-08-07 23:00:00+00:00
2020-02-22 08:00:00+00:00,28273.0,33196.65557266716,30626.634849671053,35766.67629566327,10,2019-08-07 23:00:00+00:00
2020-02-22 09:00:00+00:00,29669.0,33331.50628863435,30683.541984711042,35979.47059255766,11,2019-08-07 23:00:00+00:00
2020-02-22 10:00:00+00:00,29599.0,33114.181213628304,30398.268754060595,35830.09367319602,12,2019-08-07 23:00:00+00:00
2020-02-22 11:00:00+00:00,29051.0,32819.94894677746,30044.558759914467,35595.33913364046,13,2019-08-07 23:00:00+00:00
2020-02-22 12:00:00+00:00,28848.0,32690.25686622867,29862.62934210392,35517.88439035342,14,2019-08-07 23:00:00+00:00
2020-02-22 13:00:00+00:00,28136.0,31658.54363277126,28784.91106431857,34532.17620122395,15,2019-08-07 23:00:00+00:00
2020-02-22 14:00:00+00:00,26900.0,30785.98893125584,27871.746599979393,33700.23126253229,16,2019-08-07 23:00:00+00:00
2020-02-22 15:00:00+00:00,26037.0,30228.76688864094,27278.60763077334,33178.926146508544,17,2019-08-07 23:00:00+00:00
2020-02-22 16:00:00+00:00,25751.0,29993.063769020388,27011.085626715085,32975.041911325694,18,2019-08-07 23:00:00+00:00
2020-02-22 17:00:00+00:00,26105.0,30405.75264808848,27395.546236529826,33415.95905964713,19,2019-08-07 23:00:00+00:00
2020-02-22 18:00:00+00:00,28739.0,32831.64673088741,29796.36702004489,35866.926441729935,20,2019-08-07 23:00:00+00:00
2020-02-22 19:00:00+00:00,29967.0,33752.53180840525,30694.95772586393,36810.10589094657,21,2019-08-07 23:00:00+00:00
2020-02-22 20:00:00+00:00,29923.0,33205.46151287646,30128.0458875912,36282.877138161726,22,2019-08-07 23:00:00+00:00
2020-02-22 21:00:00+00:00,28604.0,30856.340317017195,27761.252061736992,33951.4285722974,23,2019-08-07 23:00:00+00:00
2020-02-22 22:00:00+00:00,26773.0,28222.135263225533,25111.29524794724,31332.975278503825,24,2019-08-07 23:00:00+00:00
2020-02-22 23:00:00+00:00,24588.0,25363.853363040456,24787.950128830642,25939.75659725027,1,2019-08-07 23:00:00+00:00
2020-02-23 00:00:00+00:00,22790.0,23717.66174998101,22663.805875509144,24771.517624452874,2,2019-08-07 23:00:00+00:00
2020-02-23 01:00:00+00:00,21605.0,22584.10963936345,21140.647302588917,24027.571976137984,3,2019-08-07 23:00:00+00:00
2020-02-23 02:00:00+00:00,20949.0,22159.332560123425,20438.91210569971,23879.75301454714,4,2019-08-07 23:00:00+00:00
2020-02-23 03:00:00+00:00,20694.0,21985.817359738838,20050.575831928323,23921.058887549352,5,2019-08-07 23:00:00+00:00
2020-02-23 04:00:00+00:00,20734.0,22355.68570326895,20246.442447114765,24464.928959423138,6,2019-08-07 23:00:00+00:00
2020-02-23 05:00:00+00:00,21028.0,24138.54236467531,21884.75454818202,26392.330181168603,7,2019-08-07 23:00:00+00:00
2020-02-23 06:00:00+00:00,21569.0,26972.44297794388,24596.58334165486,29348.3026142329,8,2019-08-07 23:00:00+00:00
2020-02-23 07:00:00+00:00,22235.0,28710.812976964575,26230.659944542407,31190.966009386742,9,2019-08-07 23:00:00+00:00
2020-02-23 08:00:00+00:00,24433.0,30457.586270291908,27887.565547295802,33027.60699328801,10,2019-08-07 23:00:00+00:00
2020-02-23 09:00:00+00:00,25824.0,31202.89090486949,28554.926600946183,33850.855208792804,11,2019-08-07 23:00:00+00:00
2020-02-23 10:00:00+00:00,26196.0,31118.229791015536,28402.317331447826,33834.142250583245,12,2019-08-07 23:00:00+00:00
2020-02-23 11:00:00+00:00,25888.0,30756.94604711391,27981.555860250915,33532.33623397691,13,2019-08-07 23:00:00+00:00
2020-02-23 12:00:00+00:00,26043.0,30649.352151529027,27821.724627404277,33476.979675653776,14,2019-08-07 23:00:00+00:00
2020-02-23 13:00:00+00:00,25772.0,29789.749757800088,26916.1171893474,32663.382326252777,15,2019-08-07 23:00:00+00:00
2020-02-23 14:00:00+00:00,24575.0,28826.2834711735,25912.041139897054,31740.52580244995,16,2019-08-07 23:00:00+00:00
2020-02-23 15:00:00+00:00,23859.0,28203.522204843903,25253.3629469763,31153.681462711505,17,2019-08-07 23:00:00+00:00
2020-02-23 16:00:00+00:00,23642.0,27984.298325567175,25002.320183261872,30966.276467872478,18,2019-08-07 23:00:00+00:00
2020-02-23 17:00:00+00:00,24323.0,28480.304648688147,25470.098237129492,31490.5110602468,19,2019-08-07 23:00:00+00:00
2020-02-23 18:00:00+00:00,27273.0,31004.24958792023,27968.969877077707,34039.529298762754,20,2019-08-07 23:00:00+00:00
2020-02-23 19:00:00+00:00,29116.0,32064.640636672004,29007.066554130684,35122.21471921333,21,2019-08-07 23:00:00+00:00
2020-02-23 20:00:00+00:00,29263.0,31688.6772371615,28611.261611876238,34766.09286244676,22,2019-08-07 23:00:00+00:00
2020-02-23 21:00:00+00:00,28381.0,29713.86216642803,26618.773911147826,32808.950421708236,23,2019-08-07 23:00:00+00:00
2020-02-23 22:00:00+00:00,26268.0,27343.532638297514,24232.692623019222,30454.372653575807,24,2019-08-07 23:00:00+00:00
2020-02-23 23:00:00+00:00,24318.0,24390.123000903564,23814.21976669375,24966.02623511338,1,2019-08-07 23:00:00+00:00
2020-02-24 00:00:00+00:00,22872.0,22627.07613250193,21573.220258030065,23680.932006973795,2,2019-08-07 23:00:00+00:00
2020-02-24 01:00:00+00:00,21961.0,21556.502701525817,20113.040364751283,22999.96503830035,3,2019-08-07 23:00:00+00:00
2020-02-24 02:00:00+00:00,21520.0,21093.828787504197,19373.408333080482,22814.24924192791,4,2019-08-07 23:00:00+00:00
2020-02-24 03:00:00+00:00,21639.0,20980.538222361458,19045.296694550943,22915.779750171972,5,2019-08-07 23:00:00+00:00
2020-02-24 04:00:00+00:00,22416.0,21358.693862129796,19249.45060597561,23467.937118283982,6,2019-08-07 23:00:00+00:00
2020-02-24 05:00:00+00:00,25544.0,22881.42190420959,20627.6340877163,25135.209720702882,7,2019-08-07 23:00:00+00:00
2020-02-24 06:00:00+00:00,29621.0,25294.854764825184,22918.995128536164,27670.714401114205,8,2019-08-07 23:00:00+00:00
2020-02-24 07:00:00+00:00,31776.0,26743.285004252284,24263.131971830117,29223.43803667445,9,2019-08-07 23:00:00+00:00
2020-02-24 08:00:00+00:00,33025.0,28477.565097366863,25907.54437437076,31047.58582036297,10,2019-08-07 23:00:00+00:00
2020-02-24 09:00:00+00:00,33116.0,29319.622420160114,26671.658116236806,31967.586724083423,11,2019-08-07 23:00:00+00:00
2020-02-24 10:00:00+00:00,32831.0,29412.142261230394,26696.229801662685,32128.054720798104,12,2019-08-07 23:00:00+00:00
2020-02-24 11:00:00+00:00,32582.0,29129.075779973697,26353.6855931107,31904.465966836695,13,2019-08-07 23:00:00+00:00
2020-02-24 12:00:00+00:00,32329.0,29152.900209490774,26325.272685366024,31980.527733615523,14,2019-08-07 23:00:00+00:00
2020-02-24 13:00:00+00:00,31347.0,28484.383269042395,25610.750700589706,31358.015837495084,15,2019-08-07 23:00:00+00:00
2020-02-24 14:00:00+00:00,30550.0,27513.595889385102,24599.353558108654,30427.83822066155,16,2019-08-07 23:00:00+00:00
2020-02-24 15:00:00+00:00,30039.0,26925.823279240365,23975.664021372762,29875.982537107968,17,2019-08-07 23:00:00+00:00
2020-02-24 16:00:00+00:00,29807.0,26734.59119758131,23752.613055276008,29716.569339886613,18,2019-08-07 23:00:00+00:00
2020-02-24 17:00:00+00:00,29917.0,27341.556306868235,24331.34989530958,30351.76271842689,19,2019-08-07 23:00:00+00:00
2020-02-24 18:00:00+00:00,32805.0,30003.554271454406,26968.274560611884,33038.83398229693,20,2019-08-07 23:00:00+00:00
2020-02-24 19:00:00+00:00,34049.0,31316.480166134137,28258.906083592818,34374.05424867546,21,2019-08-07 23:00:00+00:00
2020-02-24 20:00:00+00:00,33358.0,31060.286008208186,27982.870382922923,34137.701633493445,22,2019-08-07 23:00:00+00:00
2020-02-24 21:00:00+00:00,30570.0,29334.097616417934,26239.00936113773,32429.185871698137,23,2019-08-07 23:00:00+00:00
2020-02-24 22:00:00+00:00,27634.0,26938.06508277333,23827.225067495037,30048.905098051622,24,2019-08-07 23:00:00+00:00
2020-02-24 23:00:00+00:00,25813.0,25522.320124204947,24946.416889995133,26098.22335841476,1,2019-08-07 23:00:00+00:00
2020-02-25 00:00:00+00:00,24184.0,23888.532835027163,22834.676960555298,24942.388709499028,2,2019-08-07 23:00:00+00:00
2020-02-25 01:00:00+00:00,23178.0,22838.583145253047,21395.120808478514,24282.04548202758,3,2019-08-07 23:00:00+00:00
2020-02-25 02:00:00+00:00,22868.0,22367.678486994388,20647.258032570673,24088.098941418102,4,2019-08-07 23:00:00+00:00
2020-02-25 03:00:00+00:00,22816.0,22313.229058867775,20377.98753105726,24248.47058667829,5,2019-08-07 23:00:00+00:00
2020-02-25 04:00:00+00:00,23451.0,22859.554711497367,20750.31145534318,24968.797967651553,6,2019-08-07 23:00:00+00:00
2020-02-25 05:00:00+00:00,26037.0,25197.69050084041,22943.90268434712,27451.478317333702,7,2019-08-07 23:00:00+00:00
2020-02-25 06:00:00+00:00,29832.0,28601.62279944561,26225.76316315659,30977.48243573463,8,2019-08-07 23:00:00+00:00
2020-02-25 07:00:00+00:00,31663.0,30441.952684461146,27961.79965203898,32922.105716883314,9,2019-08-07 23:00:00+00:00
2020-02-25 08:00:00+00:00,32898.0,31848.014953843198,29277.994230847093,34418.0356768393,10,2019-08-07 23:00:00+00:00
2020-02-25 09:00:00+00:00,33161.0,32248.35805233474,29600.393748411432,34896.32235625805,11,2019-08-07 23:00:00+00:00
2020-02-25 10:00:00+00:00,33095.0,32099.41247621575,29383.500016648042,34815.324935783465,12,2019-08-07 23:00:00+00:00
2020-02-25 11:00:00+00:00,32794.0,31796.943447246045,29021.55326038305,34572.33363410904,13,2019-08-07 23:00:00+00:00
2020-02-25 12:00:00+00:00,32758.0,31654.58431993414,28826.95679580939,34482.21184405889,14,2019-08-07 23:00:00+00:00
2020-02-25 13:00:00+00:00,31650.0,30745.96475906545,27872.33219061276,33619.59732751814,15,2019-08-07 23:00:00+00:00
2020-02-25 14:00:00+00:00,30829.0,29859.15359039083,26944.911259114386,32773.395921667274,16,2019-08-07 23:00:00+00:00
2020-02-25 15:00:00+00:00,30402.0,29299.04782780611,26348.888569938506,32249.207085673712,17,2019-08-07 23:00:00+00:00
2020-02-25 16:00:00+00:00,30096.0,29070.63025637216,26088.652114066856,32052.60839867746,18,2019-08-07 23:00:00+00:00
2020-02-25 17:00:00+00:00,30370.0,29453.990779098836,26443.784367540182,32464.19719065749,19,2019-08-07 23:00:00+00:00
2020-02-25 18:00:00+00:00,32928.0,32104.20883787135,29068.929127028827,35139.488548713874,20,2019-08-07 23:00:00+00:00
2020-02-25 19:00:00+00:00,34128.0,33243.487067704686,30185.912985163366,36301.06115024601,21,2019-08-07 23:00:00+00:00
2020-02-25 20:00:00+00:00,33372.0,32712.836730233077,29635.421104947814,35790.252355518336,22,2019-08-07 23:00:00+00:00
2020-02-25 21:00:00+00:00,30714.0,30383.696936315242,27288.60868103504,33478.785191595445,23,2019-08-07 23:00:00+00:00
2020-02-25 22:00:00+00:00,27934.0,27705.913547824577,24595.073532546285,30816.75356310287,24,2019-08-07 23:00:00+00:00
2020-02-25 23:00:00+00:00,26027.0,26039.054714087506,25463.15147987769,26614.95794829732,1,2019-08-07 23:00:00+00:00
2020-02-26 00:00:00+00:00,24453.0,24373.54343914958,23319.687564677715,25427.399313621445,2,2019-08-07 23:00:00+00:00
2020-02-26 01:00:00+00:00,23346.0,23299.344941036696,21855.882604262162,24742.80727781123,3,2019-08-07 23:00:00+00:00
2020-02-26 02:00:00+00:00,22986.0,22872.115509934625,21151.69505551091,24592.53596435834,4,2019-08-07 23:00:00+00:00
2020-02-26 03:00:00+00:00,23083.0,22770.857826811258,20835.616299000743,24706.099354621772,5,2019-08-07 23:00:00+00:00
2020-02-26 04:00:00+00:00,23669.0,23288.38425747373,21179.141001319542,25397.627513627915,6,2019-08-07 23:00:00+00:00
2020-02-26 05:00:00+00:00,26288.0,25524.042047879368,23270.254231386076,27777.82986437266,7,2019-08-07 23:00:00+00:00
2020-02-26 06:00:00+00:00,30269.0,28904.911193024283,26529.051556735263,31280.770829313304,8,2019-08-07 23:00:00+00:00
2020-02-26 07:00:00+00:00,32369.0,30662.358693183913,28182.205660761745,33142.511725606084,9,2019-08-07 23:00:00+00:00
2020-02-26 08:00:00+00:00,33397.0,32038.39217683651,29468.371453840406,34608.41289983262,10,2019-08-07 23:00:00+00:00
2020-02-26 09:00:00+00:00,33673.0,32456.935514491037,29808.971210567728,35104.89981841435,11,2019-08-07 23:00:00+00:00
2020-02-26 10:00:00+00:00,33574.0,32365.155085327428,29649.242625759718,35081.06754489514,12,2019-08-07 23:00:00+00:00
2020-02-26 11:00:00+00:00,33252.0,32046.182463781006,29270.792276918008,34821.572650644004,13,2019-08-07 23:00:00+00:00
2020-02-26 12:00:00+00:00,32966.0,31963.947567325704,29136.320043200954,34791.57509145045,14,2019-08-07 23:00:00+00:00
2020-02-26 13:00:00+00:00,31851.0,30996.683762010296,28123.051193557607,33870.316330462985,15,2019-08-07 23:00:00+00:00
2020-02-26 14:00:00+00:00,31153.0,30108.704089055333,27194.46175777889,33022.94642033178,16,2019-08-07 23:00:00+00:00
2020-02-26 15:00:00+00:00,30885.0,29581.462527783002,26631.3032699154,32531.621785650605,17,2019-08-07 23:00:00+00:00
2020-02-26 16:00:00+00:00,30568.0,29322.518503819512,26340.54036151421,32304.496646124815,18,2019-08-07 23:00:00+00:00
2020-02-26 17:00:00+00:00,30584.0,29727.481536929972,26717.275125371318,32737.687948488627,19,2019-08-07 23:00:00+00:00
2020-02-26 18:00:00+00:00,33325.0,32285.521234145548,29250.241523303026,35320.80094498807,20,2019-08-07 23:00:00+00:00
2020-02-26 19:00:00+00:00,34590.0,33419.20008765825,30361.626005116934,36476.77417019958,21,2019-08-07 23:00:00+00:00
2020-02-26 20:00:00+00:00,33725.0,32842.25819883284,29764.842573547576,35919.6738241181,22,2019-08-07 23:00:00+00:00
2020-02-26 21:00:00+00:00,31037.0,30499.809393944906,27404.721138664703,33594.89764922511,23,2019-08-07 23:00:00+00:00
2020-02-26 22:00:00+00:00,28255.0,27843.41581320466,24732.57579792637,30954.255828482954,24,2019-08-07 23:00:00+00:00
2020-02-26 23:00:00+00:00,26554.0,26326.46244910183,25750.559214892015,26902.365683311644,1,2019-08-07 23:00:00+00:00
2020-02-27 00:00:00+00:00,24847.0,24667.020230461647,23613.164355989782,25720.87610493351,2,2019-08-07 23:00:00+00:00
2020-02-27 01:00:00+00:00,23699.0,23552.86427272296,22109.401935948426,24996.326609497493,3,2019-08-07 23:00:00+00:00
2020-02-27 02:00:00+00:00,23324.0,23110.947497745867,21390.527043322152,24831.36795216958,4,2019-08-07 23:00:00+00:00
2020-02-27 03:00:00+00:00,23493.0,23058.82924022414,21123.587712413624,24994.070768034653,5,2019-08-07 23:00:00+00:00
2020-02-27 04:00:00+00:00,24126.0,23563.24221778995,21453.998961635763,25672.485473944136,6,2019-08-07 23:00:00+00:00
2020-02-27 05:00:00+00:00,26808.0,25845.127893974564,23591.340077481273,28098.915710467856,7,2019-08-07 23:00:00+00:00
2020-02-27 06:00:00+00:00,30863.0,29335.912412062396,26960.052775773376,31711.772048351417,8,2019-08-07 23:00:00+00:00
2020-02-27 07:00:00+00:00,32533.0,31190.936472827867,28710.7834404057,33671.089505250035,9,2019-08-07 23:00:00+00:00
2020-02-27 08:00:00+00:00,33365.0,32466.445564457983,29896.424841461878,35036.46628745409,10,2019-08-07 23:00:00+00:00
2020-02-27 09:00:00+00:00,33143.0,32862.402554194356,30214.438250271047,35510.36685811767,11,2019-08-07 23:00:00+00:00
2020-02-27 10:00:00+00:00,32824.0,32754.6249307202,30038.712471152492,35470.537390287915,12,2019-08-07 23:00:00+00:00
2020-02-27 11:00:00+00:00,32750.0,32423.39306848856,29648.00288162556,35198.783255351555,13,2019-08-07 23:00:00+00:00
2020-02-27 12:00:00+00:00,32679.0,32250.249404735234,29422.621880610484,35077.87692885999,14,2019-08-07 23:00:00+00:00
2020-02-27 13:00:00+00:00,31580.0,31256.57281111145,28382.940242658762,34130.20537956414,15,2019-08-07 23:00:00+00:00
2020-02-27 14:00:00+00:00,30914.0,30415.459236341463,27501.21690506502,33329.70156761791,16,2019-08-07 23:00:00+00:00
2020-02-27 15:00:00+00:00,30475.0,29952.55347600805,27002.39421814045,32902.712733875655,17,2019-08-07 23:00:00+00:00
2020-02-27 16:00:00+00:00,30241.0,29678.457828485127,26696.479686179824,32660.43597079043,18,2019-08-07 23:00:00+00:00
2020-02-27 17:00:00+00:00,30352.0,29968.960328430763,26958.75391687211,32979.166739989414,19,2019-08-07 23:00:00+00:00
2020-02-27 18:00:00+00:00,32785.0,32588.246792619942,29552.96708177742,35623.52650346247,20,2019-08-07 23:00:00+00:00
2020-02-27 19:00:00+00:00,33986.0,33749.20918998031,30691.635107438993,36806.783272521636,21,2019-08-07 23:00:00+00:00
2020-02-27 20:00:00+00:00,33209.0,33106.25049522474,30028.834869939477,36183.66612051,22,2019-08-07 23:00:00+00:00
2020-02-27 21:00:00+00:00,30768.0,30709.3612919012,27614.273036620998,33804.44954718141,23,2019-08-07 23:00:00+00:00
2020-02-27 22:00:00+00:00,28108.0,28032.931676101132,24922.09166082284,31143.771691379425,24,2019-08-07 23:00:00+00:00
2020-02-27 23:00:00+00:00,26522.0,26301.520656185057,25725.617421975243,26877.42389039487,1,2019-08-07 23:00:00+00:00
2020-02-28 00:00:00+00:00,24865.0,24615.23097488009,23561.375100408226,25669.086849351956,2,2019-08-07 23:00:00+00:00
2020-02-28 01:00:00+00:00,23720.0,23495.85194493623,22052.389608161695,24939.314281710762,3,2019-08-07 23:00:00+00:00
2020-02-28 02:00:00+00:00,23273.0,23066.991135218173,21346.57068079446,24787.411589641888,4,2019-08-07 23:00:00+00:00
2020-02-28 03:00:00+00:00,23283.0,23067.29630473357,21132.054776923054,25002.537832544083,5,2019-08-07 23:00:00+00:00
2020-02-28 04:00:00+00:00,23924.0,23606.228409591975,21496.98515343779,25715.47166574616,6,2019-08-07 23:00:00+00:00
2020-02-28 05:00:00+00:00,26253.0,25960.087049781523,23706.29923328823,28213.874866274815,7,2019-08-07 23:00:00+00:00
2020-02-28 06:00:00+00:00,29455.0,29545.65900034748,27169.79936405846,31921.5186366365,8,2019-08-07 23:00:00+00:00
2020-02-28 07:00:00+00:00,30926.0,31282.614125044,28802.461092621834,33762.76715746617,9,2019-08-07 23:00:00+00:00
2020-02-28 08:00:00+00:00,32175.0,32462.271825091968,29892.251102095863,35032.29254808807,10,2019-08-07 23:00:00+00:00
2020-02-28 09:00:00+00:00,32347.0,32669.18630752678,30021.22200360347,35317.15061145009,11,2019-08-07 23:00:00+00:00
2020-02-28 10:00:00+00:00,32180.0,32488.46380910498,29772.55134953727,35204.37626867269,12,2019-08-07 23:00:00+00:00
2020-02-28 11:00:00+00:00,31906.0,32252.8036545287,29477.4134676657,35028.193841391694,13,2019-08-07 23:00:00+00:00
2020-02-28 12:00:00+00:00,31684.0,32147.74119423995,29320.1136701152,34975.3687183647,14,2019-08-07 23:00:00+00:00
2020-02-28 13:00:00+00:00,30657.0,31149.079662821558,28275.44709436887,34022.71223127424,15,2019-08-07 23:00:00+00:00
2020-02-28 14:00:00+00:00,29785.0,30341.705775457554,27427.463444181107,33255.948106734,16,2019-08-07 23:00:00+00:00
2020-02-28 15:00:00+00:00,29279.0,29845.62181549204,26895.462557624436,32795.78107335964,17,2019-08-07 23:00:00+00:00
2020-02-28 16:00:00+00:00,28919.0,29599.86359172383,26617.88544941853,32581.841734029134,18,2019-08-07 23:00:00+00:00
2020-02-28 17:00:00+00:00,28926.0,29893.7553415409,26883.548929982244,32903.96175309955,19,2019-08-07 23:00:00+00:00
2020-02-28 18:00:00+00:00,31272.0,32420.671069029366,29385.391358186844,35455.95077987189,20,2019-08-07 23:00:00+00:00
2020-02-28 19:00:00+00:00,32178.0,33574.838456570025,30517.264374028706,36632.41253911135,21,2019-08-07 23:00:00+00:00
2020-02-28 20:00:00+00:00,31771.0,32938.78532925826,29861.369703972996,36016.20095454352,22,2019-08-07 23:00:00+00:00
2020-02-28 21:00:00+00:00,29601.0,30597.29747834334,27502.209223063135,33692.385733623545,23,2019-08-07 23:00:00+00:00
2020-02-28 22:00:00+00:00,27444.0,27954.33617831923,24843.496163040938,31065.176193597523,24,2019-08-07 23:00:00+00:00
2020-02-28 23:00:00+00:00,26178.0,25905.049938947355,25329.14670473754,26480.95317315717,1,2019-08-07 23:00:00+00:00
2020-02-29 00:00:00+00:00,24712.0,24339.506454102753,23285.65057963089,25393.362328574618,2,2019-08-07 23:00:00+00:00
2020-02-29 01:00:00+00:00,23324.0,23235.24515618856,21791.782819414027,24678.707492963094,3,2019-08-07 23:00:00+00:00
2020-02-29 02:00:00+00:00,22717.0,22802.608362588056,21082.187908164342,24523.02881701177,4,2019-08-07 23:00:00+00:00
2020-02-29 03:00:00+00:00,22428.0,22781.341596974453,20846.10006916394,24716.583124784967,5,2019-08-07 23:00:00+00:00
2020-02-29 04:00:00+00:00,22310.0,23348.76881379027,21239.52555763608,25458.01206994446,6,2019-08-07 23:00:00+00:00
2020-02-29 05:00:00+00:00,22895.0,25629.607744741457,23375.819928248166,27883.39556123475,7,2019-08-07 23:00:00+00:00
2020-02-29 06:00:00+00:00,23909.0,28978.91949310577,26603.059856816748,31354.77912939479,8,2019-08-07 23:00:00+00:00
2020-02-29 07:00:00+00:00,25274.0,30647.427652641287,28167.27462021912,33127.580685063454,9,2019-08-07 23:00:00+00:00
2020-02-29 08:00:00+00:00,27946.0,31944.880967064055,29374.86024406795,34514.901690060164,10,2019-08-07 23:00:00+00:00
2020-02-29 09:00:00+00:00,29425.0,32250.506746305502,29602.542442382193,34898.471050228814,11,2019-08-07 23:00:00+00:00
2020-02-29 10:00:00+00:00,29744.0,32117.164064569333,29401.251605001624,34833.07652413705,12,2019-08-07 23:00:00+00:00
2020-02-29 11:00:00+00:00,29508.0,31839.088259899036,29063.698073036037,34614.478446762034,13,2019-08-07 23:00:00+00:00
2020-02-29 12:00:00+00:00,29520.0,31692.758572578285,28865.131048453535,34520.386096703034,14,2019-08-07 23:00:00+00:00
2020-02-29 13:00:00+00:00,28673.0,30715.8880671049,27842.255498652212,33589.52063555759,15,2019-08-07 23:00:00+00:00
2020-02-29 14:00:00+00:00,27383.0,29859.962442780085,26945.720111503637,32774.20477405653,16,2019-08-07 23:00:00+00:00
2020-02-29 15:00:00+00:00,26595.0,29354.43785274533,26404.278594877727,32304.597110612933,17,2019-08-07 23:00:00+00:00
2020-02-29 16:00:00+00:00,26376.0,29071.87349754159,26089.895355236287,32053.851639846893,18,2019-08-07 23:00:00+00:00
2020-02-29 17:00:00+00:00,26731.0,29312.07577544362,26301.869363884965,32322.282187002274,19,2019-08-07 23:00:00+00:00
2020-02-29 18:00:00+00:00,28763.0,31802.239536806137,28766.959825963615,34837.51924764866,20,2019-08-07 23:00:00+00:00
2020-02-29 19:00:00+00:00,29649.0,32861.98514083968,29804.41105829836,35919.559223381,21,2019-08-07 23:00:00+00:00
2020-02-29 20:00:00+00:00,29607.0,32347.385876883574,29269.97025159831,35424.80150216883,22,2019-08-07 23:00:00+00:00
2020-02-29 21:00:00+00:00,28193.0,30096.551637852062,27001.46338257186,33191.63989313227,23,2019-08-07 23:00:00+00:00
2020-02-29 22:00:00+00:00,26209.0,27637.95623553026,24527.116220251966,30748.79625080855,24,2019-08-07 23:00:00+00:00
2020-02-29 23:00:00+00:00,24306.0,24770.42327131295,24194.520037103135,25346.326505522764,1,2019-08-07 23:00:00+00:00
2020-03-01 00:00:00+00:00,22848.0,23240.808444063503,22186.952569591638,24294.664318535368,2,2019-08-07 23:00:00+00:00
2020-03-01 01:00:00+00:00,21638.0,22101.528265386838,20658.065928612305,23544.99060216137,3,2019-08-07 23:00:00+00:00
2020-03-01 02:00:00+00:00,20833.0,21665.23331652151,19944.812862097795,23385.653770945224,4,2019-08-07 23:00:00+00:00
2020-03-01 03:00:00+00:00,20431.0,21592.95819109389,19657.716663283376,23528.199718904405,5,2019-08-07 23:00:00+00:00
2020-03-01 04:00:00+00:00,20616.0,21946.010232559052,19836.766976404862,24055.253488713242,6,2019-08-07 23:00:00+00:00
2020-03-01 05:00:00+00:00,21035.0,23651.46399524718,21397.67617875389,25905.251811740472,7,2019-08-07 23:00:00+00:00
2020-03-01 06:00:00+00:00,21434.0,26238.23726442704,23862.37762813802,28614.09690071606,8,2019-08-07 23:00:00+00:00
2020-03-01 07:00:00+00:00,22076.0,27886.194031209234,25406.040998787066,30366.3470636314,9,2019-08-07 23:00:00+00:00
2020-03-01 08:00:00+00:00,24313.0,29730.83405646695,27160.81333347084,32300.854779463058,10,2019-08-07 23:00:00+00:00
2020-03-01 09:00:00+00:00,26002.0,30528.985564221035,27881.021260297726,33176.949868144344,11,2019-08-07 23:00:00+00:00
2020-03-01 10:00:00+00:00,26754.0,30602.669335535895,27886.756875968185,33318.58179510361,12,2019-08-07 23:00:00+00:00
2020-03-01 11:00:00+00:00,26648.0,30372.904768820765,27597.51458195777,33148.29495568376,13,2019-08-07 23:00:00+00:00
2020-03-01 12:00:00+00:00,27077.0,30333.725848355603,27506.098324230854,33161.35337248036,14,2019-08-07 23:00:00+00:00
2020-03-01 13:00:00+00:00,26791.0,29446.01981526947,26572.38724681678,32319.652383722158,15,2019-08-07 23:00:00+00:00
2020-03-01 14:00:00+00:00,25465.0,28466.289589473807,25552.04725819736,31380.531920750254,16,2019-08-07 23:00:00+00:00
2020-03-01 15:00:00+00:00,24576.0,27886.410988130516,24936.251730262913,30836.57024599812,17,2019-08-07 23:00:00+00:00
2020-03-01 16:00:00+00:00,24265.0,27670.886798590243,24688.90865628494,30652.864940895546,18,2019-08-07 23:00:00+00:00
2020-03-01 17:00:00+00:00,25052.0,28031.82839361058,25021.621982051925,31042.034805169234,19,2019-08-07 23:00:00+00:00
2020-03-01 18:00:00+00:00,27950.0,30413.909800253674,27378.630089411152,33449.1895110962,20,2019-08-07 23:00:00+00:00
2020-03-01 19:00:00+00:00,29592.0,31469.13481806558,28411.56073552426,34526.7089006069,21,2019-08-07 23:00:00+00:00
2020-03-01 20:00:00+00:00,29384.0,31120.46278853252,28043.047163247258,34197.87841381778,22,2019-08-07 23:00:00+00:00
2020-03-01 21:00:00+00:00,28285.0,29172.063410005445,26076.97515472524,32267.151665285648,23,2019-08-07 23:00:00+00:00
2020-03-01 22:00:00+00:00,26502.0,26832.35813326383,23721.51811798554,29943.198148542124,24,2019-08-07 23:00:00+00:00
2020-03-01 23:00:00+00:00,24359.0,24980.14548020618,24404.242245996367,25556.048714415996,1,2019-08-07 23:00:00+00:00
2020-03-02 00:00:00+00:00,22644.0,23447.799241433502,22393.943366961637,24501.655115905367,2,2019-08-07 23:00:00+00:00
2020-03-02 01:00:00+00:00,21709.0,22304.537133841142,20861.07479706661,23747.999470615676,3,2019-08-07 23:00:00+00:00
2020-03-02 02:00:00+00:00,21432.0,21740.083627762408,20019.663173338693,23460.504082186122,4,2019-08-07 23:00:00+00:00
2020-03-02 03:00:00+00:00,21573.0,21566.400408239308,19631.158880428793,23501.641936049822,5,2019-08-07 23:00:00+00:00
2020-03-02 04:00:00+00:00,22336.0,21937.896180724514,19828.652924570328,24047.1394368787,6,2019-08-07 23:00:00+00:00
2020-03-02 05:00:00+00:00,25463.0,23412.863335336726,21159.075518843434,25666.651151830018,7,2019-08-07 23:00:00+00:00
2020-03-02 06:00:00+00:00,29200.0,25552.080173867053,23176.220537578032,27927.939810156073,8,2019-08-07 23:00:00+00:00
2020-03-02 07:00:00+00:00,31353.0,26876.96412718019,24396.81109475802,29357.117159602356,9,2019-08-07 23:00:00+00:00
2020-03-02 08:00:00+00:00,32759.0,28643.18262921302,26073.161906216916,31213.203352209126,10,2019-08-07 23:00:00+00:00
2020-03-02 09:00:00+00:00,33539.0,29578.438176063057,26930.473872139748,32226.402479986366,11,2019-08-07 23:00:00+00:00
2020-03-02 10:00:00+00:00,33390.0,29816.243237923572,27100.330778355863,32532.155697491282,12,2019-08-07 23:00:00+00:00
2020-03-02 11:00:00+00:00,33417.0,29610.990137765762,26835.599950902768,32386.380324628757,13,2019-08-07 23:00:00+00:00
2020-03-02 12:00:00+00:00,33292.0,29708.1612854151,26880.53376129035,32535.78880953985,14,2019-08-07 23:00:00+00:00
2020-03-02 13:00:00+00:00,32143.0,29008.50090302135,26134.868334568662,31882.13347147404,15,2019-08-07 23:00:00+00:00
2020-03-02 14:00:00+00:00,31420.0,27958.537408921937,25044.29507764549,30872.779740198384,16,2019-08-07 23:00:00+00:00
2020-03-02 15:00:00+00:00,30818.0,27298.788563544498,24348.629305676895,30248.9478214121,17,2019-08-07 23:00:00+00:00
2020-03-02 16:00:00+00:00,30579.0,27033.25269334215,24051.274551036848,30015.230835647453,18,2019-08-07 23:00:00+00:00
2020-03-02 17:00:00+00:00,30885.0,27533.680644620494,24523.47423306184,30543.88705617915,19,2019-08-07 23:00:00+00:00
2020-03-02 18:00:00+00:00,33246.0,30169.35954209122,27134.0798312487,33204.639252933746,20,2019-08-07 23:00:00+00:00
2020-03-02 19:00:00+00:00,34548.0,31462.00775566609,28404.43367312477,34519.581838207414,21,2019-08-07 23:00:00+00:00
2020-03-02 20:00:00+00:00,33501.0,31078.805967132696,28001.390341847433,34156.221592417955,22,2019-08-07 23:00:00+00:00
2020-03-02 21:00:00+00:00,30950.0,29298.59441635293,26203.506161072728,32393.682671633134,23,2019-08-07 23:00:00+00:00
2020-03-02 22:00:00+00:00,28059.0,27064.207460582526,23953.367445304233,30175.047475860818,24,2019-08-07 23:00:00+00:00
2020-03-02 23:00:00+00:00,26201.0,25882.565459733836,25306.66222552402,26458.46869394365,1,2019-08-07 23:00:00+00:00
2020-03-03 00:00:00+00:00,24607.0,24135.36159434163,23081.505719869765,25189.217468813495,2,2019-08-07 23:00:00+00:00
2020-03-03 01:00:00+00:00,23619.0,23036.754263355913,21593.29192658138,24480.216600130447,3,2019-08-07 23:00:00+00:00
2020-03-03 02:00:00+00:00,23260.0,22590.027861249346,20869.60740682563,24310.44831567306,4,2019-08-07 23:00:00+00:00
2020-03-03 03:00:00+00:00,23274.0,22543.298990858577,20608.057463048062,24478.54051866909,5,2019-08-07 23:00:00+00:00
2020-03-03 04:00:00+00:00,23846.0,23061.76189065156,20952.51863449737,25171.00514680575,6,2019-08-07 23:00:00+00:00
2020-03-03 05:00:00+00:00,26705.0,25344.569359496585,23090.781543003293,27598.357175989877,7,2019-08-07 23:00:00+00:00
2020-03-03 06:00:00+00:00,30842.0,28434.805375267395,26058.945738978375,30810.665011556415,8,2019-08-07 23:00:00+00:00
2020-03-03 07:00:00+00:00,33267.0,30186.513384153815,27706.360351731648,32666.666416575983,9,2019-08-07 23:00:00+00:00
2020-03-03 08:00:00+00:00,34482.0,31681.669054240745,29111.648331244636,34251.689777236854,10,2019-08-07 23:00:00+00:00
2020-03-03 09:00:00+00:00,34712.0,32354.887593838477,29706.92328991517,35002.851897761786,11,2019-08-07 23:00:00+00:00
2020-03-03 10:00:00+00:00,34789.0,32305.012051278438,29589.09959171073,35020.92451084615,12,2019-08-07 23:00:00+00:00
2020-03-03 11:00:00+00:00,34579.0,32134.267978729265,29358.87779186627,34909.658165592264,13,2019-08-07 23:00:00+00:00
2020-03-03 12:00:00+00:00,34261.0,32048.822070110007,29221.194545985258,34876.44959423476,14,2019-08-07 23:00:00+00:00
2020-03-03 13:00:00+00:00,33071.0,31066.712894717464,28193.080326264775,33940.34546317015,15,2019-08-07 23:00:00+00:00
2020-03-03 14:00:00+00:00,32221.0,30177.540041505144,27263.297710228697,33091.78237278159,16,2019-08-07 23:00:00+00:00
2020-03-03 15:00:00+00:00,31514.0,29571.690985810485,26621.531727942882,32521.850243678087,17,2019-08-07 23:00:00+00:00
2020-03-03 16:00:00+00:00,31315.0,29306.715517599026,26324.737375293724,32288.69365990433,18,2019-08-07 23:00:00+00:00
2020-03-03 17:00:00+00:00,31304.0,29651.0462774497,26640.839865891045,32661.252689008354,19,2019-08-07 23:00:00+00:00
2020-03-03 18:00:00+00:00,33688.0,32108.387210422065,29073.107499579542,35143.66692126459,20,2019-08-07 23:00:00+00:00
2020-03-03 19:00:00+00:00,34965.0,33305.593819729074,30248.019737187755,36363.1679022704,21,2019-08-07 23:00:00+00:00
2020-03-03 20:00:00+00:00,33910.0,32626.062542469626,29548.646917184364,35703.47816775489,22,2019-08-07 23:00:00+00:00
2020-03-03 21:00:00+00:00,31371.0,30392.862235166263,27297.77397988606,33487.95049044647,23,2019-08-07 23:00:00+00:00
2020-03-03 22:00:00+00:00,28475.0,27801.467541490936,24690.627526212644,30912.30755676923,24,2019-08-07 23:00:00+00:00
2020-03-03 23:00:00+00:00,26481.0,26506.68200826283,25930.778774053015,27082.585242472644,1,2019-08-07 23:00:00+00:00
2020-03-04 00:00:00+00:00,24872.0,24814.845159182172,23760.989284710307,25868.701033654037,2,2019-08-07 23:00:00+00:00
2020-03-04 01:00:00+00:00,23939.0,23709.167323829934,22265.7049870554,25152.629660604467,3,2019-08-07 23:00:00+00:00
2020-03-04 02:00:00+00:00,23552.0,23245.892477032015,21525.4720226083,24966.31293145573,4,2019-08-07 23:00:00+00:00
2020-03-04 03:00:00+00:00,23449.0,23169.08837052778,21233.846842717267,25104.329898338296,5,2019-08-07 23:00:00+00:00
2020-03-04 04:00:00+00:00,24139.0,23641.950189500585,21532.706933346395,25751.193445654775,6,2019-08-07 23:00:00+00:00
2020-03-04 05:00:00+00:00,26787.0,25927.064255845355,23673.276439352063,28180.852072338646,7,2019-08-07 23:00:00+00:00
2020-03-04 06:00:00+00:00,30650.0,29236.051835660226,26860.192199371206,31611.911471949246,8,2019-08-07 23:00:00+00:00
2020-03-04 07:00:00+00:00,32594.0,31129.901462088266,28649.7484296661,33610.054494510434,9,2019-08-07 23:00:00+00:00
2020-03-04 08:00:00+00:00,33578.0,32539.031419813862,29969.010696817757,35109.05214280997,10,2019-08-07 23:00:00+00:00
2020-03-04 09:00:00+00:00,33721.0,33021.69817769486,30373.73387377155,35669.66248161817,11,2019-08-07 23:00:00+00:00
2020-03-04 10:00:00+00:00,33552.0,33035.51799135882,30319.605531791112,35751.430450926535,12,2019-08-07 23:00:00+00:00
2020-03-04 11:00:00+00:00,33339.0,32799.08193593117,30023.691749068177,35574.47212279417,13,2019-08-07 23:00:00+00:00
2020-03-04 12:00:00+00:00,33125.0,32634.290899266707,29806.663375141958,35461.91842339146,14,2019-08-07 23:00:00+00:00
2020-03-04 13:00:00+00:00,32063.0,31611.91263311103,28738.280064658342,34485.54520156372,15,2019-08-07 23:00:00+00:00
2020-03-04 14:00:00+00:00,31401.0,30693.513917148808,27779.27158587236,33607.756248425256,16,2019-08-07 23:00:00+00:00
2020-03-04 15:00:00+00:00,30903.0,30046.224067666313,27096.06480979871,32996.38332553392,17,2019-08-07 23:00:00+00:00
2020-03-04 16:00:00+00:00,30716.0,29795.0831121284,26813.104969823096,32777.0612544337,18,2019-08-07 23:00:00+00:00
2020-03-04 17:00:00+00:00,30662.0,30016.6622791184,27006.455867559747,33026.86869067705,19,2019-08-07 23:00:00+00:00
2020-03-04 18:00:00+00:00,33150.0,32466.753709989305,29431.473999146783,35502.03342083183,20,2019-08-07 23:00:00+00:00
2020-03-04 19:00:00+00:00,34632.0,33664.83624185341,30607.26215931209,36722.41032439473,21,2019-08-07 23:00:00+00:00
2020-03-04 20:00:00+00:00,33688.0,32933.20197686112,29855.786351575858,36010.61760214638,22,2019-08-07 23:00:00+00:00
2020-03-04 21:00:00+00:00,30927.0,30661.509641452474,27566.42138617227,33756.59789673268,23,2019-08-07 23:00:00+00:00
2020-03-04 22:00:00+00:00,28038.0,28027.933460482738,24917.093445204446,31138.77347576103,24,2019-08-07 23:00:00+00:00
